ISO-10303-21;
HEADER;
FILE_DESCRIPTION (( 'STEP AP214' ),
    '1' );
FILE_NAME ('NHD-C12864A1Z-FSW-FBW-HTT.STEP',
    '2017-09-18T20:47:38',
    ( '' ),
    ( '' ),
    'SwSTEP 2.0',
    'SolidWorks 2017',
    '' );
FILE_SCHEMA (( 'AUTOMOTIVE_DESIGN' ));
ENDSEC;

DATA;
#1 = PRESENTATION_LAYER_ASSIGNMENT (  '', '', ( #4566 ) ) ;
#2 = VECTOR ( 'NONE', #5487, 1000.000000000000000 ) ;
#3 = AXIS2_PLACEMENT_3D ( 'NONE', #1131, #5080, #1710 ) ;
#4 = CLOSED_SHELL ( 'NONE', ( #4538, #1684, #892, #4622 ) ) ;
#5 = EDGE_CURVE ( 'NONE', #6950, #384, #1233, .T. ) ;
#6 = MECHANICAL_DESIGN_GEOMETRIC_PRESENTATION_REPRESENTATION (  '', ( #6200 ), #400 ) ;
#7 = VECTOR ( 'NONE', #2959, 1000.000000000000000 ) ;
#8 = DIRECTION ( 'NONE',  ( 0.0000000000000000000, 0.0000000000000000000, -1.000000000000000000 ) ) ;
#9 = DIRECTION ( 'NONE',  ( 0.0000000000000000000, 0.0000000000000000000, -1.000000000000000000 ) ) ;
#10 = EDGE_LOOP ( 'NONE', ( #5898, #2726, #1111, #6151 ) ) ;
#11 = CARTESIAN_POINT ( 'NONE',  ( -28.49999999999998200, -24.00000000000000000, -0.7999999999999999300 ) ) ;
#12 = ORIENTED_EDGE ( 'NONE', *, *, #4406, .T. ) ;
#13 = EDGE_CURVE ( 'NONE', #1547, #3233, #4229, .T. ) ;
#14 =( GEOMETRIC_REPRESENTATION_CONTEXT ( 3 ) GLOBAL_UNCERTAINTY_ASSIGNED_CONTEXT ( ( #4934 ) ) GLOBAL_UNIT_ASSIGNED_CONTEXT ( ( #2696, #6649, #3253 ) ) REPRESENTATION_CONTEXT ( 'NONE', 'WORKASPACE' ) );
#15 = DIRECTION ( 'NONE',  ( -1.000000000000000000, 0.0000000000000000000, 0.0000000000000000000 ) ) ;
#16 = PLANE ( 'NONE',  #1351 ) ;
#17 = ORIENTED_EDGE ( 'NONE', *, *, #5343, .T. ) ;
#18 = FILL_AREA_STYLE ('',( #1142 ) ) ;
#19 = ORIENTED_EDGE ( 'NONE', *, *, #4721, .F. ) ;
#20 = ORIENTED_EDGE ( 'NONE', *, *, #6477, .T. ) ;
#21 = COLOUR_RGB ( '',1.000000000000000000, 1.000000000000000000, 1.000000000000000000 ) ;
#22 =( NAMED_UNIT ( * ) SI_UNIT ( $, .STERADIAN. ) SOLID_ANGLE_UNIT ( ) );
#23 = AXIS2_PLACEMENT_3D ( 'NONE', #1106, #1660, #2264 ) ;
#24 = AXIS2_PLACEMENT_3D ( 'NONE', #551, #658, #4320 ) ;
#25 = EDGE_CURVE ( 'NONE', #2381, #1278, #5553, .T. ) ;
#26 = EDGE_CURVE ( 'NONE', #6949, #5810, #2544, .T. ) ;
#27 = CARTESIAN_POINT ( 'NONE',  ( -16.00000000000000000, -24.00000000000000000, -0.7999999999999999300 ) ) ;
#28 = PRESENTATION_LAYER_ASSIGNMENT (  '', '', ( #6604 ) ) ;
#29 = SURFACE_STYLE_USAGE ( .BOTH. , #2286 ) ;
#30 = DIRECTION ( 'NONE',  ( 1.000000000000000000, -2.701009694008263800E-016, 0.0000000000000000000 ) ) ;
#31 = ORIENTED_EDGE ( 'NONE', *, *, #6090, .T. ) ;
#32 = LINE ( 'NONE', #6422, #4376 ) ;
#33 =( NAMED_UNIT ( * ) SI_UNIT ( $, .STERADIAN. ) SOLID_ANGLE_UNIT ( ) );
#34 = ADVANCED_FACE ( 'NONE', ( #1043 ), #404, .T. ) ;
#35 = CARTESIAN_POINT ( 'NONE',  ( 24.50499999999999200, -28.19999999999999600, 0.2000000000000000900 ) ) ;
#36 = DIRECTION ( 'NONE',  ( -0.0000000000000000000, 0.0000000000000000000, -1.000000000000000000 ) ) ;
#37 = PRESENTATION_LAYER_ASSIGNMENT (  '', '', ( #436 ) ) ;
#38 = EDGE_LOOP ( 'NONE', ( #832, #2154, #4492, #743 ) ) ;
#39 = DIRECTION ( 'NONE',  ( 0.0000000000000000000, -1.000000000000000000, 0.0000000000000000000 ) ) ;
#40 = EDGE_CURVE ( 'NONE', #6101, #1547, #3869, .T. ) ;
#41 = DIRECTION ( 'NONE',  ( -1.000000000000000000, 0.0000000000000000000, -0.0000000000000000000 ) ) ;
#42 = DIRECTION ( 'NONE',  ( 0.0000000000000000000, -0.0000000000000000000, -1.000000000000000000 ) ) ;
#43 =( GEOMETRIC_REPRESENTATION_CONTEXT ( 3 ) GLOBAL_UNCERTAINTY_ASSIGNED_CONTEXT ( ( #5201 ) ) GLOBAL_UNIT_ASSIGNED_CONTEXT ( ( #4208, #824, #4789 ) ) REPRESENTATION_CONTEXT ( 'NONE', 'WORKASPACE' ) );
#44 = DIRECTION ( 'NONE',  ( 0.0000000000000000000, 0.0000000000000000000, 1.000000000000000000 ) ) ;
#45 = ORIENTED_EDGE ( 'NONE', *, *, #5085, .T. ) ;
#46 = SURFACE_STYLE_FILL_AREA ( #2808 ) ;
#47 = ORIENTED_EDGE ( 'NONE', *, *, #6219, .T. ) ;
#48 = CARTESIAN_POINT ( 'NONE',  ( 28.99999999999998600, -24.00000000000000000, -0.7999999999999999300 ) ) ;
#49 = LINE ( 'NONE', #6995, #4212 ) ;
#50 = DIRECTION ( 'NONE',  ( -0.0000000000000000000, -0.0000000000000000000, -1.000000000000000000 ) ) ;
#51 = ORIENTED_EDGE ( 'NONE', *, *, #5595, .F. ) ;
#52 = EDGE_CURVE ( 'NONE', #6006, #6642, #6879, .T. ) ;
#53 = LINE ( 'NONE', #4944, #4392 ) ;
#54 = LINE ( 'NONE', #4106, #4393 ) ;
#55 = DIRECTION ( 'NONE',  ( 0.0000000000000000000, -0.0000000000000000000, 1.000000000000000000 ) ) ;
#56 = CARTESIAN_POINT ( 'NONE',  ( -38.99999999999999300, -22.54999999999999700, 4.850000000000000500 ) ) ;
#57 = VECTOR ( 'NONE', #2371, 1000.000000000000000 ) ;
#58 = VERTEX_POINT ( 'NONE', #2140 ) ;
#59 = DIRECTION ( 'NONE',  ( -0.0000000000000000000, 0.0000000000000000000, -1.000000000000000000 ) ) ;
#60 = DIRECTION ( 'NONE',  ( 0.0000000000000000000, 0.0000000000000000000, -1.000000000000000000 ) ) ;
#61 = ORIENTED_EDGE ( 'NONE', *, *, #688, .F. ) ;
#62 = CARTESIAN_POINT ( 'NONE',  ( -25.01499999999999000, -28.19999999999999600, 0.2000000000000000900 ) ) ;
#63 = SURFACE_SIDE_STYLE ('',( #5113 ) ) ;
#64 = MECHANICAL_DESIGN_GEOMETRIC_PRESENTATION_REPRESENTATION (  '', ( #5861 ), #459 ) ;
#65 = VERTEX_POINT ( 'NONE', #6050 ) ;
#66 = CARTESIAN_POINT ( 'NONE',  ( -7.000000000000000900, -22.83165912649420900, 3.800000000159908800 ) ) ;
#67 = FACE_OUTER_BOUND ( 'NONE', #6738, .T. ) ;
#68 =( NAMED_UNIT ( * ) SI_UNIT ( $, .STERADIAN. ) SOLID_ANGLE_UNIT ( ) );
#69 = ORIENTED_EDGE ( 'NONE', *, *, #2438, .F. ) ;
#70 = ORIENTED_EDGE ( 'NONE', *, *, #655, .T. ) ;
#71 = CARTESIAN_POINT ( 'NONE',  ( -40.00000000000000700, 12.00000000000000400, 4.850000000000000500 ) ) ;
#72 = CARTESIAN_POINT ( 'NONE',  ( 7.000000000000000000, -23.16202887258642600, -0.9127674319942440400 ) ) ;
#73 = STYLED_ITEM ( 'NONE', ( #5035 ), #1162 ) ;
#74 = CARTESIAN_POINT ( 'NONE',  ( 39.00000000000000000, 26.99999999999999300, -2.149999999999999900 ) ) ;
#75 = CARTESIAN_POINT ( 'NONE',  ( -50.00000000000000700, 17.20000000000001700, -0.6500000000000008000 ) ) ;
#76 = VERTEX_POINT ( 'NONE', #6024 ) ;
#77 = SURFACE_STYLE_FILL_AREA ( #2141 ) ;
#78 = PRESENTATION_STYLE_ASSIGNMENT (( #942 ) ) ;
#79 = COLOUR_RGB ( '',0.0000000000000000000, 0.0000000000000000000, 0.0000000000000000000 ) ;
#80 = ORIENTED_EDGE ( 'NONE', *, *, #4948, .T. ) ;
#81 = ADVANCED_FACE ( 'NONE', ( #2376 ), #1694, .T. ) ;
#82 = UNCERTAINTY_MEASURE_WITH_UNIT (LENGTH_MEASURE( 1.000000000000000100E-005 ), #7258, 'distance_accuracy_value', 'NONE');
#83 = LINE ( 'NONE', #5899, #2911 ) ;
#84 =( NAMED_UNIT ( * ) PLANE_ANGLE_UNIT ( ) SI_UNIT ( $, .RADIAN. ) );
#85 = CARTESIAN_POINT ( 'NONE',  ( -50.00000000000000700, 23.20000000000001700, -0.6500000000000000200 ) ) ;
#86 = AXIS2_PLACEMENT_3D ( 'NONE', #1184, #4100, #4673 ) ;
#87 = CARTESIAN_POINT ( 'NONE',  ( -27.29999999999999000, -28.19999999999999600, 0.2000000000000000900 ) ) ;
#88 = LINE ( 'NONE', #2078, #4420 ) ;
#89 = EDGE_CURVE ( 'NONE', #1439, #6851, #3165, .T. ) ;
#90 = VERTEX_POINT ( 'NONE', #2717 ) ;
#91 = COLOUR_RGB ( '',1.000000000000000000, 1.000000000000000000, 1.000000000000000000 ) ;
#92 = FILL_AREA_STYLE ('',( #587 ) ) ;
#93 = SURFACE_STYLE_USAGE ( .BOTH. , #6856 ) ;
#94 = DIRECTION ( 'NONE',  ( 0.0000000000000000000, 0.0000000000000000000, -1.000000000000000000 ) ) ;
#95 = EDGE_CURVE ( 'NONE', #2806, #3621, #175, .T. ) ;
#96 = DIRECTION ( 'NONE',  ( 1.000000000000000000, 0.0000000000000000000, -0.0000000000000000000 ) ) ;
#97 = SURFACE_SIDE_STYLE ('',( #841 ) ) ;
#98 = PLANE ( 'NONE',  #837 ) ;
#99 = ORIENTED_EDGE ( 'NONE', *, *, #879, .T. ) ;
#100 = EDGE_CURVE ( 'NONE', #469, #4143, #4708, .T. ) ;
#101 = SURFACE_STYLE_USAGE ( .BOTH. , #7025 ) ;
#102 =( NAMED_UNIT ( * ) PLANE_ANGLE_UNIT ( ) SI_UNIT ( $, .RADIAN. ) );
#103 = VECTOR ( 'NONE', #1961, 1000.000000000000000 ) ;
#104 = UNCERTAINTY_MEASURE_WITH_UNIT (LENGTH_MEASURE( 1.000000000000000100E-005 ), #6337, 'distance_accuracy_value', 'NONE');
#105 = LINE ( 'NONE', #5348, #3089 ) ;
#106 = STYLED_ITEM ( 'NONE', ( #2906 ), #1609 ) ;
#107 = LINE ( 'NONE', #4005, #1622 ) ;
#108 = SURFACE_STYLE_USAGE ( .BOTH. , #5132 ) ;
#109 = EDGE_LOOP ( 'NONE', ( #3673, #1460, #277, #3947 ) ) ;
#110 = ORIENTED_EDGE ( 'NONE', *, *, #1028, .T. ) ;
#111 = EDGE_LOOP ( 'NONE', ( #2619, #4366, #7001, #3438 ) ) ;
#112 = COLOUR_RGB ( '',0.5019607843137254800, 0.5019607843137254800, 1.000000000000000000 ) ;
#113 = FILL_AREA_STYLE_COLOUR ( '', #225 ) ;
#114 = CARTESIAN_POINT ( 'NONE',  ( -38.89999999999999100, -24.60000000000000100, 3.799999999999999800 ) ) ;
#115 = DIRECTION ( 'NONE',  ( -0.0000000000000000000, 1.000000000000000000, -0.0000000000000000000 ) ) ;
#116 = ORIENTED_EDGE ( 'NONE', *, *, #3876, .F. ) ;
#117 = FILL_AREA_STYLE ('',( #3482 ) ) ;
#118 = FILL_AREA_STYLE ('',( #6399 ) ) ;
#119 = ORIENTED_EDGE ( 'NONE', *, *, #3021, .F. ) ;
#120 =( NAMED_UNIT ( * ) PLANE_ANGLE_UNIT ( ) SI_UNIT ( $, .RADIAN. ) );
#121 =( NAMED_UNIT ( * ) SI_UNIT ( $, .STERADIAN. ) SOLID_ANGLE_UNIT ( ) );
#122 =( LENGTH_UNIT ( ) NAMED_UNIT ( * ) SI_UNIT ( .MILLI., .METRE. ) );
#123 = DIRECTION ( 'NONE',  ( -0.0000000000000000000, -0.0000000000000000000, 1.000000000000000000 ) ) ;
#124 = SURFACE_STYLE_FILL_AREA ( #848 ) ;
#125 = AXIS2_PLACEMENT_3D ( 'NONE', #859, #1534, #1089 ) ;
#126 = EDGE_CURVE ( 'NONE', #4171, #6823, #4520, .T. ) ;
#127 = CARTESIAN_POINT ( 'NONE',  ( 7.000000000000000000, -27.80484785924798500, 1.237233028282289600 ) ) ;
#128 = CARTESIAN_POINT ( 'NONE',  ( -7.000000000000000000, -25.08217218155194300, -1.216519988065951200 ) ) ;
#129 = PRESENTATION_STYLE_ASSIGNMENT (( #1572 ) ) ;
#130 = ORIENTED_EDGE ( 'NONE', *, *, #5207, .T. ) ;
#131 = VERTEX_POINT ( 'NONE', #6714 ) ;
#132 = CARTESIAN_POINT ( 'NONE',  ( -19.67999999999998900, -28.19999999999999900, -13.29999999999999900 ) ) ;
#133 = AXIS2_PLACEMENT_3D ( 'NONE', #3911, #1082, #4460 ) ;
#134 = DIRECTION ( 'NONE',  ( 0.0000000000000000000, -0.0000000000000000000, 1.000000000000000000 ) ) ;
#135 = VECTOR ( 'NONE', #707, 1000.000000000000000 ) ;
#136 =( NAMED_UNIT ( * ) SI_UNIT ( $, .STERADIAN. ) SOLID_ANGLE_UNIT ( ) );
#137 = CARTESIAN_POINT ( 'NONE',  ( -32.37999999999998800, -28.19999999999999600, -13.29999999999999900 ) ) ;
#138 = UNCERTAINTY_MEASURE_WITH_UNIT (LENGTH_MEASURE( 1.000000000000000100E-005 ), #889, 'distance_accuracy_value', 'NONE');
#139 = CARTESIAN_POINT ( 'NONE',  ( -39.00000000000000000, -4.999999999999984000, 0.0000000000000000000 ) ) ;
#140 = VERTEX_POINT ( 'NONE', #1590 ) ;
#141 = FACE_OUTER_BOUND ( 'NONE', #1088, .T. ) ;
#142 = CYLINDRICAL_SURFACE ( 'NONE', #3489, 0.5000000000000004400 ) ;
#143 = DIRECTION ( 'NONE',  ( 0.0000000000000000000, 0.0000000000000000000, -1.000000000000000000 ) ) ;
#144 =( GEOMETRIC_REPRESENTATION_CONTEXT ( 3 ) GLOBAL_UNCERTAINTY_ASSIGNED_CONTEXT ( ( #3092 ) ) GLOBAL_UNIT_ASSIGNED_CONTEXT ( ( #6771, #1709, #3392 ) ) REPRESENTATION_CONTEXT ( 'NONE', 'WORKASPACE' ) );
#145 = SURFACE_STYLE_USAGE ( .BOTH. , #3117 ) ;
#146 = EDGE_CURVE ( 'NONE', #1958, #6607, #5814, .T. ) ;
#147 = SURFACE_STYLE_FILL_AREA ( #2637 ) ;
#148 = CARTESIAN_POINT ( 'NONE',  ( 29.58499999999999400, -28.19999999999999600, -13.29999999999999900 ) ) ;
#149 = PRESENTATION_LAYER_ASSIGNMENT (  '', '', ( #7098 ) ) ;
#150 = DIRECTION ( 'NONE',  ( 1.000000000000000000, 0.0000000000000000000, 0.0000000000000000000 ) ) ;
#151 = FACE_OUTER_BOUND ( 'NONE', #6634, .T. ) ;
#152 =( NAMED_UNIT ( * ) SI_UNIT ( $, .STERADIAN. ) SOLID_ANGLE_UNIT ( ) );
#153 = CLOSED_SHELL ( 'NONE', ( #4455, #5706, #5460, #635, #528, #2755, #7208, #7040, #6217, #5981 ) ) ;
#154 = ADVANCED_FACE ( 'NONE', ( #3004 ), #2308, .F. ) ;
#155 = ORIENTED_EDGE ( 'NONE', *, *, #5501, .F. ) ;
#156 = CIRCLE ( 'NONE', #5411, 1.000000000000000900 ) ;
#157 = VERTEX_POINT ( 'NONE', #4263 ) ;
#158 = FILL_AREA_STYLE ('',( #1285 ) ) ;
#159 = VERTEX_POINT ( 'NONE', #872 ) ;
#160 = DIRECTION ( 'NONE',  ( 0.0000000000000000000, 0.0000000000000000000, -1.000000000000000000 ) ) ;
#161 = CARTESIAN_POINT ( 'NONE',  ( 39.00000000000000000, 22.70000000000000600, -0.6500000000000000200 ) ) ;
#162 = CARTESIAN_POINT ( 'NONE',  ( 38.89999999999999900, -24.17999999999999300, -0.5999999999999999800 ) ) ;
#163 = FILL_AREA_STYLE_COLOUR ( '', #6499 ) ;
#164 = VECTOR ( 'NONE', #4977, 1000.000000000000000 ) ;
#165 = MANIFOLD_SOLID_BREP ( 'Boss-Extrude7[7]', #1896 ) ;
#166 = EDGE_CURVE ( 'NONE', #1118, #4546, #5304, .T. ) ;
#167 = EDGE_CURVE ( 'NONE', #2122, #6450, #974, .T. ) ;
#168 = DIRECTION ( 'NONE',  ( 1.000000000000000000, 0.0000000000000000000, -0.0000000000000000000 ) ) ;
#169 = DIRECTION ( 'NONE',  ( 0.0000000000000000000, 0.0000000000000000000, -1.000000000000000000 ) ) ;
#170 = LINE ( 'NONE', #5584, #2999 ) ;
#171 = CARTESIAN_POINT ( 'NONE',  ( 39.99999999999998600, 22.20000000000000300, -5.350000000000000500 ) ) ;
#172 = PRESENTATION_LAYER_ASSIGNMENT (  '', '', ( #7114 ) ) ;
#173 = FACE_OUTER_BOUND ( 'NONE', #1346, .T. ) ;
#174 = FILL_AREA_STYLE_COLOUR ( '', #6831 ) ;
#175 = LINE ( 'NONE', #3275, #5982 ) ;
#176 =( NAMED_UNIT ( * ) PLANE_ANGLE_UNIT ( ) SI_UNIT ( $, .RADIAN. ) );
#177 = ORIENTED_EDGE ( 'NONE', *, *, #3021, .T. ) ;
#178 =( LENGTH_UNIT ( ) NAMED_UNIT ( * ) SI_UNIT ( .MILLI., .METRE. ) );
#179 = PRESENTATION_LAYER_ASSIGNMENT (  '', '', ( #6753 ) ) ;
#180 = LINE ( 'NONE', #2634, #3171 ) ;
#181 = MECHANICAL_DESIGN_GEOMETRIC_PRESENTATION_REPRESENTATION (  '', ( #2462 ), #5979 ) ;
#182 = ORIENTED_EDGE ( 'NONE', *, *, #425, .F. ) ;
#183 = COLOUR_RGB ( '',0.0000000000000000000, 0.0000000000000000000, 0.0000000000000000000 ) ;
#184 = FILL_AREA_STYLE ('',( #1329 ) ) ;
#185 = DIRECTION ( 'NONE',  ( -0.0000000000000000000, -0.0000000000000000000, -1.000000000000000000 ) ) ;
#186 =( NAMED_UNIT ( * ) PLANE_ANGLE_UNIT ( ) SI_UNIT ( $, .RADIAN. ) );
#187 = VECTOR ( 'NONE', #5767, 1000.000000000000000 ) ;
#188 = CARTESIAN_POINT ( 'NONE',  ( 29.83999999999999300, -28.19999999999999600, -13.29999999999999900 ) ) ;
#189 = ORIENTED_EDGE ( 'NONE', *, *, #4989, .F. ) ;
#190 = EDGE_LOOP ( 'NONE', ( #2549, #4213, #5045, #7214 ) ) ;
#191 = VERTEX_POINT ( 'NONE', #894 ) ;
#192 = CARTESIAN_POINT ( 'NONE',  ( 39.99999999999999300, 23.44999999999998900, 4.850000000000000500 ) ) ;
#193 = PRESENTATION_STYLE_ASSIGNMENT (( #338 ) ) ;
#194 = SURFACE_SIDE_STYLE ('',( #5367 ) ) ;
#195 = UNCERTAINTY_MEASURE_WITH_UNIT (LENGTH_MEASURE( 1.000000000000000100E-005 ), #1055, 'distance_accuracy_value', 'NONE');
#196 = DIRECTION ( 'NONE',  ( 3.661685437418064500E-016, 1.000000000000000000, -0.0000000000000000000 ) ) ;
#197 = ORIENTED_EDGE ( 'NONE', *, *, #4462, .T. ) ;
#198 = VERTEX_POINT ( 'NONE', #3718 ) ;
#199 = FILL_AREA_STYLE ('',( #763 ) ) ;
#200 = FILL_AREA_STYLE_COLOUR ( '', #7058 ) ;
#201 = VECTOR ( 'NONE', #2303, 1000.000000000000000 ) ;
#202 = DIRECTION ( 'NONE',  ( -1.000000000000000000, 0.0000000000000000000, 0.0000000000000000000 ) ) ;
#203 =( LENGTH_UNIT ( ) NAMED_UNIT ( * ) SI_UNIT ( .MILLI., .METRE. ) );
#204 = VECTOR ( 'NONE', #5792, 1000.000000000000000 ) ;
#205 = DIRECTION ( 'NONE',  ( -1.000000000000000000, 0.0000000000000000000, 0.0000000000000000000 ) ) ;
#206 = DIRECTION ( 'NONE',  ( -0.0000000000000000000, -0.0000000000000000000, -1.000000000000000000 ) ) ;
#207 = DIRECTION ( 'NONE',  ( 1.000000000000000000, 0.0000000000000000000, 0.0000000000000000000 ) ) ;
#208 = VERTEX_POINT ( 'NONE', #4283 ) ;
#209 = CARTESIAN_POINT ( 'NONE',  ( 35.99999999999997900, -25.49999999999999600, 1.899999999999999900 ) ) ;
#210 = VECTOR ( 'NONE', #5355, 1000.000000000000000 ) ;
#211 = FILL_AREA_STYLE ('',( #5280 ) ) ;
#212 = PRODUCT ( 'NHD-C12864A1Z-FSW-FBW-HTT', 'NHD-C12864A1Z-FSW-FBW-HTT', '', ( #3001 ) ) ;
#213 = VECTOR ( 'NONE', #285, 1000.000000000000000 ) ;
#214 = SURFACE_STYLE_FILL_AREA ( #4461 ) ;
#215 = FILL_AREA_STYLE_COLOUR ( '', #811 ) ;
#216 = PLANE ( 'NONE',  #724 ) ;
#217 = VERTEX_POINT ( 'NONE', #6472 ) ;
#218 = UNCERTAINTY_MEASURE_WITH_UNIT (LENGTH_MEASURE( 1.000000000000000100E-005 ), #6119, 'distance_accuracy_value', 'NONE');
#219 =( GEOMETRIC_REPRESENTATION_CONTEXT ( 3 ) GLOBAL_UNCERTAINTY_ASSIGNED_CONTEXT ( ( #4246 ) ) GLOBAL_UNIT_ASSIGNED_CONTEXT ( ( #4139, #176, #3566 ) ) REPRESENTATION_CONTEXT ( 'NONE', 'WORKASPACE' ) );
#220 = PLANE ( 'NONE',  #3330 ) ;
#221 = DIRECTION ( 'NONE',  ( -0.005213693475535443600, -0.9999864086078086300, 0.0000000000000000000 ) ) ;
#222 = DIRECTION ( 'NONE',  ( 0.0000000000000000000, -0.0000000000000000000, -1.000000000000000000 ) ) ;
#223 =( GEOMETRIC_REPRESENTATION_CONTEXT ( 3 ) GLOBAL_UNCERTAINTY_ASSIGNED_CONTEXT ( ( #1325 ) ) GLOBAL_UNIT_ASSIGNED_CONTEXT ( ( #5193, #6946, #68 ) ) REPRESENTATION_CONTEXT ( 'NONE', 'WORKASPACE' ) );
#224 = CARTESIAN_POINT ( 'NONE',  ( 39.99999999999998600, 16.20000000000000600, -2.149999999999999900 ) ) ;
#225 = COLOUR_RGB ( '',0.0000000000000000000, 0.7529411764705882200, 0.0000000000000000000 ) ;
#226 = ORIENTED_EDGE ( 'NONE', *, *, #655, .F. ) ;
#227 = SURFACE_STYLE_USAGE ( .BOTH. , #1003 ) ;
#228 = FACE_OUTER_BOUND ( 'NONE', #2976, .T. ) ;
#229 = ORIENTED_EDGE ( 'NONE', *, *, #1851, .T. ) ;
#230 = ORIENTED_EDGE ( 'NONE', *, *, #4843, .F. ) ;
#231 = FACE_OUTER_BOUND ( 'NONE', #6470, .T. ) ;
#232 = EDGE_CURVE ( 'NONE', #1523, #5391, #1785, .T. ) ;
#233 =( NAMED_UNIT ( * ) PLANE_ANGLE_UNIT ( ) SI_UNIT ( $, .RADIAN. ) );
#234 =( NAMED_UNIT ( * ) PLANE_ANGLE_UNIT ( ) SI_UNIT ( $, .RADIAN. ) );
#235 = COLOUR_RGB ( '',0.5019607843137254800, 0.5019607843137254800, 1.000000000000000000 ) ;
#236 = LINE ( 'NONE', #3863, #6042 ) ;
#237 = LINE ( 'NONE', #3603, #3054 ) ;
#238 = EDGE_LOOP ( 'NONE', ( #804, #1486, #4814, #5789 ) ) ;
#239 = FACE_OUTER_BOUND ( 'NONE', #6770, .T. ) ;
#240 = VERTEX_POINT ( 'NONE', #4309 ) ;
#241 = CARTESIAN_POINT ( 'NONE',  ( 35.79999999999999700, -24.47999999999999300, -0.0000000000000000000 ) ) ;
#242 = FILL_AREA_STYLE_COLOUR ( '', #6353 ) ;
#243 = VECTOR ( 'NONE', #3846, 1000.000000000000000 ) ;
#244 = AXIS2_PLACEMENT_3D ( 'NONE', #3529, #134, #4105 ) ;
#245 = FACE_OUTER_BOUND ( 'NONE', #1104, .T. ) ;
#246 = ORIENTED_EDGE ( 'NONE', *, *, #6236, .F. ) ;
#247 = VERTEX_POINT ( 'NONE', #919 ) ;
#248 = DIRECTION ( 'NONE',  ( -0.0000000000000000000, 1.000000000000000000, -0.0000000000000000000 ) ) ;
#249 = DIRECTION ( 'NONE',  ( 0.0000000000000000000, 1.000000000000000000, 0.0000000000000000000 ) ) ;
#250 = AXIS2_PLACEMENT_3D ( 'NONE', #6017, #2112, #5489 ) ;
#251 =( NAMED_UNIT ( * ) SI_UNIT ( $, .STERADIAN. ) SOLID_ANGLE_UNIT ( ) );
#252 = VERTEX_POINT ( 'NONE', #5448 ) ;
#253 = COLOUR_RGB ( '',0.7529411764705882200, 0.7529411764705882200, 0.7529411764705882200 ) ;
#254 = CARTESIAN_POINT ( 'NONE',  ( -40.00000000000000700, -3.999999999999993300, 4.850000000000000500 ) ) ;
#255 = COLOUR_RGB ( '',1.000000000000000000, 1.000000000000000000, 1.000000000000000000 ) ;
#256 = FACE_OUTER_BOUND ( 'NONE', #576, .T. ) ;
#257 = LINE ( 'NONE', #3706, #1585 ) ;
#258 = SURFACE_SIDE_STYLE ('',( #2915 ) ) ;
#259 = ORIENTED_EDGE ( 'NONE', *, *, #6809, .T. ) ;
#260 = CARTESIAN_POINT ( 'NONE',  ( -35.50000000000000000, -6.499999999999995600, -0.5999999999999999800 ) ) ;
#261 = UNCERTAINTY_MEASURE_WITH_UNIT (LENGTH_MEASURE( 1.000000000000000100E-005 ), #1467, 'distance_accuracy_value', 'NONE');
#262 = EDGE_CURVE ( 'NONE', #2718, #7127, #4613, .T. ) ;
#263 = DIRECTION ( 'NONE',  ( 3.118604001756057900E-015, 1.000000000000000000, -0.0000000000000000000 ) ) ;
#264 = DIRECTION ( 'NONE',  ( 0.0000000000000000000, 0.0000000000000000000, -1.000000000000000000 ) ) ;
#265 =( LENGTH_UNIT ( ) NAMED_UNIT ( * ) SI_UNIT ( .MILLI., .METRE. ) );
#266 = CARTESIAN_POINT ( 'NONE',  ( 32.37999999999998800, -28.19999999999999600, 0.2000000000000000900 ) ) ;
#267 = AXIS2_PLACEMENT_3D ( 'NONE', #4562, #1172, #5123 ) ;
#268 = VECTOR ( 'NONE', #3156, 1000.000000000000000 ) ;
#269 = ORIENTED_EDGE ( 'NONE', *, *, #2790, .F. ) ;
#270 = SURFACE_SIDE_STYLE ('',( #785 ) ) ;
#271 = PRESENTATION_STYLE_ASSIGNMENT (( #2898 ) ) ;
#272 =( GEOMETRIC_REPRESENTATION_CONTEXT ( 3 ) GLOBAL_UNCERTAINTY_ASSIGNED_CONTEXT ( ( #5851 ) ) GLOBAL_UNIT_ASSIGNED_CONTEXT ( ( #2402, #3517, #738 ) ) REPRESENTATION_CONTEXT ( 'NONE', 'WORKASPACE' ) );
#273 = EDGE_CURVE ( 'NONE', #2336, #604, #3076, .T. ) ;
#274 = CARTESIAN_POINT ( 'NONE',  ( 41.00000000000000700, 17.19999999999999900, -3.850000000000000500 ) ) ;
#275 = DIRECTION ( 'NONE',  ( -0.005213693475534725500, 0.9999864086078086300, 0.0000000000000000000 ) ) ;
#276 = EDGE_CURVE ( 'NONE', #1674, #2269, #88, .T. ) ;
#277 = ORIENTED_EDGE ( 'NONE', *, *, #2561, .T. ) ;
#278 = PRESENTATION_STYLE_ASSIGNMENT (( #1019 ) ) ;
#279 = DIRECTION ( 'NONE',  ( -1.000000000000000000, 0.0000000000000000000, -0.0000000000000000000 ) ) ;
#280 =( NAMED_UNIT ( * ) PLANE_ANGLE_UNIT ( ) SI_UNIT ( $, .RADIAN. ) );
#281 = MECHANICAL_DESIGN_GEOMETRIC_PRESENTATION_REPRESENTATION (  '', ( #3449 ), #5347 ) ;
#282 = CARTESIAN_POINT ( 'NONE',  ( -7.000000000000003600, -21.84455075137293200, 4.021845557559792900 ) ) ;
#283 = LINE ( 'NONE', #7006, #3087 ) ;
#284 = CARTESIAN_POINT ( 'NONE',  ( -35.50000000000000000, -6.499999999999995600, 0.0000000000000000000 ) ) ;
#285 = DIRECTION ( 'NONE',  ( 0.0000000000000000000, 0.0000000000000000000, -1.000000000000000000 ) ) ;
#286 = VERTEX_POINT ( 'NONE', #1094 ) ;
#287 = ORIENTED_EDGE ( 'NONE', *, *, #670, .T. ) ;
#288 =( GEOMETRIC_REPRESENTATION_CONTEXT ( 3 ) GLOBAL_UNCERTAINTY_ASSIGNED_CONTEXT ( ( #1415 ) ) GLOBAL_UNIT_ASSIGNED_CONTEXT ( ( #122, #3511, #3095 ) ) REPRESENTATION_CONTEXT ( 'NONE', 'WORKASPACE' ) );
#289 = FILL_AREA_STYLE_COLOUR ( '', #4922 ) ;
#290 = EDGE_CURVE ( 'NONE', #7284, #2336, #1414, .T. ) ;
#291 = FACE_OUTER_BOUND ( 'NONE', #3610, .T. ) ;
#292 = FILL_AREA_STYLE ('',( #3331 ) ) ;
#293 = SURFACE_STYLE_USAGE ( .BOTH. , #4240 ) ;
#294 = DIRECTION ( 'NONE',  ( -1.000000000000000000, 4.336808689942017700E-016, 0.0000000000000000000 ) ) ;
#295 = ORIENTED_EDGE ( 'NONE', *, *, #1420, .F. ) ;
#296 = ORIENTED_EDGE ( 'NONE', *, *, #3844, .T. ) ;
#297 = VERTEX_POINT ( 'NONE', #1617 ) ;
#298 = LINE ( 'NONE', #6704, #3285 ) ;
#299 = EDGE_CURVE ( 'NONE', #1051, #6639, #5897, .T. ) ;
#300 =( GEOMETRIC_REPRESENTATION_CONTEXT ( 3 ) GLOBAL_UNCERTAINTY_ASSIGNED_CONTEXT ( ( #1816 ) ) GLOBAL_UNIT_ASSIGNED_CONTEXT ( ( #2368, #5079, #5668 ) ) REPRESENTATION_CONTEXT ( 'NONE', 'WORKASPACE' ) );
#301 = UNCERTAINTY_MEASURE_WITH_UNIT (LENGTH_MEASURE( 1.000000000000000100E-005 ), #1397, 'distance_accuracy_value', 'NONE');
#302 = FILL_AREA_STYLE_COLOUR ( '', #3993 ) ;
#303 = DIRECTION ( 'NONE',  ( 1.000000000000000000, -0.0000000000000000000, -0.0000000000000000000 ) ) ;
#304 = CARTESIAN_POINT ( 'NONE',  ( 38.99999999999998600, -19.55000000000000800, 4.850000000000000500 ) ) ;
#305 = EDGE_LOOP ( 'NONE', ( #3481, #1740, #6587, #3137 ) ) ;
#306 = AXIS2_PLACEMENT_3D ( 'NONE', #4312, #3627, #3719 ) ;
#307 = SURFACE_STYLE_FILL_AREA ( #1875 ) ;
#308 = ADVANCED_FACE ( 'NONE', ( #6801 ), #7056, .F. ) ;
#309 = DIRECTION ( 'NONE',  ( -0.0000000000000000000, -0.0000000000000000000, -1.000000000000000000 ) ) ;
#310 = DIRECTION ( 'NONE',  ( 0.0000000000000000000, 0.0000000000000000000, -1.000000000000000000 ) ) ;
#311 =( GEOMETRIC_REPRESENTATION_CONTEXT ( 3 ) GLOBAL_UNCERTAINTY_ASSIGNED_CONTEXT ( ( #2348 ) ) GLOBAL_UNIT_ASSIGNED_CONTEXT ( ( #5162, #1208, #4600 ) ) REPRESENTATION_CONTEXT ( 'NONE', 'WORKASPACE' ) );
#312 = AXIS2_PLACEMENT_3D ( 'NONE', #990, #5563, #5174 ) ;
#313 = ADVANCED_FACE ( 'NONE', ( #2918 ), #3885, .F. ) ;
#314 = VECTOR ( 'NONE', #4068, 1000.000000000000000 ) ;
#315 =( LENGTH_UNIT ( ) NAMED_UNIT ( * ) SI_UNIT ( .MILLI., .METRE. ) );
#316 = CARTESIAN_POINT ( 'NONE',  ( 16.00000000000000000, -14.00000000000000000, -0.7999999999999999300 ) ) ;
#317 = DIRECTION ( 'NONE',  ( -0.0000000000000000000, 0.0000000000000000000, -1.000000000000000000 ) ) ;
#318 = PRESENTATION_LAYER_ASSIGNMENT (  '', '', ( #5749 ) ) ;
#319 = CARTESIAN_POINT ( 'NONE',  ( -28.49999999999998200, -24.00000000000000000, -0.7999999999999999300 ) ) ;
#320 = DIRECTION ( 'NONE',  ( 0.0000000000000000000, 0.0000000000000000000, -1.000000000000000000 ) ) ;
#321 = EDGE_CURVE ( 'NONE', #1136, #384, #5569, .T. ) ;
#322 = LINE ( 'NONE', #1546, #3309 ) ;
#323 = ORIENTED_EDGE ( 'NONE', *, *, #3106, .T. ) ;
#324 = VERTEX_POINT ( 'NONE', #6810 ) ;
#325 = STYLED_ITEM ( 'NONE', ( #6034 ), #2929 ) ;
#326 =( NAMED_UNIT ( * ) SI_UNIT ( $, .STERADIAN. ) SOLID_ANGLE_UNIT ( ) );
#327 = CIRCLE ( 'NONE', #4866, 1.000000000000000900 ) ;
#328 = CARTESIAN_POINT ( 'NONE',  ( 38.90000000000000600, -24.60000000000000500, 3.799999999999999800 ) ) ;
#329 = DIRECTION ( 'NONE',  ( 0.0000000000000000000, 1.000000000000000000, 0.0000000000000000000 ) ) ;
#330 = ORIENTED_EDGE ( 'NONE', *, *, #1699, .T. ) ;
#331 = FACE_OUTER_BOUND ( 'NONE', #6567, .T. ) ;
#332 = FACE_OUTER_BOUND ( 'NONE', #4748, .T. ) ;
#333 = VERTEX_POINT ( 'NONE', #1641 ) ;
#334 = DIRECTION ( 'NONE',  ( 0.0000000000000000000, -1.000000000000000000, 0.0000000000000000000 ) ) ;
#335 = AXIS2_PLACEMENT_3D ( 'NONE', #4815, #5476, #2649 ) ;
#336 = CARTESIAN_POINT ( 'NONE',  ( 39.99999999999997900, -22.55000000000000800, 4.850000000000000500 ) ) ;
#337 = EDGE_CURVE ( 'NONE', #1890, #439, #5737, .T. ) ;
#338 = SURFACE_STYLE_USAGE ( .BOTH. , #3712 ) ;
#339 = CARTESIAN_POINT ( 'NONE',  ( 14.00000000000000000, -27.00000000000000000, -0.5999999999999999800 ) ) ;
#340 = VECTOR ( 'NONE', #5557, 1000.000000000000000 ) ;
#341 = DIRECTION ( 'NONE',  ( 0.0000000000000000000, 0.0000000000000000000, -1.000000000000000000 ) ) ;
#342 = ORIENTED_EDGE ( 'NONE', *, *, #290, .F. ) ;
#343 = FILL_AREA_STYLE ('',( #1730 ) ) ;
#344 = EDGE_LOOP ( 'NONE', ( #6880, #4803, #6063, #189 ) ) ;
#345 = ORIENTED_EDGE ( 'NONE', *, *, #25, .F. ) ;
#346 = CARTESIAN_POINT ( 'NONE',  ( -13.99999999999999100, -29.99999999999999300, -0.5999999999999999800 ) ) ;
#347 = ORIENTED_EDGE ( 'NONE', *, *, #1526, .F. ) ;
#348 = FACE_OUTER_BOUND ( 'NONE', #4904, .T. ) ;
#349 = ORIENTED_EDGE ( 'NONE', *, *, #5446, .F. ) ;
#350 = CARTESIAN_POINT ( 'NONE',  ( -38.89999999999999100, 25.90000000000000600, 3.799999999999999800 ) ) ;
#351 = VERTEX_POINT ( 'NONE', #506 ) ;
#352 = CARTESIAN_POINT ( 'NONE',  ( 7.000000000000000900, -23.16467137658341000, -0.7999999999999999300 ) ) ;
#353 = ADVANCED_FACE ( 'NONE', ( #2558 ), #4863, .T. ) ;
#354 =( NAMED_UNIT ( * ) SI_UNIT ( $, .STERADIAN. ) SOLID_ANGLE_UNIT ( ) );
#355 = EDGE_CURVE ( 'NONE', #2336, #2075, #2042, .T. ) ;
#356 = SURFACE_STYLE_FILL_AREA ( #7200 ) ;
#357 =( NAMED_UNIT ( * ) PLANE_ANGLE_UNIT ( ) SI_UNIT ( $, .RADIAN. ) );
#358 = STYLED_ITEM ( 'NONE', ( #1733 ), #5649 ) ;
#359 = CARTESIAN_POINT ( 'NONE',  ( -7.000000000000002700, -23.47590573547965300, 3.800000000026832100 ) ) ;
#360 = VECTOR ( 'NONE', #5634, 1000.000000000000000 ) ;
#361 = PLANE ( 'NONE',  #1027 ) ;
#362 = VECTOR ( 'NONE', #1451, 1000.000000000000000 ) ;
#363 = EDGE_LOOP ( 'NONE', ( #1224, #182 ) ) ;
#364 = CARTESIAN_POINT ( 'NONE',  ( -24.50499999999999200, -28.19999999999999600, -13.29999999999999900 ) ) ;
#365 = DIRECTION ( 'NONE',  ( 1.000000000000000000, 0.0000000000000000000, 0.0000000000000000000 ) ) ;
#366 = FACE_OUTER_BOUND ( 'NONE', #4454, .T. ) ;
#367 = CLOSED_SHELL ( 'NONE', ( #4981, #3828, #5705, #1119 ) ) ;
#368 = CARTESIAN_POINT ( 'NONE',  ( -24.50499999999999200, -28.19999999999999600, 0.2000000000000000900 ) ) ;
#369 = AXIS2_PLACEMENT_3D ( 'NONE', #87, #5350, #3620 ) ;
#370 = DIRECTION ( 'NONE',  ( -1.284980352575412700E-016, -1.000000000000000000, -0.0000000000000000000 ) ) ;
#371 = DIRECTION ( 'NONE',  ( -0.0000000000000000000, -0.0000000000000000000, 1.000000000000000000 ) ) ;
#372 = AXIS2_PLACEMENT_3D ( 'NONE', #5894, #6930, #2411 ) ;
#373 = VERTEX_POINT ( 'NONE', #6212 ) ;
#374 = VERTEX_POINT ( 'NONE', #6787 ) ;
#375 =( NAMED_UNIT ( * ) PLANE_ANGLE_UNIT ( ) SI_UNIT ( $, .RADIAN. ) );
#376 = CARTESIAN_POINT ( 'NONE',  ( -38.90000000000003400, 25.99999999999998900, 4.299999999999999800 ) ) ;
#377 = VECTOR ( 'NONE', #3216, 1000.000000000000000 ) ;
#378 = CARTESIAN_POINT ( 'NONE',  ( -6.999999999999994700, -23.16202887258642600, -0.9127674319942440400 ) ) ;
#379 = VECTOR ( 'NONE', #6088, 1000.000000000000000 ) ;
#380 =( NAMED_UNIT ( * ) PLANE_ANGLE_UNIT ( ) SI_UNIT ( $, .RADIAN. ) );
#381 = EDGE_CURVE ( 'NONE', #4360, #374, #6397, .T. ) ;
#382 = ORIENTED_EDGE ( 'NONE', *, *, #3111, .F. ) ;
#383 = ADVANCED_FACE ( 'NONE', ( #1868 ), #7135, .F. ) ;
#384 = VERTEX_POINT ( 'NONE', #5748 ) ;
#385 = ORIENTED_EDGE ( 'NONE', *, *, #5173, .T. ) ;
#386 = ORIENTED_EDGE ( 'NONE', *, *, #4113, .F. ) ;
#387 = LINE ( 'NONE', #6362, #3197 ) ;
#388 = CARTESIAN_POINT ( 'NONE',  ( 39.99999999999997900, -22.55000000000000800, 1.899999999999999900 ) ) ;
#389 = DIRECTION ( 'NONE',  ( -0.0000000000000000000, 0.0000000000000000000, -1.000000000000000000 ) ) ;
#390 = CARTESIAN_POINT ( 'NONE',  ( -39.00000000000000000, -25.99999999999998600, -2.649999999999999500 ) ) ;
#391 = ORIENTED_EDGE ( 'NONE', *, *, #7171, .T. ) ;
#392 = MECHANICAL_DESIGN_GEOMETRIC_PRESENTATION_REPRESENTATION (  '', ( #1149 ), #5596 ) ;
#393 = STYLED_ITEM ( 'NONE', ( #4872 ), #7208 ) ;
#394 = VECTOR ( 'NONE', #6654, 1000.000000000000000 ) ;
#395 = EDGE_CURVE ( 'NONE', #3512, #5241, #1322, .T. ) ;
#396 = CARTESIAN_POINT ( 'NONE',  ( -7.000000000000000900, -21.86636897226918600, 3.888184654869864900 ) ) ;
#397 = ORIENTED_EDGE ( 'NONE', *, *, #5848, .T. ) ;
#398 = CARTESIAN_POINT ( 'NONE',  ( -40.00000000000000700, 16.20000000000001700, -2.149999999999999900 ) ) ;
#399 = DIRECTION ( 'NONE',  ( 6.247339900049429300E-031, 2.312964634635744600E-015, 1.000000000000000000 ) ) ;
#400 =( GEOMETRIC_REPRESENTATION_CONTEXT ( 3 ) GLOBAL_UNCERTAINTY_ASSIGNED_CONTEXT ( ( #3910 ) ) GLOBAL_UNIT_ASSIGNED_CONTEXT ( ( #2882, #3918, #5060 ) ) REPRESENTATION_CONTEXT ( 'NONE', 'WORKASPACE' ) );
#401 = MANIFOLD_SOLID_BREP ( 'Boss-Extrude11', #153 ) ;
#402 = CARTESIAN_POINT ( 'NONE',  ( 7.000000000000000000, -22.90724480078917200, -0.7999999999999999300 ) ) ;
#403 =( LENGTH_UNIT ( ) NAMED_UNIT ( * ) SI_UNIT ( .MILLI., .METRE. ) );
#404 = PLANE ( 'NONE',  #557 ) ;
#405 = DIRECTION ( 'NONE',  ( 0.0000000000000000000, 0.0000000000000000000, -1.000000000000000000 ) ) ;
#406 = FILL_AREA_STYLE ('',( #648 ) ) ;
#407 = LINE ( 'NONE', #5623, #3397 ) ;
#408 = ORIENTED_EDGE ( 'NONE', *, *, #518, .F. ) ;
#409 = EDGE_CURVE ( 'NONE', #3450, #5238, #6614, .T. ) ;
#410 = ORIENTED_EDGE ( 'NONE', *, *, #5327, .F. ) ;
#411 = CARTESIAN_POINT ( 'NONE',  ( -39.00000000000000700, 16.20000000000001700, -2.149999999999999900 ) ) ;
#412 = PRESENTATION_STYLE_ASSIGNMENT (( #5451 ) ) ;
#413 = STYLED_ITEM ( 'NONE', ( #4722 ), #6471 ) ;
#414 = ORIENTED_EDGE ( 'NONE', *, *, #5963, .F. ) ;
#415 = CARTESIAN_POINT ( 'NONE',  ( -32.10000000000000100, 25.99999999999998900, 4.599999999999999600 ) ) ;
#416 = DIRECTION ( 'NONE',  ( 0.0000000000000000000, 1.000000000000000000, 0.0000000000000000000 ) ) ;
#417 = DIRECTION ( 'NONE',  ( -1.000000000000000000, 0.0000000000000000000, 0.0000000000000000000 ) ) ;
#418 = LINE ( 'NONE', #6225, #1919 ) ;
#419 = AXIS2_PLACEMENT_3D ( 'NONE', #2153, #1103, #2506 ) ;
#420 = ORIENTED_EDGE ( 'NONE', *, *, #883, .T. ) ;
#421 = AXIS2_PLACEMENT_3D ( 'NONE', #5939, #2034, #2245 ) ;
#422 = EDGE_CURVE ( 'NONE', #252, #3326, #2299, .T. ) ;
#423 = ORIENTED_EDGE ( 'NONE', *, *, #561, .T. ) ;
#424 = MECHANICAL_DESIGN_GEOMETRIC_PRESENTATION_REPRESENTATION (  '', ( #6604 ), #792 ) ;
#425 = EDGE_CURVE ( 'NONE', #5890, #1305, #3622, .T. ) ;
#426 = LINE ( 'NONE', #3747, #1924 ) ;
#427 = DIRECTION ( 'NONE',  ( -1.000000000000000000, 0.0000000000000000000, 0.0000000000000000000 ) ) ;
#428 = VECTOR ( 'NONE', #4434, 1000.000000000000000 ) ;
#429 = ADVANCED_FACE ( 'NONE', ( #2127 ), #4413, .T. ) ;
#430 = CARTESIAN_POINT ( 'NONE',  ( -24.75999999999999100, -28.19999999999999600, -13.29999999999999900 ) ) ;
#431 = SURFACE_SIDE_STYLE ('',( #5871 ) ) ;
#432 = ORIENTED_EDGE ( 'NONE', *, *, #5820, .F. ) ;
#433 = VERTEX_POINT ( 'NONE', #6478 ) ;
#434 = FILL_AREA_STYLE_COLOUR ( '', #2694 ) ;
#435 = SURFACE_SIDE_STYLE ('',( #675 ) ) ;
#436 = STYLED_ITEM ( 'NONE', ( #3460 ), #4455 ) ;
#437 = COLOUR_RGB ( '',1.000000000000000000, 1.000000000000000000, 1.000000000000000000 ) ;
#438 = EDGE_CURVE ( 'NONE', #7028, #4125, #83, .T. ) ;
#439 = VERTEX_POINT ( 'NONE', #855 ) ;
#440 = ORIENTED_EDGE ( 'NONE', *, *, #4795, .T. ) ;
#441 =( GEOMETRIC_REPRESENTATION_CONTEXT ( 3 ) GLOBAL_UNCERTAINTY_ASSIGNED_CONTEXT ( ( #4196 ) ) GLOBAL_UNIT_ASSIGNED_CONTEXT ( ( #2104, #951, #5480 ) ) REPRESENTATION_CONTEXT ( 'NONE', 'WORKASPACE' ) );
#442 = DIRECTION ( 'NONE',  ( 0.0000000000000000000, 0.0000000000000000000, -1.000000000000000000 ) ) ;
#443 = DIRECTION ( 'NONE',  ( 1.000000000000000000, -1.284980352575413200E-016, -0.0000000000000000000 ) ) ;
#444 = VECTOR ( 'NONE', #4615, 1000.000000000000000 ) ;
#445 = CARTESIAN_POINT ( 'NONE',  ( 38.99999999999998600, -19.55000000000000800, 4.850000000000000500 ) ) ;
#446 = ORIENTED_EDGE ( 'NONE', *, *, #1934, .T. ) ;
#447 = SURFACE_STYLE_USAGE ( .BOTH. , #3325 ) ;
#448 =( NAMED_UNIT ( * ) SI_UNIT ( $, .STERADIAN. ) SOLID_ANGLE_UNIT ( ) );
#449 = DIRECTION ( 'NONE',  ( 1.000000000000000000, 0.0000000000000000000, 0.0000000000000000000 ) ) ;
#450 = EDGE_CURVE ( 'NONE', #775, #5259, #3072, .T. ) ;
#451 = PRESENTATION_STYLE_ASSIGNMENT (( #227 ) ) ;
#452 = CARTESIAN_POINT ( 'NONE',  ( 14.00000000000000000, -27.00000000000000000, -0.5999999999999999800 ) ) ;
#453 = CARTESIAN_POINT ( 'NONE',  ( 39.99999999999998600, -26.99999999999999600, -2.149999999999999900 ) ) ;
#454 = VECTOR ( 'NONE', #679, 1000.000000000000000 ) ;
#455 = ORIENTED_EDGE ( 'NONE', *, *, #5842, .F. ) ;
#456 = DIRECTION ( 'NONE',  ( 1.000000000000000000, 0.0000000000000000000, -0.0000000000000000000 ) ) ;
#457 = VECTOR ( 'NONE', #2502, 1000.000000000000000 ) ;
#458 = DIRECTION ( 'NONE',  ( -0.0000000000000000000, 2.312964634635744200E-015, 1.000000000000000000 ) ) ;
#459 =( GEOMETRIC_REPRESENTATION_CONTEXT ( 3 ) GLOBAL_UNCERTAINTY_ASSIGNED_CONTEXT ( ( #1612 ) ) GLOBAL_UNIT_ASSIGNED_CONTEXT ( ( #4567, #4425, #3752 ) ) REPRESENTATION_CONTEXT ( 'NONE', 'WORKASPACE' ) );
#460 = SURFACE_SIDE_STYLE ('',( #5379 ) ) ;
#461 = DIRECTION ( 'NONE',  ( 0.0000000000000000000, -0.0000000000000000000, 1.000000000000000000 ) ) ;
#462 = PRESENTATION_STYLE_ASSIGNMENT (( #1062 ) ) ;
#463 = DIRECTION ( 'NONE',  ( 1.000000000000000000, 0.0000000000000000000, 0.0000000000000000000 ) ) ;
#464 = VERTEX_POINT ( 'NONE', #2566 ) ;
#465 = SURFACE_STYLE_FILL_AREA ( #6266 ) ;
#466 = VECTOR ( 'NONE', #2226, 1000.000000000000000 ) ;
#467 =( GEOMETRIC_REPRESENTATION_CONTEXT ( 3 ) GLOBAL_UNCERTAINTY_ASSIGNED_CONTEXT ( ( #5562 ) ) GLOBAL_UNIT_ASSIGNED_CONTEXT ( ( #5468, #2768, #1693 ) ) REPRESENTATION_CONTEXT ( 'NONE', 'WORKASPACE' ) );
#468 = ADVANCED_FACE ( 'NONE', ( #1403 ), #5392, .F. ) ;
#469 = VERTEX_POINT ( 'NONE', #5410 ) ;
#470 = CARTESIAN_POINT ( 'NONE',  ( 0.0000000000000000000, -25.49999999999999600, 0.0000000000000000000 ) ) ;
#471 = EDGE_CURVE ( 'NONE', #5990, #5882, #3463, .T. ) ;
#472 =( LENGTH_UNIT ( ) NAMED_UNIT ( * ) SI_UNIT ( .MILLI., .METRE. ) );
#473 = ORIENTED_EDGE ( 'NONE', *, *, #1179, .T. ) ;
#474 = ORIENTED_EDGE ( 'NONE', *, *, #4521, .T. ) ;
#475 = PRESENTATION_LAYER_ASSIGNMENT (  '', '', ( #1236 ) ) ;
#476 = CARTESIAN_POINT ( 'NONE',  ( -39.00000000000000700, 23.45000000000000300, 1.899999999999999900 ) ) ;
#477 = FILL_AREA_STYLE_COLOUR ( '', #5969 ) ;
#478 = EDGE_LOOP ( 'NONE', ( #1398, #2146, #2989, #1204 ) ) ;
#479 = DIRECTION ( 'NONE',  ( 0.0000000000000000000, -1.000000000000000000, 0.0000000000000000000 ) ) ;
#480 = ORIENTED_EDGE ( 'NONE', *, *, #2031, .T. ) ;
#481 = VERTEX_POINT ( 'NONE', #3770 ) ;
#482 = AXIS2_PLACEMENT_3D ( 'NONE', #1259, #6878, #3284 ) ;
#483 = EDGE_CURVE ( 'NONE', #3181, #3205, #6279, .T. ) ;
#484 = DIRECTION ( 'NONE',  ( -1.000000000000000000, -2.891205793294675900E-015, 0.0000000000000000000 ) ) ;
#485 = ORIENTED_EDGE ( 'NONE', *, *, #3581, .T. ) ;
#486 = DIRECTION ( 'NONE',  ( -1.000000000000000000, 0.0000000000000000000, 0.0000000000000000000 ) ) ;
#487 = CIRCLE ( 'NONE', #6262, 0.5000000000000004400 ) ;
#488 = DIRECTION ( 'NONE',  ( -1.000000000000000000, 0.0000000000000000000, 0.0000000000000000000 ) ) ;
#489 = EDGE_CURVE ( 'NONE', #4599, #481, #1968, .T. ) ;
#490 = ORIENTED_EDGE ( 'NONE', *, *, #1205, .F. ) ;
#491 = SURFACE_STYLE_FILL_AREA ( #4830 ) ;
#492 = DIRECTION ( 'NONE',  ( 1.000000000000000000, -1.284980352575413200E-016, 0.0000000000000000000 ) ) ;
#493 = PLANE ( 'NONE',  #6679 ) ;
#494 = UNCERTAINTY_MEASURE_WITH_UNIT (LENGTH_MEASURE( 1.000000000000000100E-005 ), #3418, 'distance_accuracy_value', 'NONE');
#495 = DIRECTION ( 'NONE',  ( 1.000000000000000000, 0.0000000000000000000, 0.0000000000000000000 ) ) ;
#496 = CYLINDRICAL_SURFACE ( 'NONE', #2060, 0.5000000000000004400 ) ;
#497 = COLOUR_RGB ( '',1.000000000000000000, 1.000000000000000000, 1.000000000000000000 ) ;
#498 = FILL_AREA_STYLE ('',( #6681 ) ) ;
#499 = ADVANCED_FACE ( 'NONE', ( #4963 ), #4892, .T. ) ;
#500 = CARTESIAN_POINT ( 'NONE',  ( 37.50000000000000000, -6.499999999999995600, 0.0000000000000000000 ) ) ;
#501 = AXIS2_PLACEMENT_3D ( 'NONE', #7079, #2600, #6089 ) ;
#502 = LINE ( 'NONE', #2875, #2005 ) ;
#503 = VERTEX_POINT ( 'NONE', #368 ) ;
#504 = ORIENTED_EDGE ( 'NONE', *, *, #1448, .F. ) ;
#505 = PLANE ( 'NONE',  #3313 ) ;
#506 = CARTESIAN_POINT ( 'NONE',  ( -39.00000000000000700, 12.00000000000000400, 1.899999999999999900 ) ) ;
#507 = CARTESIAN_POINT ( 'NONE',  ( -38.69999999999999600, -25.99999999999998600, -2.649999999999999500 ) ) ;
#508 = VECTOR ( 'NONE', #3218, 1000.000000000000000 ) ;
#509 = AXIS2_PLACEMENT_3D ( 'NONE', #5751, #168, #4135 ) ;
#510 = LINE ( 'NONE', #3179, #1849 ) ;
#511 = FACE_OUTER_BOUND ( 'NONE', #4686, .T. ) ;
#512 = DIRECTION ( 'NONE',  ( 0.0000000000000000000, -0.0000000000000000000, 1.000000000000000000 ) ) ;
#513 = SURFACE_SIDE_STYLE ('',( #214 ) ) ;
#514 = VECTOR ( 'NONE', #3298, 1000.000000000000000 ) ;
#515 = AXIS2_PLACEMENT_3D ( 'NONE', #5486, #4911, #2109 ) ;
#516 = AXIS2_PLACEMENT_3D ( 'NONE', #5351, #310, #4738 ) ;
#517 = ORIENTED_EDGE ( 'NONE', *, *, #2921, .T. ) ;
#518 = EDGE_CURVE ( 'NONE', #4104, #542, #1260, .T. ) ;
#519 = DIRECTION ( 'NONE',  ( 0.0000000000000000000, 0.0000000000000000000, -1.000000000000000000 ) ) ;
#520 = CARTESIAN_POINT ( 'NONE',  ( -7.000000000000000000, -22.99903944788958700, 3.889229275603113900 ) ) ;
#521 = ORIENTED_EDGE ( 'NONE', *, *, #7268, .F. ) ;
#522 = LINE ( 'NONE', #5474, #1861 ) ;
#523 = ORIENTED_EDGE ( 'NONE', *, *, #5578, .T. ) ;
#524 = DIRECTION ( 'NONE',  ( 0.0000000000000000000, 0.0000000000000000000, -1.000000000000000000 ) ) ;
#525 = CARTESIAN_POINT ( 'NONE',  ( 7.000000000000000900, -23.47590573547965300, 3.800000000026832100 ) ) ;
#526 = DIRECTION ( 'NONE',  ( 0.0000000000000000000, 0.0000000000000000000, 1.000000000000000000 ) ) ;
#527 = CARTESIAN_POINT ( 'NONE',  ( 38.90000000000000600, -24.60000000000000500, 3.799999999999999800 ) ) ;
#528 = ADVANCED_FACE ( 'NONE', ( #5581, #4252 ), #6578, .T. ) ;
#529 = VECTOR ( 'NONE', #15, 1000.000000000000000 ) ;
#530 = EDGE_CURVE ( 'NONE', #2574, #566, #3543, .T. ) ;
#531 = PRESENTATION_LAYER_ASSIGNMENT (  '', '', ( #7091 ) ) ;
#532 = CARTESIAN_POINT ( 'NONE',  ( -50.00000000000000700, 16.20000000000001700, -2.149999999999999900 ) ) ;
#533 = AXIS2_PLACEMENT_3D ( 'NONE', #3240, #7184, #3825 ) ;
#534 = AXIS2_PLACEMENT_3D ( 'NONE', #1319, #6965, #3518 ) ;
#535 = CARTESIAN_POINT ( 'NONE',  ( 39.00000000000000700, 17.20000000000000300, -3.850000000000000500 ) ) ;
#536 = PLANE ( 'NONE',  #2998 ) ;
#537 = EDGE_CURVE ( 'NONE', #4181, #6286, #6533, .T. ) ;
#538 = LINE ( 'NONE', #4032, #3355 ) ;
#539 =( NAMED_UNIT ( * ) PLANE_ANGLE_UNIT ( ) SI_UNIT ( $, .RADIAN. ) );
#540 = FACE_OUTER_BOUND ( 'NONE', #1516, .T. ) ;
#541 = MECHANICAL_DESIGN_GEOMETRIC_PRESENTATION_REPRESENTATION (  '', ( #7098 ), #910 ) ;
#542 = VERTEX_POINT ( 'NONE', #2822 ) ;
#543 = SURFACE_STYLE_FILL_AREA ( #5246 ) ;
#544 = VECTOR ( 'NONE', #5610, 1000.000000000000000 ) ;
#545 = CARTESIAN_POINT ( 'NONE',  ( -36.00000000000000700, -25.49999999999999600, 0.0000000000000000000 ) ) ;
#546 = CARTESIAN_POINT ( 'NONE',  ( 29.83999999999999300, -28.19999999999999600, 0.2000000000000000900 ) ) ;
#547 = UNCERTAINTY_MEASURE_WITH_UNIT (LENGTH_MEASURE( 1.000000000000000100E-005 ), #3371, 'distance_accuracy_value', 'NONE');
#548 = ORIENTED_EDGE ( 'NONE', *, *, #688, .T. ) ;
#549 =( LENGTH_UNIT ( ) NAMED_UNIT ( * ) SI_UNIT ( .MILLI., .METRE. ) );
#550 = AXIS2_PLACEMENT_3D ( 'NONE', #2581, #6515, #3126 ) ;
#551 = CARTESIAN_POINT ( 'NONE',  ( 32.37999999999998800, -28.19999999999999600, 0.2000000000000000900 ) ) ;
#552 = FILL_AREA_STYLE ('',( #2867 ) ) ;
#553 = CARTESIAN_POINT ( 'NONE',  ( 38.89999999999999900, -24.17999999999999300, -0.5999999999999999800 ) ) ;
#554 = DIRECTION ( 'NONE',  ( -1.000000000000000000, 0.0000000000000000000, 0.0000000000000000000 ) ) ;
#555 =( LENGTH_UNIT ( ) NAMED_UNIT ( * ) SI_UNIT ( .MILLI., .METRE. ) );
#556 = EDGE_LOOP ( 'NONE', ( #601, #1804 ) ) ;
#557 = AXIS2_PLACEMENT_3D ( 'NONE', #3414, #7168, #3806 ) ;
#558 = ORIENTED_EDGE ( 'NONE', *, *, #1410, .F. ) ;
#559 = EDGE_CURVE ( 'NONE', #3233, #2695, #5047, .T. ) ;
#560 = CARTESIAN_POINT ( 'NONE',  ( 6.999999999999999100, -24.60000000000565000, 3.523828854547614400 ) ) ;
#561 = EDGE_CURVE ( 'NONE', #3512, #5664, #6354, .T. ) ;
#562 = CARTESIAN_POINT ( 'NONE',  ( -7.000000000000000000, -23.34994586347037800, -0.8743318411184708400 ) ) ;
#563 = MECHANICAL_DESIGN_GEOMETRIC_PRESENTATION_REPRESENTATION (  '', ( #7114 ), #929 ) ;
#564 = CARTESIAN_POINT ( 'NONE',  ( 16.00000000000000000, -14.00000000000000000, -0.7999999999999999300 ) ) ;
#565 = VECTOR ( 'NONE', #2167, 1000.000000000000000 ) ;
#566 = VERTEX_POINT ( 'NONE', #6011 ) ;
#567 = ORIENTED_EDGE ( 'NONE', *, *, #26, .F. ) ;
#568 = ORIENTED_EDGE ( 'NONE', *, *, #5223, .F. ) ;
#569 = FACE_OUTER_BOUND ( 'NONE', #965, .T. ) ;
#570 = CARTESIAN_POINT ( 'NONE',  ( -39.00000000000000000, -25.99999999999998600, -2.649999999999999500 ) ) ;
#571 = ADVANCED_FACE ( 'NONE', ( #366 ), #4937, .F. ) ;
#572 = DIRECTION ( 'NONE',  ( 1.284980352575413200E-016, 1.000000000000000000, 0.0000000000000000000 ) ) ;
#573 = ADVANCED_FACE ( 'NONE', ( #2056 ), #2654, .F. ) ;
#574 = CARTESIAN_POINT ( 'NONE',  ( -39.00000000000000700, -3.999999999999992500, 4.850000000000000500 ) ) ;
#575 = MECHANICAL_DESIGN_GEOMETRIC_PRESENTATION_REPRESENTATION (  '', ( #6753 ), #936 ) ;
#576 = EDGE_LOOP ( 'NONE', ( #2210, #6938, #7279, #2166 ) ) ;
#577 = VECTOR ( 'NONE', #4431, 1000.000000000000000 ) ;
#578 =( NAMED_UNIT ( * ) SI_UNIT ( $, .STERADIAN. ) SOLID_ANGLE_UNIT ( ) );
#579 = CARTESIAN_POINT ( 'NONE',  ( -40.00000000000000700, -22.54999999999999700, 1.899999999999999900 ) ) ;
#580 = ORIENTED_EDGE ( 'NONE', *, *, #2958, .F. ) ;
#581 = SURFACE_SIDE_STYLE ('',( #5329 ) ) ;
#582 = CARTESIAN_POINT ( 'NONE',  ( 35.79999999999999700, -30.00000000000000000, -0.5999999999999999800 ) ) ;
#583 = VERTEX_POINT ( 'NONE', #905 ) ;
#584 =( LENGTH_UNIT ( ) NAMED_UNIT ( * ) SI_UNIT ( .MILLI., .METRE. ) );
#585 = LINE ( 'NONE', #6829, #5087 ) ;
#586 = ORIENTED_EDGE ( 'NONE', *, *, #4329, .T. ) ;
#587 = FILL_AREA_STYLE_COLOUR ( '', #2259 ) ;
#588 = PRESENTATION_STYLE_ASSIGNMENT (( #4155 ) ) ;
#589 = FILL_AREA_STYLE_COLOUR ( '', #6349 ) ;
#590 = DIRECTION ( 'NONE',  ( 0.0000000000000000000, 1.000000000000000000, -0.0000000000000000000 ) ) ;
#591 = ORIENTED_EDGE ( 'NONE', *, *, #5194, .F. ) ;
#592 = DIRECTION ( 'NONE',  ( 0.0000000000000000000, 0.0000000000000000000, -1.000000000000000000 ) ) ;
#593 = AXIS2_PLACEMENT_3D ( 'NONE', #2597, #3533, #2010 ) ;
#594 = VECTOR ( 'NONE', #4481, 1000.000000000000000 ) ;
#595 = ORIENTED_EDGE ( 'NONE', *, *, #6979, .F. ) ;
#596 = COLOUR_RGB ( '',1.000000000000000000, 1.000000000000000000, 1.000000000000000000 ) ;
#597 = CARTESIAN_POINT ( 'NONE',  ( -19.42499999999999000, -28.19999999999999900, 0.2000000000000000900 ) ) ;
#598 = LINE ( 'NONE', #5599, #4927 ) ;
#599 = CARTESIAN_POINT ( 'NONE',  ( 27.99999999999998200, -24.00000000000000000, -0.7999999999999999300 ) ) ;
#600 = CARTESIAN_POINT ( 'NONE',  ( -39.00000000000000000, 16.70000000000001700, -0.6500000000000008000 ) ) ;
#601 = ORIENTED_EDGE ( 'NONE', *, *, #4457, .F. ) ;
#602 = ADVANCED_FACE ( 'NONE', ( #1334 ), #3726, .T. ) ;
#603 = ADVANCED_FACE ( 'NONE', ( #7144 ), #4867, .F. ) ;
#604 = VERTEX_POINT ( 'NONE', #3286 ) ;
#605 = COLOUR_RGB ( '',0.8039215686274510100, 0.4980392156862745200, 0.1960784313725490200 ) ;
#606 = SURFACE_STYLE_USAGE ( .BOTH. , #460 ) ;
#607 = PRESENTATION_STYLE_ASSIGNMENT (( #4773 ) ) ;
#608 = ORIENTED_EDGE ( 'NONE', *, *, #40, .T. ) ;
#609 = ORIENTED_EDGE ( 'NONE', *, *, #1934, .F. ) ;
#610 = ORIENTED_EDGE ( 'NONE', *, *, #1652, .F. ) ;
#611 = CARTESIAN_POINT ( 'NONE',  ( 37.89999999999998400, -17.60000000000000100, 4.299999999999999800 ) ) ;
#612 = DIRECTION ( 'NONE',  ( 0.0000000000000000000, 1.000000000000000000, 0.0000000000000000000 ) ) ;
#613 = PLANE ( 'NONE',  #5463 ) ;
#614 = COLOUR_RGB ( '',1.000000000000000000, 1.000000000000000000, 1.000000000000000000 ) ;
#615 = EDGE_CURVE ( 'NONE', #2075, #6030, #4166, .T. ) ;
#616 = CIRCLE ( 'NONE', #4697, 0.2549999999999982800 ) ;
#617 = DIRECTION ( 'NONE',  ( 1.000000000000000000, -1.284980352575413200E-016, -0.0000000000000000000 ) ) ;
#618 =( NAMED_UNIT ( * ) SI_UNIT ( $, .STERADIAN. ) SOLID_ANGLE_UNIT ( ) );
#619 = SURFACE_SIDE_STYLE ('',( #1263 ) ) ;
#620 = VECTOR ( 'NONE', #6853, 1000.000000000000000 ) ;
#621 = ORIENTED_EDGE ( 'NONE', *, *, #1297, .T. ) ;
#622 = DIRECTION ( 'NONE',  ( 0.0000000000000000000, 0.0000000000000000000, 1.000000000000000000 ) ) ;
#623 = FILL_AREA_STYLE ('',( #790 ) ) ;
#624 = EDGE_LOOP ( 'NONE', ( #1775, #4310, #2751, #7118 ) ) ;
#625 = PRESENTATION_STYLE_ASSIGNMENT (( #2627 ) ) ;
#626 = FACE_OUTER_BOUND ( 'NONE', #7287, .T. ) ;
#627 = UNCERTAINTY_MEASURE_WITH_UNIT (LENGTH_MEASURE( 1.000000000000000100E-005 ), #5703, 'distance_accuracy_value', 'NONE');
#628 = AXIS2_PLACEMENT_3D ( 'NONE', #2960, #4646, #1274 ) ;
#629 = LINE ( 'NONE', #1030, #3808 ) ;
#630 = DIRECTION ( 'NONE',  ( 1.000000000000000000, 4.391705002472927100E-016, 0.0000000000000000000 ) ) ;
#631 = ORIENTED_EDGE ( 'NONE', *, *, #5338, .T. ) ;
#632 = PRESENTATION_LAYER_ASSIGNMENT (  '', '', ( #7186 ) ) ;
#633 = EDGE_LOOP ( 'NONE', ( #2113, #2006, #6652, #5660, #4057, #3528 ) ) ;
#634 = FILL_AREA_STYLE_COLOUR ( '', #2797 ) ;
#635 = ADVANCED_FACE ( 'NONE', ( #1159 ), #6125, .T. ) ;
#636 = PRESENTATION_STYLE_ASSIGNMENT (( #2475 ) ) ;
#637 = FILL_AREA_STYLE ('',( #5696 ) ) ;
#638 = ORIENTED_EDGE ( 'NONE', *, *, #2530, .T. ) ;
#639 = ADVANCED_FACE ( 'NONE', ( #626 ), #5346, .F. ) ;
#640 = FILL_AREA_STYLE_COLOUR ( '', #2280 ) ;
#641 = ORIENTED_EDGE ( 'NONE', *, *, #716, .F. ) ;
#642 = CIRCLE ( 'NONE', #5822, 0.2549999999999982800 ) ;
#643 = CARTESIAN_POINT ( 'NONE',  ( -39.00000000000000000, -24.37999999999999200, -2.149999999999999900 ) ) ;
#644 = EDGE_CURVE ( 'NONE', #131, #1139, #6440, .T. ) ;
#645 = AXIS2_PLACEMENT_3D ( 'NONE', #2276, #6215, #2847 ) ;
#646 = DIRECTION ( 'NONE',  ( 0.0000000000000000000, -1.000000000000000000, 0.0000000000000000000 ) ) ;
#647 = ORIENTED_EDGE ( 'NONE', *, *, #6289, .F. ) ;
#648 = FILL_AREA_STYLE_COLOUR ( '', #1166 ) ;
#649 = EDGE_LOOP ( 'NONE', ( #4134, #5381, #932, #4050 ) ) ;
#650 = SURFACE_SIDE_STYLE ('',( #7240 ) ) ;
#651 =( LENGTH_UNIT ( ) NAMED_UNIT ( * ) SI_UNIT ( .MILLI., .METRE. ) );
#652 = CARTESIAN_POINT ( 'NONE',  ( -38.90000000000002000, -18.50000000000001100, 4.299999999999999800 ) ) ;
#653 = UNCERTAINTY_MEASURE_WITH_UNIT (LENGTH_MEASURE( 1.000000000000000100E-005 ), #4877, 'distance_accuracy_value', 'NONE');
#654 = MECHANICAL_DESIGN_GEOMETRIC_PRESENTATION_REPRESENTATION (  '', ( #6012 ), #272 ) ;
#655 = EDGE_CURVE ( 'NONE', #776, #5061, #4956, .T. ) ;
#656 = DIRECTION ( 'NONE',  ( -1.000000000000000000, -1.756682000989170800E-015, 0.0000000000000000000 ) ) ;
#657 = VERTEX_POINT ( 'NONE', #4205 ) ;
#658 = DIRECTION ( 'NONE',  ( 0.0000000000000000000, 0.0000000000000000000, -1.000000000000000000 ) ) ;
#659 = AXIS2_PLACEMENT_3D ( 'NONE', #3174, #3737, #7035 ) ;
#660 = DIRECTION ( 'NONE',  ( 0.0000000000000000000, -0.0000000000000000000, 1.000000000000000000 ) ) ;
#661 = AXIS2_PLACEMENT_3D ( 'NONE', #3211, #3801, #7159 ) ;
#662 = PLANE ( 'NONE',  #3410 ) ;
#663 = CARTESIAN_POINT ( 'NONE',  ( -24.75999999999999100, -28.19999999999999600, -13.29999999999999900 ) ) ;
#664 = PRESENTATION_LAYER_ASSIGNMENT (  '', '', ( #1037 ) ) ;
#665 = VECTOR ( 'NONE', #1011, 1000.000000000000000 ) ;
#666 = DIRECTION ( 'NONE',  ( 1.000000000000000000, 0.0000000000000000000, -0.0000000000000000000 ) ) ;
#667 = EDGE_CURVE ( 'NONE', #464, #5816, #4791, .T. ) ;
#668 = LINE ( 'NONE', #3616, #4999 ) ;
#669 = CARTESIAN_POINT ( 'NONE',  ( 16.00000000000000000, -24.00000000000000000, -0.7999999999999999300 ) ) ;
#670 = EDGE_CURVE ( 'NONE', #1000, #1824, #6272, .T. ) ;
#671 = EDGE_LOOP ( 'NONE', ( #5645, #6718, #6882, #287 ) ) ;
#672 = VERTEX_POINT ( 'NONE', #6987 ) ;
#673 = ORIENTED_EDGE ( 'NONE', *, *, #4112, .T. ) ;
#674 = STYLED_ITEM ( 'NONE', ( #5018 ), #4870 ) ;
#675 = SURFACE_STYLE_FILL_AREA ( #2091 ) ;
#676 = FACE_OUTER_BOUND ( 'NONE', #1310, .T. ) ;
#677 = DIRECTION ( 'NONE',  ( 0.0000000000000000000, -0.0000000000000000000, 1.000000000000000000 ) ) ;
#678 = FACE_OUTER_BOUND ( 'NONE', #845, .T. ) ;
#679 = DIRECTION ( 'NONE',  ( -0.0000000000000000000, -0.0000000000000000000, -1.000000000000000000 ) ) ;
#680 = CARTESIAN_POINT ( 'NONE',  ( -7.000000000000000000, -24.60000000000000100, 2.521247357350493000 ) ) ;
#681 = CARTESIAN_POINT ( 'NONE',  ( -38.89999999999999100, -24.60000000000000100, 1.899999999999999900 ) ) ;
#682 = VECTOR ( 'NONE', #7302, 1000.000000000000000 ) ;
#683 = AXIS2_PLACEMENT_3D ( 'NONE', #3101, #1665, #1358 ) ;
#684 =( NAMED_UNIT ( * ) PLANE_ANGLE_UNIT ( ) SI_UNIT ( $, .RADIAN. ) );
#685 = VERTEX_POINT ( 'NONE', #2474 ) ;
#686 = SURFACE_STYLE_USAGE ( .BOTH. , #3507 ) ;
#687 = MECHANICAL_DESIGN_GEOMETRIC_PRESENTATION_REPRESENTATION (  '', ( #6978 ), #4968 ) ;
#688 = EDGE_CURVE ( 'NONE', #5025, #1405, #1960, .T. ) ;
#689 = ORIENTED_EDGE ( 'NONE', *, *, #5963, .T. ) ;
#690 = DIRECTION ( 'NONE',  ( -1.000000000000000000, 0.0000000000000000000, -0.0000000000000000000 ) ) ;
#691 = ORIENTED_EDGE ( 'NONE', *, *, #561, .F. ) ;
#692 = CIRCLE ( 'NONE', #1445, 0.3000000000000016500 ) ;
#693 = AXIS2_PLACEMENT_3D ( 'NONE', #5104, #2854, #3989 ) ;
#694 = VECTOR ( 'NONE', #798, 1000.000000000000000 ) ;
#695 = EDGE_LOOP ( 'NONE', ( #5906, #5366, #4033, #5725 ) ) ;
#696 = ORIENTED_EDGE ( 'NONE', *, *, #2809, .F. ) ;
#697 = DIRECTION ( 'NONE',  ( 1.000000000000000000, 3.469446951953619300E-015, 0.0000000000000000000 ) ) ;
#698 = VECTOR ( 'NONE', #7123, 1000.000000000000000 ) ;
#699 = CARTESIAN_POINT ( 'NONE',  ( 7.000000000000000000, -26.73174244184210800, 2.555991270680096700 ) ) ;
#700 = ORIENTED_EDGE ( 'NONE', *, *, #7246, .T. ) ;
#701 = CARTESIAN_POINT ( 'NONE',  ( -7.000000000000000000, -24.43789702601973300, -1.172479684601381200 ) ) ;
#702 = PRESENTATION_LAYER_ASSIGNMENT (  '', '', ( #7254 ) ) ;
#703 = ADVANCED_FACE ( 'NONE', ( #3080 ), #1340, .F. ) ;
#704 = CARTESIAN_POINT ( 'NONE',  ( -38.90000000000003400, 25.99999999999998900, 4.599999999999999600 ) ) ;
#705 = CARTESIAN_POINT ( 'NONE',  ( -38.89999999999999100, -24.60000000000000100, 3.799999999999999800 ) ) ;
#706 = VECTOR ( 'NONE', #5646, 1000.000000000000000 ) ;
#707 = DIRECTION ( 'NONE',  ( -5.782411586589365500E-016, 1.000000000000000000, -0.0000000000000000000 ) ) ;
#708 = ORIENTED_EDGE ( 'NONE', *, *, #1545, .F. ) ;
#709 = MANIFOLD_SOLID_BREP ( 'Boss-Extrude7[8]', #4354 ) ;
#710 = DIRECTION ( 'NONE',  ( 0.0000000000000000000, -0.0000000000000000000, 1.000000000000000000 ) ) ;
#711 = CARTESIAN_POINT ( 'NONE',  ( 19.67999999999998900, -28.19999999999999900, 0.2000000000000000900 ) ) ;
#712 = PRESENTATION_STYLE_ASSIGNMENT (( #2613 ) ) ;
#713 = COLOUR_RGB ( '',0.0000000000000000000, 0.7529411764705882200, 0.0000000000000000000 ) ;
#714 = SURFACE_STYLE_USAGE ( .BOTH. , #4813 ) ;
#715 = DIRECTION ( 'NONE',  ( -0.0000000000000000000, -0.0000000000000000000, -1.000000000000000000 ) ) ;
#716 = EDGE_CURVE ( 'NONE', #198, #6382, #5039, .T. ) ;
#717 = DIRECTION ( 'NONE',  ( 1.000000000000000000, -0.0000000000000000000, -0.0000000000000000000 ) ) ;
#718 = SURFACE_SIDE_STYLE ('',( #2482 ) ) ;
#719 = VECTOR ( 'NONE', #1825, 1000.000000000000000 ) ;
#720 = DIRECTION ( 'NONE',  ( 1.000000000000000000, 5.028183988338563900E-015, 0.0000000000000000000 ) ) ;
#721 = CARTESIAN_POINT ( 'NONE',  ( 7.000000000000000000, -23.80377424504745000, -1.034061401396614300 ) ) ;
#722 = ORIENTED_EDGE ( 'NONE', *, *, #26, .T. ) ;
#723 = ORIENTED_EDGE ( 'NONE', *, *, #846, .F. ) ;
#724 = AXIS2_PLACEMENT_3D ( 'NONE', #3365, #6748, #6169 ) ;
#725 = SURFACE_STYLE_USAGE ( .BOTH. , #4128 ) ;
#726 = CARTESIAN_POINT ( 'NONE',  ( -29.58499999999999400, -28.19999999999999600, -13.29999999999999900 ) ) ;
#727 = CARTESIAN_POINT ( 'NONE',  ( -36.00000000000000700, -25.49999999999999600, 1.900000000000000100 ) ) ;
#728 = ORIENTED_EDGE ( 'NONE', *, *, #450, .T. ) ;
#729 = ORIENTED_EDGE ( 'NONE', *, *, #4256, .T. ) ;
#730 = ORIENTED_EDGE ( 'NONE', *, *, #5207, .F. ) ;
#731 = FILL_AREA_STYLE ('',( #4707 ) ) ;
#732 =( LENGTH_UNIT ( ) NAMED_UNIT ( * ) SI_UNIT ( .MILLI., .METRE. ) );
#733 = VECTOR ( 'NONE', #6127, 1000.000000000000000 ) ;
#734 = CARTESIAN_POINT ( 'NONE',  ( -38.89999999999999100, 25.90000000000000600, 3.799999999999999800 ) ) ;
#735 = PRESENTATION_LAYER_ASSIGNMENT (  '', '', ( #6939 ) ) ;
#736 = DIRECTION ( 'NONE',  ( -0.0000000000000000000, -0.0000000000000000000, -1.000000000000000000 ) ) ;
#737 = VECTOR ( 'NONE', #874, 1000.000000000000000 ) ;
#738 =( NAMED_UNIT ( * ) SI_UNIT ( $, .STERADIAN. ) SOLID_ANGLE_UNIT ( ) );
#739 = PRESENTATION_LAYER_ASSIGNMENT (  '', '', ( #7295 ) ) ;
#740 = DIRECTION ( 'NONE',  ( 0.0000000000000000000, -0.0000000000000000000, 1.000000000000000000 ) ) ;
#741 = DIRECTION ( 'NONE',  ( 4.336808689942021700E-016, 1.000000000000000000, 0.0000000000000000000 ) ) ;
#742 = SURFACE_STYLE_FILL_AREA ( #3664 ) ;
#743 = ORIENTED_EDGE ( 'NONE', *, *, #2331, .F. ) ;
#744 = EDGE_LOOP ( 'NONE', ( #4447, #3346, #4515, #558 ) ) ;
#745 = EDGE_CURVE ( 'NONE', #6302, #2926, #2567, .T. ) ;
#746 =( NAMED_UNIT ( * ) SI_UNIT ( $, .STERADIAN. ) SOLID_ANGLE_UNIT ( ) );
#747 = DIRECTION ( 'NONE',  ( 1.284980352575413200E-016, 1.000000000000000000, -0.0000000000000000000 ) ) ;
#748 = DIRECTION ( 'NONE',  ( 0.0000000000000000000, 0.0000000000000000000, 1.000000000000000000 ) ) ;
#749 = FACE_OUTER_BOUND ( 'NONE', #5730, .T. ) ;
#750 = ORIENTED_EDGE ( 'NONE', *, *, #6633, .F. ) ;
#751 = LINE ( 'NONE', #1174, #3595 ) ;
#752 = CARTESIAN_POINT ( 'NONE',  ( -38.89999999999999100, -24.60000000000000100, 3.799999999999999800 ) ) ;
#753 = AXIS2_PLACEMENT_3D ( 'NONE', #4972, #1588, #3884 ) ;
#754 = LINE ( 'NONE', #4655, #3598 ) ;
#755 = PRESENTATION_LAYER_ASSIGNMENT (  '', '', ( #393 ) ) ;
#756 = UNCERTAINTY_MEASURE_WITH_UNIT (LENGTH_MEASURE( 1.000000000000000100E-005 ), #1143, 'distance_accuracy_value', 'NONE');
#757 = ORIENTED_EDGE ( 'NONE', *, *, #7246, .F. ) ;
#758 = FACE_OUTER_BOUND ( 'NONE', #4494, .T. ) ;
#759 = COLOUR_RGB ( '',1.000000000000000000, 1.000000000000000000, 1.000000000000000000 ) ;
#760 = EDGE_CURVE ( 'NONE', #5882, #1965, #2047, .T. ) ;
#761 = DIRECTION ( 'NONE',  ( -1.000000000000000000, 0.0000000000000000000, -0.0000000000000000000 ) ) ;
#762 = LINE ( 'NONE', #3364, #5107 ) ;
#763 = FILL_AREA_STYLE_COLOUR ( '', #497 ) ;
#764 = STYLED_ITEM ( 'NONE', ( #4590 ), #5127 ) ;
#765 = DIRECTION ( 'NONE',  ( -1.000000000000000000, 0.0000000000000000000, 0.0000000000000000000 ) ) ;
#766 = ORIENTED_EDGE ( 'NONE', *, *, #4693, .T. ) ;
#767 = CARTESIAN_POINT ( 'NONE',  ( -39.00000000000000700, 22.20000000000001400, -5.350000000000000500 ) ) ;
#768 = ORIENTED_EDGE ( 'NONE', *, *, #817, .F. ) ;
#769 = DIRECTION ( 'NONE',  ( -0.0000000000000000000, -0.0000000000000000000, 1.000000000000000000 ) ) ;
#770 = PRESENTATION_STYLE_ASSIGNMENT (( #3456 ) ) ;
#771 = CLOSED_SHELL ( 'NONE', ( #3369, #1872, #468, #2525 ) ) ;
#772 = EDGE_CURVE ( 'NONE', #3360, #1705, #538, .T. ) ;
#773 = LINE ( 'NONE', #5729, #5118 ) ;
#774 = SURFACE_STYLE_FILL_AREA ( #5505 ) ;
#775 = VERTEX_POINT ( 'NONE', #5250 ) ;
#776 = VERTEX_POINT ( 'NONE', #5619 ) ;
#777 =( NAMED_UNIT ( * ) SI_UNIT ( $, .STERADIAN. ) SOLID_ANGLE_UNIT ( ) );
#778 = CARTESIAN_POINT ( 'NONE',  ( -39.00000000000000700, 23.45000000000000300, 1.899999999999999900 ) ) ;
#779 = CARTESIAN_POINT ( 'NONE',  ( -27.29999999999999000, -28.19999999999999600, -13.29999999999999900 ) ) ;
#780 = AXIS2_PLACEMENT_3D ( 'NONE', #7216, #3855, #486 ) ;
#781 = FILL_AREA_STYLE_COLOUR ( '', #4749 ) ;
#782 = B_SPLINE_CURVE_WITH_KNOTS ( 'NONE', 3,
 ( #2037, #1671, #5788, #5538, #1454 ),
 .UNSPECIFIED., .F., .F.,
 ( 4, 1, 4 ),
 ( 0.7093046694557113600, 0.7500000000000000000, 0.8204381560015060500 ),
 .UNSPECIFIED. ) ;
#783 = COLOUR_RGB ( '',0.8039215686274510100, 0.4980392156862745200, 0.1960784313725490200 ) ;
#784 = ORIENTED_EDGE ( 'NONE', *, *, #3075, .T. ) ;
#785 = SURFACE_STYLE_FILL_AREA ( #6451 ) ;
#786 = STYLED_ITEM ( 'NONE', ( #278 ), #499 ) ;
#787 = EDGE_CURVE ( 'NONE', #1547, #3077, #4868, .T. ) ;
#788 = EDGE_CURVE ( 'NONE', #583, #3521, #1873, .T. ) ;
#789 = SURFACE_SIDE_STYLE ('',( #6640 ) ) ;
#790 = FILL_AREA_STYLE_COLOUR ( '', #2103 ) ;
#791 = CYLINDRICAL_SURFACE ( 'NONE', #5365, 0.5000000000000004400 ) ;
#792 =( GEOMETRIC_REPRESENTATION_CONTEXT ( 3 ) GLOBAL_UNCERTAINTY_ASSIGNED_CONTEXT ( ( #2727 ) ) GLOBAL_UNIT_ASSIGNED_CONTEXT ( ( #3013, #6383, #2449 ) ) REPRESENTATION_CONTEXT ( 'NONE', 'WORKASPACE' ) );
#793 = VECTOR ( 'NONE', #1761, 1000.000000000000000 ) ;
#794 = COLOUR_RGB ( '',0.7921568627450980000, 0.8196078431372548800, 0.9333333333333333500 ) ;
#795 = CARTESIAN_POINT ( 'NONE',  ( 38.89999999999999900, -24.17999999999999300, -0.5999999999999999800 ) ) ;
#796 = ORIENTED_EDGE ( 'NONE', *, *, #6454, .T. ) ;
#797 = SURFACE_STYLE_FILL_AREA ( #3180 ) ;
#798 = DIRECTION ( 'NONE',  ( -1.000000000000000000, 0.0000000000000000000, 0.0000000000000000000 ) ) ;
#799 =( NAMED_UNIT ( * ) PLANE_ANGLE_UNIT ( ) SI_UNIT ( $, .RADIAN. ) );
#800 = UNCERTAINTY_MEASURE_WITH_UNIT (LENGTH_MEASURE( 1.000000000000000100E-005 ), #2343, 'distance_accuracy_value', 'NONE');
#801 = AXIS2_PLACEMENT_3D ( 'NONE', #4300, #6242, #6620 ) ;
#802 = FACE_OUTER_BOUND ( 'NONE', #4777, .T. ) ;
#803 = EDGE_CURVE ( 'NONE', #2279, #4422, #4076, .T. ) ;
#804 = ORIENTED_EDGE ( 'NONE', *, *, #3695, .T. ) ;
#805 = PLANE ( 'NONE',  #372 ) ;
#806 = CARTESIAN_POINT ( 'NONE',  ( 27.99999999999998200, -24.00000000000000000, -0.7999999999999999300 ) ) ;
#807 = DIRECTION ( 'NONE',  ( 3.182978855003314300E-016, 1.000000000000000000, 0.0000000000000000000 ) ) ;
#808 = ORIENTED_EDGE ( 'NONE', *, *, #5790, .T. ) ;
#809 = VERTEX_POINT ( 'NONE', #5370 ) ;
#810 = AXIS2_PLACEMENT_3D ( 'NONE', #1902, #4141, #741 ) ;
#811 = COLOUR_RGB ( '',0.5019607843137254800, 1.000000000000000000, 0.5019607843137254800 ) ;
#812 = LINE ( 'NONE', #1115, #3643 ) ;
#813 = VERTEX_POINT ( 'NONE', #5182 ) ;
#814 = SURFACE_STYLE_FILL_AREA ( #971 ) ;
#815 = CARTESIAN_POINT ( 'NONE',  ( 39.99999999999999300, 27.00000000000000400, -2.149999999999999900 ) ) ;
#816 = SURFACE_STYLE_USAGE ( .BOTH. , #194 ) ;
#817 = EDGE_CURVE ( 'NONE', #4772, #3459, #4705, .T. ) ;
#818 = PRESENTATION_STYLE_ASSIGNMENT (( #4533 ) ) ;
#819 = ORIENTED_EDGE ( 'NONE', *, *, #5361, .T. ) ;
#820 = ORIENTED_EDGE ( 'NONE', *, *, #1420, .T. ) ;
#821 = DIRECTION ( 'NONE',  ( -0.0000000000000000000, -0.0000000000000000000, 1.000000000000000000 ) ) ;
#822 = CARTESIAN_POINT ( 'NONE',  ( 20.00000000000000400, -11.00000000000000400, -0.7999999999999999300 ) ) ;
#823 = PRESENTATION_STYLE_ASSIGNMENT (( #1742 ) ) ;
#824 =( NAMED_UNIT ( * ) PLANE_ANGLE_UNIT ( ) SI_UNIT ( $, .RADIAN. ) );
#825 = DIRECTION ( 'NONE',  ( -0.0000000000000000000, -0.0000000000000000000, -1.000000000000000000 ) ) ;
#826 = ORIENTED_EDGE ( 'NONE', *, *, #3606, .F. ) ;
#827 = CARTESIAN_POINT ( 'NONE',  ( -22.47499999999998700, -28.19999999999999600, -13.29999999999999900 ) ) ;
#828 = DIRECTION ( 'NONE',  ( -1.000000000000000000, 0.0000000000000000000, 0.0000000000000000000 ) ) ;
#829 = DIRECTION ( 'NONE',  ( -1.000000000000000000, 0.0000000000000000000, -0.0000000000000000000 ) ) ;
#830 =( NAMED_UNIT ( * ) SI_UNIT ( $, .STERADIAN. ) SOLID_ANGLE_UNIT ( ) );
#831 = PRESENTATION_LAYER_ASSIGNMENT (  '', '', ( #73 ) ) ;
#832 = ORIENTED_EDGE ( 'NONE', *, *, #4693, .F. ) ;
#833 = SURFACE_STYLE_USAGE ( .BOTH. , #270 ) ;
#834 = DIRECTION ( 'NONE',  ( -0.0000000000000000000, 0.0000000000000000000, -1.000000000000000000 ) ) ;
#835 = AXIS2_PLACEMENT_3D ( 'NONE', #350, #4160, #222 ) ;
#836 =( LENGTH_UNIT ( ) NAMED_UNIT ( * ) SI_UNIT ( .MILLI., .METRE. ) );
#837 = AXIS2_PLACEMENT_3D ( 'NONE', #7301, #720, #7014 ) ;
#838 = CARTESIAN_POINT ( 'NONE',  ( -36.50000000000000000, -22.67999999999996100, -0.5999999999999999800 ) ) ;
#839 = ORIENTED_EDGE ( 'NONE', *, *, #3472, .T. ) ;
#840 = FILL_AREA_STYLE ('',( #4881 ) ) ;
#841 = SURFACE_STYLE_FILL_AREA ( #117 ) ;
#842 = UNCERTAINTY_MEASURE_WITH_UNIT (LENGTH_MEASURE( 1.000000000000000100E-005 ), #2093, 'distance_accuracy_value', 'NONE');
#843 = EDGE_CURVE ( 'NONE', #2718, #3839, #3162, .T. ) ;
#844 = FACE_OUTER_BOUND ( 'NONE', #4467, .T. ) ;
#845 = EDGE_LOOP ( 'NONE', ( #6513, #5058, #7077, #440 ) ) ;
#846 = EDGE_CURVE ( 'NONE', #2075, #3521, #5980, .T. ) ;
#847 = SURFACE_SIDE_STYLE ('',( #7311 ) ) ;
#848 = FILL_AREA_STYLE ('',( #5382 ) ) ;
#849 = PRESENTATION_STYLE_ASSIGNMENT (( #816 ) ) ;
#850 = PLANE ( 'NONE',  #4741 ) ;
#851 = CARTESIAN_POINT ( 'NONE',  ( 38.90000000000003400, 25.99999999999998900, 4.299999999999999800 ) ) ;
#852 = ORIENTED_EDGE ( 'NONE', *, *, #4021, .T. ) ;
#853 = LINE ( 'NONE', #5996, #3860 ) ;
#854 = CIRCLE ( 'NONE', #6875, 0.3000000000000016500 ) ;
#855 = CARTESIAN_POINT ( 'NONE',  ( -40.00000000000000700, -19.54999999999999700, 4.850000000000000500 ) ) ;
#856 = VECTOR ( 'NONE', #2687, 1000.000000000000000 ) ;
#857 = ADVANCED_FACE ( 'NONE', ( #173 ), #5100, .F. ) ;
#858 = SURFACE_STYLE_USAGE ( .BOTH. , #1354 ) ;
#859 = CARTESIAN_POINT ( 'NONE',  ( -40.00000000000000700, 16.70000000000001700, -0.6500000000000008000 ) ) ;
#860 = FACE_OUTER_BOUND ( 'NONE', #3238, .T. ) ;
#861 = VECTOR ( 'NONE', #991, 1000.000000000000000 ) ;
#862 = DIRECTION ( 'NONE',  ( 1.000000000000000000, 0.0000000000000000000, 0.0000000000000000000 ) ) ;
#863 = AXIS2_PLACEMENT_3D ( 'NONE', #2278, #6216, #6790 ) ;
#864 =( NAMED_UNIT ( * ) SI_UNIT ( $, .STERADIAN. ) SOLID_ANGLE_UNIT ( ) );
#865 = ORIENTED_EDGE ( 'NONE', *, *, #2180, .F. ) ;
#866 = ORIENTED_EDGE ( 'NONE', *, *, #2710, .T. ) ;
#867 = CIRCLE ( 'NONE', #5870, 0.2549999999999982800 ) ;
#868 = FACE_OUTER_BOUND ( 'NONE', #1039, .T. ) ;
#869 = SURFACE_STYLE_USAGE ( .BOTH. , #258 ) ;
#870 = EDGE_LOOP ( 'NONE', ( #3739, #1075, #6956, #4894 ) ) ;
#871 = DIRECTION ( 'NONE',  ( 0.0000000000000000000, -1.000000000000000000, 0.0000000000000000000 ) ) ;
#872 = CARTESIAN_POINT ( 'NONE',  ( 38.99999999999998600, -24.38000000000000300, -2.149999999999999900 ) ) ;
#873 = PRESENTATION_STYLE_ASSIGNMENT (( #2084 ) ) ;
#874 = DIRECTION ( 'NONE',  ( 1.000000000000000000, -0.0000000000000000000, -0.0000000000000000000 ) ) ;
#875 = EDGE_CURVE ( 'NONE', #247, #1165, #3000, .T. ) ;
#876 = CARTESIAN_POINT ( 'NONE',  ( 38.99999999999998600, -24.38000000000000300, -2.149999999999999900 ) ) ;
#877 = PLANE ( 'NONE',  #1595 ) ;
#878 = VECTOR ( 'NONE', #6717, 1000.000000000000000 ) ;
#879 = EDGE_CURVE ( 'NONE', #159, #90, #4331, .T. ) ;
#880 = AXIS2_PLACEMENT_3D ( 'NONE', #6384, #2450, #5815 ) ;
#881 = CARTESIAN_POINT ( 'NONE',  ( 39.99999999999998600, 23.20000000000000600, -2.149999999999999900 ) ) ;
#882 = AXIS2_PLACEMENT_3D ( 'NONE', #5138, #5673, #7274 ) ;
#883 = EDGE_CURVE ( 'NONE', #7303, #1912, #5812, .T. ) ;
#884 = VERTEX_POINT ( 'NONE', #346 ) ;
#885 = CARTESIAN_POINT ( 'NONE',  ( 7.000000000000000000, -27.80484785924798500, 1.237233028282289600 ) ) ;
#886 = CIRCLE ( 'NONE', #5225, 0.2549999999999982800 ) ;
#887 =( NAMED_UNIT ( * ) PLANE_ANGLE_UNIT ( ) SI_UNIT ( $, .RADIAN. ) );
#888 = AXIS2_PLACEMENT_3D ( 'NONE', #564, #3937, #7290 ) ;
#889 =( LENGTH_UNIT ( ) NAMED_UNIT ( * ) SI_UNIT ( .MILLI., .METRE. ) );
#890 = VERTEX_POINT ( 'NONE', #5408 ) ;
#891 = AXIS2_PLACEMENT_3D ( 'NONE', #5199, #1253, #2516 ) ;
#892 = ADVANCED_FACE ( 'NONE', ( #7136 ), #7089, .F. ) ;
#893 = LINE ( 'NONE', #1252, #719 ) ;
#894 = CARTESIAN_POINT ( 'NONE',  ( -28.99999999999998600, -24.00000000000000000, -0.5999999999999999800 ) ) ;
#895 = DIRECTION ( 'NONE',  ( 0.0000000000000000000, 0.0000000000000000000, -1.000000000000000000 ) ) ;
#896 =( LENGTH_UNIT ( ) NAMED_UNIT ( * ) SI_UNIT ( .MILLI., .METRE. ) );
#897 = ORIENTED_EDGE ( 'NONE', *, *, #901, .F. ) ;
#898 = ORIENTED_EDGE ( 'NONE', *, *, #6219, .F. ) ;
#899 = CARTESIAN_POINT ( 'NONE',  ( 37.89999999999998400, -17.60000000000000100, 4.599999999999999600 ) ) ;
#900 = SURFACE_STYLE_FILL_AREA ( #3119 ) ;
#901 = EDGE_CURVE ( 'NONE', #5685, #5825, #2648, .T. ) ;
#902 = AXIS2_PLACEMENT_3D ( 'NONE', #1226, #2355, #2309 ) ;
#903 = AXIS2_PLACEMENT_3D ( 'NONE', #3295, #7231, #3871 ) ;
#904 = EDGE_CURVE ( 'NONE', #6053, #6639, #2128, .T. ) ;
#905 = CARTESIAN_POINT ( 'NONE',  ( -40.00000000000000700, 25.99999999999999300, 1.899999999999999900 ) ) ;
#906 = CARTESIAN_POINT ( 'NONE',  ( -38.69999999999999600, -25.99999999999998600, -2.149999999999999900 ) ) ;
#907 = PLANE ( 'NONE',  #810 ) ;
#908 = SURFACE_SIDE_STYLE ('',( #3225 ) ) ;
#909 = VERTEX_POINT ( 'NONE', #1784 ) ;
#910 =( GEOMETRIC_REPRESENTATION_CONTEXT ( 3 ) GLOBAL_UNCERTAINTY_ASSIGNED_CONTEXT ( ( #2283 ) ) GLOBAL_UNIT_ASSIGNED_CONTEXT ( ( #6944, #3003, #6372 ) ) REPRESENTATION_CONTEXT ( 'NONE', 'WORKASPACE' ) );
#911 = CARTESIAN_POINT ( 'NONE',  ( -38.99999999999999300, -27.00000000000000400, 1.899999999999999900 ) ) ;
#912 =( LENGTH_UNIT ( ) NAMED_UNIT ( * ) SI_UNIT ( .MILLI., .METRE. ) );
#913 = DIRECTION ( 'NONE',  ( -0.0000000000000000000, -0.0000000000000000000, -1.000000000000000000 ) ) ;
#914 = LINE ( 'NONE', #4008, #5256 ) ;
#915 = CARTESIAN_POINT ( 'NONE',  ( 35.79999999999999700, -30.00000000000000000, -0.5999999999999999800 ) ) ;
#916 = AXIS2_PLACEMENT_3D ( 'NONE', #6484, #1412, #761 ) ;
#917 = ORIENTED_EDGE ( 'NONE', *, *, #3281, .T. ) ;
#918 = ORIENTED_EDGE ( 'NONE', *, *, #1655, .F. ) ;
#919 = CARTESIAN_POINT ( 'NONE',  ( 21.96499999999999300, -28.19999999999999600, 0.2000000000000000900 ) ) ;
#920 = PLANE ( 'NONE',  #5754 ) ;
#921 = CARTESIAN_POINT ( 'NONE',  ( -22.21999999999998800, -28.19999999999999600, -13.29999999999999900 ) ) ;
#922 = CARTESIAN_POINT ( 'NONE',  ( -35.79999999999999700, -29.99999999999998600, -0.5999999999999999800 ) ) ;
#923 =( GEOMETRIC_REPRESENTATION_CONTEXT ( 3 ) GLOBAL_UNCERTAINTY_ASSIGNED_CONTEXT ( ( #7250 ) ) GLOBAL_UNIT_ASSIGNED_CONTEXT ( ( #5401, #1440, #5924 ) ) REPRESENTATION_CONTEXT ( 'NONE', 'WORKASPACE' ) );
#924 = STYLED_ITEM ( 'NONE', ( #5209 ), #81 ) ;
#925 = EDGE_CURVE ( 'NONE', #4308, #2972, #616, .T. ) ;
#926 = SURFACE_STYLE_FILL_AREA ( #2657 ) ;
#927 = VERTEX_POINT ( 'NONE', #2477 ) ;
#928 =( GEOMETRIC_REPRESENTATION_CONTEXT ( 3 ) GLOBAL_UNCERTAINTY_ASSIGNED_CONTEXT ( ( #1023 ) ) GLOBAL_UNIT_ASSIGNED_CONTEXT ( ( #5055, #7267, #448 ) ) REPRESENTATION_CONTEXT ( 'NONE', 'WORKASPACE' ) );
#929 =( GEOMETRIC_REPRESENTATION_CONTEXT ( 3 ) GLOBAL_UNCERTAINTY_ASSIGNED_CONTEXT ( ( #4971 ) ) GLOBAL_UNIT_ASSIGNED_CONTEXT ( ( #2003, #4821, #6497 ) ) REPRESENTATION_CONTEXT ( 'NONE', 'WORKASPACE' ) );
#930 = FILL_AREA_STYLE ('',( #6953 ) ) ;
#931 = ADVANCED_FACE ( 'NONE', ( #2834 ), #7219, .T. ) ;
#932 = ORIENTED_EDGE ( 'NONE', *, *, #6897, .F. ) ;
#933 = COLOUR_RGB ( '',1.000000000000000000, 1.000000000000000000, 1.000000000000000000 ) ;
#934 = MANIFOLD_SOLID_BREP ( 'Boss-Extrude7[3]', #367 ) ;
#935 = VERTEX_POINT ( 'NONE', #4210 ) ;
#936 =( GEOMETRIC_REPRESENTATION_CONTEXT ( 3 ) GLOBAL_UNCERTAINTY_ASSIGNED_CONTEXT ( ( #653 ) ) GLOBAL_UNIT_ASSIGNED_CONTEXT ( ( #4877, #3617, #7146 ) ) REPRESENTATION_CONTEXT ( 'NONE', 'WORKASPACE' ) );
#937 = SURFACE_STYLE_USAGE ( .BOTH. , #2618 ) ;
#938 = ORIENTED_EDGE ( 'NONE', *, *, #2031, .F. ) ;
#939 = MECHANICAL_DESIGN_GEOMETRIC_PRESENTATION_REPRESENTATION (  '', ( #3587 ), #4503 ) ;
#940 = CIRCLE ( 'NONE', #4931, 0.3000000000000016500 ) ;
#941 = LINE ( 'NONE', #6972, #3769 ) ;
#942 = SURFACE_STYLE_USAGE ( .BOTH. , #4903 ) ;
#943 = COLOUR_RGB ( '',1.000000000000000000, 1.000000000000000000, 1.000000000000000000 ) ;
#944 = LINE ( 'NONE', #1677, #5279 ) ;
#945 = DIRECTION ( 'NONE',  ( 2.891205793294675900E-015, -1.000000000000000000, 0.0000000000000000000 ) ) ;
#946 = CYLINDRICAL_SURFACE ( 'NONE', #4161, 0.2549999999999982800 ) ;
#947 = DIRECTION ( 'NONE',  ( 0.0000000000000000000, -1.000000000000000000, 0.0000000000000000000 ) ) ;
#948 = ORIENTED_EDGE ( 'NONE', *, *, #3198, .F. ) ;
#949 = DIRECTION ( 'NONE',  ( -1.000000000000000000, 0.0000000000000000000, 0.0000000000000000000 ) ) ;
#950 = FILL_AREA_STYLE_COLOUR ( '', #2137 ) ;
#951 =( NAMED_UNIT ( * ) PLANE_ANGLE_UNIT ( ) SI_UNIT ( $, .RADIAN. ) );
#952 = FACE_OUTER_BOUND ( 'NONE', #5718, .T. ) ;
#953 = VERTEX_POINT ( 'NONE', #3713 ) ;
#954 = VECTOR ( 'NONE', #6751, 1000.000000000000000 ) ;
#955 = VECTOR ( 'NONE', #1295, 1000.000000000000000 ) ;
#956 = FACE_BOUND ( 'NONE', #7041, .T. ) ;
#957 = EDGE_LOOP ( 'NONE', ( #3366, #2678, #446, #7036 ) ) ;
#958 = ORIENTED_EDGE ( 'NONE', *, *, #3546, .F. ) ;
#959 = CARTESIAN_POINT ( 'NONE',  ( 7.000000000000000900, -21.21347195758764000, 3.854781685844671300 ) ) ;
#960 = CARTESIAN_POINT ( 'NONE',  ( 39.99999999999998600, 17.20000000000000300, -5.350000000000000500 ) ) ;
#961 = SURFACE_STYLE_FILL_AREA ( #552 ) ;
#962 = LINE ( 'NONE', #4530, #6792 ) ;
#963 = LINE ( 'NONE', #5687, #6794 ) ;
#964 =( NAMED_UNIT ( * ) PLANE_ANGLE_UNIT ( ) SI_UNIT ( $, .RADIAN. ) );
#965 = EDGE_LOOP ( 'NONE', ( #6894, #1930, #4479, #1649, #3030, #2548 ) ) ;
#966 =( NAMED_UNIT ( * ) PLANE_ANGLE_UNIT ( ) SI_UNIT ( $, .RADIAN. ) );
#967 = AXIS2_PLACEMENT_3D ( 'NONE', #6700, #3315, #1893 ) ;
#968 = PLANE ( 'NONE',  #2828 ) ;
#969 = UNCERTAINTY_MEASURE_WITH_UNIT (LENGTH_MEASURE( 1.000000000000000100E-005 ), #6838, 'distance_accuracy_value', 'NONE');
#970 = FACE_OUTER_BOUND ( 'NONE', #6518, .T. ) ;
#971 = FILL_AREA_STYLE ('',( #7125 ) ) ;
#972 = PRESENTATION_LAYER_ASSIGNMENT (  '', '', ( #1312 ) ) ;
#973 = ADVANCED_FACE ( 'NONE', ( #2386 ), #4315, .F. ) ;
#974 = CIRCLE ( 'NONE', #6658, 0.5000000000000004400 ) ;
#975 = VERTEX_POINT ( 'NONE', #2760 ) ;
#976 =( NAMED_UNIT ( * ) SI_UNIT ( $, .STERADIAN. ) SOLID_ANGLE_UNIT ( ) );
#977 = DIRECTION ( 'NONE',  ( 1.000000000000000000, 0.0000000000000000000, -0.0000000000000000000 ) ) ;
#978 = ORIENTED_EDGE ( 'NONE', *, *, #3439, .F. ) ;
#979 = FACE_OUTER_BOUND ( 'NONE', #2421, .T. ) ;
#980 = DIRECTION ( 'NONE',  ( 3.118604001756057900E-016, -1.000000000000000000, 0.0000000000000000000 ) ) ;
#981 = MECHANICAL_DESIGN_GEOMETRIC_PRESENTATION_REPRESENTATION (  '', ( #3239 ), #2738 ) ;
#982 = PRESENTATION_STYLE_ASSIGNMENT (( #3704 ) ) ;
#983 = DIRECTION ( 'NONE',  ( -1.000000000000000000, 3.717264591378872200E-016, 0.0000000000000000000 ) ) ;
#984 = ORIENTED_EDGE ( 'NONE', *, *, #2455, .T. ) ;
#985 = VERTEX_POINT ( 'NONE', #899 ) ;
#986 = PRESENTATION_LAYER_ASSIGNMENT (  '', '', ( #2876 ) ) ;
#987 = LINE ( 'NONE', #752, #5319 ) ;
#988 = ORIENTED_EDGE ( 'NONE', *, *, #6980, .F. ) ;
#989 = DIRECTION ( 'NONE',  ( 0.0000000000000000000, 1.000000000000000000, 0.0000000000000000000 ) ) ;
#990 = CARTESIAN_POINT ( 'NONE',  ( 22.21999999999998800, -28.19999999999999600, 0.2000000000000000900 ) ) ;
#991 = DIRECTION ( 'NONE',  ( -1.000000000000000000, -0.0000000000000000000, -0.0000000000000000000 ) ) ;
#992 = EDGE_LOOP ( 'NONE', ( #5086, #2136 ) ) ;
#993 = LINE ( 'NONE', #6563, #3821 ) ;
#994 =( LENGTH_UNIT ( ) NAMED_UNIT ( * ) SI_UNIT ( .MILLI., .METRE. ) );
#995 = PLANE ( 'NONE',  #7122 ) ;
#996 = UNCERTAINTY_MEASURE_WITH_UNIT (LENGTH_MEASURE( 1.000000000000000100E-005 ), #2390, 'distance_accuracy_value', 'NONE');
#997 = CARTESIAN_POINT ( 'NONE',  ( -22.21999999999998800, -28.19999999999999600, -13.29999999999999900 ) ) ;
#998 = FACE_OUTER_BOUND ( 'NONE', #1862, .T. ) ;
#999 = EDGE_CURVE ( 'NONE', #1944, #3967, #3348, .T. ) ;
#1000 = VERTEX_POINT ( 'NONE', #4790 ) ;
#1001 = ORIENTED_EDGE ( 'NONE', *, *, #1164, .F. ) ;
#1002 = DIRECTION ( 'NONE',  ( 1.000000000000000000, 0.0000000000000000000, 0.0000000000000000000 ) ) ;
#1003 = SURFACE_SIDE_STYLE ('',( #1954 ) ) ;
#1004 = STYLED_ITEM ( 'NONE', ( #2387 ), #6233 ) ;
#1005 = VECTOR ( 'NONE', #3470, 1000.000000000000000 ) ;
#1006 = ORIENTED_EDGE ( 'NONE', *, *, #2614, .F. ) ;
#1007 = ADVANCED_FACE ( 'NONE', ( #4701 ), #877, .T. ) ;
#1008 = DIRECTION ( 'NONE',  ( -0.0000000000000000000, 0.0000000000000000000, -1.000000000000000000 ) ) ;
#1009 = MECHANICAL_DESIGN_GEOMETRIC_PRESENTATION_REPRESENTATION (  '', ( #7186 ), #1384 ) ;
#1010 = VECTOR ( 'NONE', #2758, 1000.000000000000000 ) ;
#1011 = DIRECTION ( 'NONE',  ( -0.0000000000000000000, -0.0000000000000000000, -1.000000000000000000 ) ) ;
#1012 = FILL_AREA_STYLE ('',( #2642 ) ) ;
#1013 = CARTESIAN_POINT ( 'NONE',  ( 38.99999999999998600, -4.999999999999984000, -0.5999999999999999800 ) ) ;
#1014 = PLANE ( 'NONE',  #2692 ) ;
#1015 = EDGE_CURVE ( 'NONE', #1305, #4772, #4152, .T. ) ;
#1016 = CARTESIAN_POINT ( 'NONE',  ( -40.00000000000000700, 22.20000000000001400, -0.6499999999999999100 ) ) ;
#1017 = SURFACE_STYLE_FILL_AREA ( #2344 ) ;
#1018 = ORIENTED_EDGE ( 'NONE', *, *, #2697, .F. ) ;
#1019 = SURFACE_STYLE_USAGE ( .BOTH. , #5992 ) ;
#1020 = SURFACE_STYLE_USAGE ( .BOTH. , #4984 ) ;
#1021 = DIRECTION ( 'NONE',  ( 0.0000000000000000000, -0.0000000000000000000, 1.000000000000000000 ) ) ;
#1022 = LINE ( 'NONE', #4611, #5362 ) ;
#1023 = UNCERTAINTY_MEASURE_WITH_UNIT (LENGTH_MEASURE( 1.000000000000000100E-005 ), #5055, 'distance_accuracy_value', 'NONE');
#1024 = EDGE_CURVE ( 'NONE', #6101, #2384, #1320, .T. ) ;
#1025 = LINE ( 'NONE', #5049, #6680 ) ;
#1026 = ORIENTED_EDGE ( 'NONE', *, *, #760, .F. ) ;
#1027 = AXIS2_PLACEMENT_3D ( 'NONE', #3685, #4835, #4305 ) ;
#1028 = EDGE_CURVE ( 'NONE', #2029, #4136, #5644, .T. ) ;
#1029 = FACE_OUTER_BOUND ( 'NONE', #3108, .T. ) ;
#1030 = CARTESIAN_POINT ( 'NONE',  ( 39.99999999999999300, 26.00000000000000700, 4.850000000000000500 ) ) ;
#1031 = PRESENTATION_STYLE_ASSIGNMENT (( #6596 ) ) ;
#1032 = CARTESIAN_POINT ( 'NONE',  ( -39.00000000000000700, 12.00000000000000400, 4.850000000000000500 ) ) ;
#1033 = CARTESIAN_POINT ( 'NONE',  ( -37.89999999999998400, 24.90000000000000200, 4.299999999999999800 ) ) ;
#1034 = PRESENTATION_LAYER_ASSIGNMENT (  '', '', ( #6081 ) ) ;
#1035 = VECTOR ( 'NONE', #2133, 1000.000000000000000 ) ;
#1036 = DIRECTION ( 'NONE',  ( -0.0000000000000000000, 1.000000000000000000, -0.0000000000000000000 ) ) ;
#1037 = STYLED_ITEM ( 'NONE', ( #1333 ), #4577 ) ;
#1038 = DIRECTION ( 'NONE',  ( 0.0000000000000000000, 0.0000000000000000000, -1.000000000000000000 ) ) ;
#1039 = EDGE_LOOP ( 'NONE', ( #5821, #5023, #1626, #5546 ) ) ;
#1040 = FACE_OUTER_BOUND ( 'NONE', #5710, .T. ) ;
#1041 = COLOUR_RGB ( '',1.000000000000000000, 1.000000000000000000, 1.000000000000000000 ) ;
#1042 = EDGE_CURVE ( 'NONE', #5914, #2033, #6966, .T. ) ;
#1043 = FACE_OUTER_BOUND ( 'NONE', #671, .T. ) ;
#1044 = EDGE_LOOP ( 'NONE', ( #4991, #3245, #2385, #1599 ) ) ;
#1045 = ORIENTED_EDGE ( 'NONE', *, *, #745, .F. ) ;
#1046 = ADVANCED_FACE ( 'NONE', ( #3970 ), #3791, .T. ) ;
#1047 = SURFACE_STYLE_USAGE ( .BOTH. , #1077 ) ;
#1048 = DIRECTION ( 'NONE',  ( -3.469446951953619700E-015, -1.000000000000000000, 0.0000000000000000000 ) ) ;
#1049 = EDGE_CURVE ( 'NONE', #1267, #1303, #962, .T. ) ;
#1050 = STYLED_ITEM ( 'NONE', ( #6029 ), #2064 ) ;
#1051 = VERTEX_POINT ( 'NONE', #1642 ) ;
#1052 = VECTOR ( 'NONE', #1619, 1000.000000000000000 ) ;
#1053 = AXIS2_PLACEMENT_3D ( 'NONE', #4222, #834, #4804 ) ;
#1054 = CARTESIAN_POINT ( 'NONE',  ( -50.00000000000000700, 16.20000000000001700, -2.149999999999999900 ) ) ;
#1055 =( LENGTH_UNIT ( ) NAMED_UNIT ( * ) SI_UNIT ( .MILLI., .METRE. ) );
#1056 = SURFACE_STYLE_FILL_AREA ( #840 ) ;
#1057 = FILL_AREA_STYLE ('',( #7226 ) ) ;
#1058 = VERTEX_POINT ( 'NONE', #3981 ) ;
#1059 = EDGE_CURVE ( 'NONE', #1597, #4081, #6612, .T. ) ;
#1060 = PRESENTATION_LAYER_ASSIGNMENT (  '', '', ( #6576 ) ) ;
#1061 = PRESENTATION_LAYER_ASSIGNMENT (  '', '', ( #674 ) ) ;
#1062 = SURFACE_STYLE_USAGE ( .BOTH. , #4443 ) ;
#1063 = CARTESIAN_POINT ( 'NONE',  ( 32.37999999999998800, -28.19999999999999600, -13.29999999999999900 ) ) ;
#1064 = VECTOR ( 'NONE', #646, 1000.000000000000000 ) ;
#1065 = UNCERTAINTY_MEASURE_WITH_UNIT (LENGTH_MEASURE( 1.000000000000000100E-005 ), #7239, 'distance_accuracy_value', 'NONE');
#1066 = FACE_OUTER_BOUND ( 'NONE', #5145, .T. ) ;
#1067 =( NAMED_UNIT ( * ) PLANE_ANGLE_UNIT ( ) SI_UNIT ( $, .RADIAN. ) );
#1068 = AXIS2_PLACEMENT_3D ( 'NONE', #2291, #30, #4543 ) ;
#1069 = PRESENTATION_STYLE_ASSIGNMENT (( #2546 ) ) ;
#1070 =( LENGTH_UNIT ( ) NAMED_UNIT ( * ) SI_UNIT ( .MILLI., .METRE. ) );
#1071 = STYLED_ITEM ( 'NONE', ( #823 ), #6177 ) ;
#1072 =( NAMED_UNIT ( * ) PLANE_ANGLE_UNIT ( ) SI_UNIT ( $, .RADIAN. ) );
#1073 = CARTESIAN_POINT ( 'NONE',  ( 0.0000000000000000000, 0.0000000000000000000, 4.850000000000000500 ) ) ;
#1074 = CARTESIAN_POINT ( 'NONE',  ( 7.000000000000000000, -25.33035709902495800, 3.190937747004553200 ) ) ;
#1075 = ORIENTED_EDGE ( 'NONE', *, *, #381, .T. ) ;
#1076 = FACE_OUTER_BOUND ( 'NONE', #2659, .T. ) ;
#1077 = SURFACE_SIDE_STYLE ('',( #4885 ) ) ;
#1078 = EDGE_CURVE ( 'NONE', #1305, #5890, #2294, .T. ) ;
#1079 = FACE_OUTER_BOUND ( 'NONE', #1292, .T. ) ;
#1080 = CARTESIAN_POINT ( 'NONE',  ( -40.00000000000000700, 27.00000000000000400, 4.850000000000000500 ) ) ;
#1081 = MECHANICAL_DESIGN_GEOMETRIC_PRESENTATION_REPRESENTATION (  '', ( #325 ), #1450 ) ;
#1082 = DIRECTION ( 'NONE',  ( -0.0000000000000000000, 0.0000000000000000000, -1.000000000000000000 ) ) ;
#1083 = DIRECTION ( 'NONE',  ( -0.0000000000000000000, 0.0000000000000000000, -1.000000000000000000 ) ) ;
#1084 = DIRECTION ( 'NONE',  ( 0.0000000000000000000, 0.0000000000000000000, -1.000000000000000000 ) ) ;
#1085 = SURFACE_SIDE_STYLE ('',( #2208 ) ) ;
#1086 = ORIENTED_EDGE ( 'NONE', *, *, #999, .T. ) ;
#1087 = ADVANCED_FACE ( 'NONE', ( #5297 ), #5091, .F. ) ;
#1088 = EDGE_LOOP ( 'NONE', ( #2554, #865, #5760, #6937, #6182, #2539 ) ) ;
#1089 = DIRECTION ( 'NONE',  ( 0.0000000000000000000, 0.0000000000000000000, -1.000000000000000000 ) ) ;
#1090 = LINE ( 'NONE', #734, #6735 ) ;
#1091 = MECHANICAL_DESIGN_GEOMETRIC_PRESENTATION_REPRESENTATION (  '', ( #7254 ), #1458 ) ;
#1092 = COLOUR_RGB ( '',0.0000000000000000000, 0.7529411764705882200, 0.0000000000000000000 ) ;
#1093 = FILL_AREA_STYLE ('',( #7166 ) ) ;
#1094 = CARTESIAN_POINT ( 'NONE',  ( 39.30000000000000400, -25.99999999999999600, -2.649999999999999500 ) ) ;
#1095 = CARTESIAN_POINT ( 'NONE',  ( 7.000000000000000000, -24.59999999999999800, 3.523828854549350800 ) ) ;
#1096 = DIRECTION ( 'NONE',  ( -0.0000000000000000000, -0.0000000000000000000, -1.000000000000000000 ) ) ;
#1097 = EDGE_LOOP ( 'NONE', ( #4507, #4407, #3064, #6697 ) ) ;
#1098 = CARTESIAN_POINT ( 'NONE',  ( 7.000000000000000000, -25.08217218155194300, -1.216519988065951200 ) ) ;
#1099 = DIRECTION ( 'NONE',  ( 0.0000000000000000000, -0.0000000000000000000, 1.000000000000000000 ) ) ;
#1100 = DIRECTION ( 'NONE',  ( 3.118604001756057900E-016, -1.000000000000000000, 0.0000000000000000000 ) ) ;
#1101 = LINE ( 'NONE', #2175, #6746 ) ;
#1102 = DIRECTION ( 'NONE',  ( 0.0000000000000000000, 1.000000000000000000, 0.0000000000000000000 ) ) ;
#1103 = DIRECTION ( 'NONE',  ( -1.000000000000000000, 1.284980352575412900E-016, 0.0000000000000000000 ) ) ;
#1104 = EDGE_LOOP ( 'NONE', ( #3415, #1951, #917, #6290 ) ) ;
#1105 = EDGE_CURVE ( 'NONE', #5115, #6968, #3068, .T. ) ;
#1106 = CARTESIAN_POINT ( 'NONE',  ( -29.83999999999999300, -28.19999999999999600, 0.2000000000000000900 ) ) ;
#1107 =( NAMED_UNIT ( * ) PLANE_ANGLE_UNIT ( ) SI_UNIT ( $, .RADIAN. ) );
#1108 = DIRECTION ( 'NONE',  ( 1.000000000000000000, 0.0000000000000000000, 0.0000000000000000000 ) ) ;
#1109 = PRESENTATION_LAYER_ASSIGNMENT (  '', '', ( #358 ) ) ;
#1110 = LINE ( 'NONE', #3822, #2427 ) ;
#1111 = ORIENTED_EDGE ( 'NONE', *, *, #6501, .T. ) ;
#1112 = PRESENTATION_STYLE_ASSIGNMENT (( #2559 ) ) ;
#1113 = SURFACE_STYLE_USAGE ( .BOTH. , #4509 ) ;
#1114 = FILL_AREA_STYLE ('',( #3121 ) ) ;
#1115 = CARTESIAN_POINT ( 'NONE',  ( -36.00000000000000700, -25.49999999999999600, 0.0000000000000000000 ) ) ;
#1116 = FILL_AREA_STYLE_COLOUR ( '', #2332 ) ;
#1117 =( NAMED_UNIT ( * ) PLANE_ANGLE_UNIT ( ) SI_UNIT ( $, .RADIAN. ) );
#1118 = VERTEX_POINT ( 'NONE', #1095 ) ;
#1119 = ADVANCED_FACE ( 'NONE', ( #1583 ), #968, .T. ) ;
#1120 = UNCERTAINTY_MEASURE_WITH_UNIT (LENGTH_MEASURE( 1.000000000000000100E-005 ), #2556, 'distance_accuracy_value', 'NONE');
#1121 = VERTEX_POINT ( 'NONE', #7283 ) ;
#1122 = EDGE_LOOP ( 'NONE', ( #6234, #7053, #1400, #820 ) ) ;
#1123 =( NAMED_UNIT ( * ) SI_UNIT ( $, .STERADIAN. ) SOLID_ANGLE_UNIT ( ) );
#1124 = LINE ( 'NONE', #3065, #2446 ) ;
#1125 = MECHANICAL_DESIGN_GEOMETRIC_PRESENTATION_REPRESENTATION (  '', ( #6939 ), #1501 ) ;
#1126 = DIRECTION ( 'NONE',  ( -1.000000000000000000, -0.0000000000000000000, -0.0000000000000000000 ) ) ;
#1127 = MECHANICAL_DESIGN_GEOMETRIC_PRESENTATION_REPRESENTATION (  '', ( #7295 ), #1506 ) ;
#1128 = ORIENTED_EDGE ( 'NONE', *, *, #6960, .F. ) ;
#1129 = ORIENTED_EDGE ( 'NONE', *, *, #3987, .T. ) ;
#1130 = CARTESIAN_POINT ( 'NONE',  ( 38.99999999999995700, 22.20000000000000300, -5.350000000000000500 ) ) ;
#1131 = CARTESIAN_POINT ( 'NONE',  ( -27.29999999999999000, -28.19999999999999600, -13.29999999999999900 ) ) ;
#1132 = ORIENTED_EDGE ( 'NONE', *, *, #5848, .F. ) ;
#1133 = FILL_AREA_STYLE ('',( #3426 ) ) ;
#1134 = CARTESIAN_POINT ( 'NONE',  ( 35.79999999999999700, -24.47999999999999300, -0.5999999999999999800 ) ) ;
#1135 = ORIENTED_EDGE ( 'NONE', *, *, #3787, .F. ) ;
#1136 = VERTEX_POINT ( 'NONE', #6666 ) ;
#1137 = CYLINDRICAL_SURFACE ( 'NONE', #516, 0.2549999999999982800 ) ;
#1138 = EDGE_CURVE ( 'NONE', #6607, #3091, #6885, .T. ) ;
#1139 = VERTEX_POINT ( 'NONE', #3886 ) ;
#1140 = EDGE_CURVE ( 'NONE', #90, #6917, #5892, .T. ) ;
#1141 = CARTESIAN_POINT ( 'NONE',  ( 27.29999999999999000, -28.19999999999999600, -13.29999999999999900 ) ) ;
#1142 = FILL_AREA_STYLE_COLOUR ( '', #4258 ) ;
#1143 =( LENGTH_UNIT ( ) NAMED_UNIT ( * ) SI_UNIT ( .MILLI., .METRE. ) );
#1144 = DIRECTION ( 'NONE',  ( -0.0000000000000000000, -0.0000000000000000000, 1.000000000000000000 ) ) ;
#1145 = VECTOR ( 'NONE', #3115, 1000.000000000000000 ) ;
#1146 = CIRCLE ( 'NONE', #628, 0.5000000000000004400 ) ;
#1147 = ORIENTED_EDGE ( 'NONE', *, *, #3865, .F. ) ;
#1148 = ORIENTED_EDGE ( 'NONE', *, *, #2541, .F. ) ;
#1149 = STYLED_ITEM ( 'NONE', ( #7193 ), #1939 ) ;
#1150 = MECHANICAL_DESIGN_GEOMETRIC_PRESENTATION_REPRESENTATION (  '', ( #393 ), #1525 ) ;
#1151 = DIRECTION ( 'NONE',  ( -1.000000000000000000, 0.0000000000000000000, -0.0000000000000000000 ) ) ;
#1152 = SURFACE_SIDE_STYLE ('',( #1357 ) ) ;
#1153 = EDGE_CURVE ( 'NONE', #2993, #909, #2214, .T. ) ;
#1154 = SURFACE_STYLE_FILL_AREA ( #6524 ) ;
#1155 = FILL_AREA_STYLE ('',( #4571 ) ) ;
#1156 = DIRECTION ( 'NONE',  ( -0.0000000000000000000, -0.0000000000000000000, 1.000000000000000000 ) ) ;
#1157 = PRESENTATION_LAYER_ASSIGNMENT (  '', '', ( #764 ) ) ;
#1158 = ORIENTED_EDGE ( 'NONE', *, *, #1499, .T. ) ;
#1159 = FACE_OUTER_BOUND ( 'NONE', #6613, .T. ) ;
#1160 = DIRECTION ( 'NONE',  ( 1.000000000000000000, 0.0000000000000000000, 0.0000000000000000000 ) ) ;
#1161 = CARTESIAN_POINT ( 'NONE',  ( -19.67999999999998900, -28.19999999999999900, 0.2000000000000000900 ) ) ;
#1162 = ADVANCED_FACE ( 'NONE', ( #3709 ), #3169, .F. ) ;
#1163 = CARTESIAN_POINT ( 'NONE',  ( 28.49999999999998200, -24.00000000000000000, -0.5999999999999999800 ) ) ;
#1164 = EDGE_CURVE ( 'NONE', #4527, #3373, #4514, .T. ) ;
#1165 = VERTEX_POINT ( 'NONE', #6087 ) ;
#1166 = COLOUR_RGB ( '',1.000000000000000000, 1.000000000000000000, 1.000000000000000000 ) ;
#1167 = AXIS2_PLACEMENT_3D ( 'NONE', #3837, #4901, #463 ) ;
#1168 = CARTESIAN_POINT ( 'NONE',  ( -6.999999999999999100, -25.34907461931459900, 3.293677694282698200 ) ) ;
#1169 = CARTESIAN_POINT ( 'NONE',  ( 0.0000000000000000000, 0.0000000000000000000, 3.799999999999999800 ) ) ;
#1170 = CARTESIAN_POINT ( 'NONE',  ( 7.000000000000000000, -22.99903944779378400, 3.889229275614119400 ) ) ;
#1171 = ORIENTED_EDGE ( 'NONE', *, *, #3452, .F. ) ;
#1172 = DIRECTION ( 'NONE',  ( 1.000000000000000000, -2.701009694008263800E-016, 0.0000000000000000000 ) ) ;
#1173 = CARTESIAN_POINT ( 'NONE',  ( 19.67999999999998900, -28.19999999999999900, 0.2000000000000000900 ) ) ;
#1174 = CARTESIAN_POINT ( 'NONE',  ( 19.93499999999998800, -28.19999999999999900, 0.2000000000000000900 ) ) ;
#1175 = FACE_OUTER_BOUND ( 'NONE', #5285, .T. ) ;
#1176 = VERTEX_POINT ( 'NONE', #2165 ) ;
#1177 = MANIFOLD_SOLID_BREP ( 'Boss-Extrude7[2]', #6420 ) ;
#1178 = PRESENTATION_LAYER_ASSIGNMENT (  '', '', ( #786 ) ) ;
#1179 = EDGE_CURVE ( 'NONE', #2641, #685, #2996, .T. ) ;
#1180 = VERTEX_POINT ( 'NONE', #6619 ) ;
#1181 = EDGE_CURVE ( 'NONE', #4986, #5394, #3969, .T. ) ;
#1182 = LINE ( 'NONE', #2044, #3999 ) ;
#1183 = SURFACE_SIDE_STYLE ('',( #4367 ) ) ;
#1184 = CARTESIAN_POINT ( 'NONE',  ( 24.75999999999999100, -28.19999999999999600, -13.29999999999999900 ) ) ;
#1185 = SURFACE_SIDE_STYLE ('',( #3815 ) ) ;
#1186 = FILL_AREA_STYLE_COLOUR ( '', #1749 ) ;
#1187 = VECTOR ( 'NONE', #5043, 1000.000000000000000 ) ;
#1188 = DIRECTION ( 'NONE',  ( 0.0000000000000000000, 0.0000000000000000000, -1.000000000000000000 ) ) ;
#1189 = CARTESIAN_POINT ( 'NONE',  ( 37.50000000000000000, -6.499999999999995600, -0.5999999999999999800 ) ) ;
#1190 = ORIENTED_EDGE ( 'NONE', *, *, #5595, .T. ) ;
#1191 = ORIENTED_EDGE ( 'NONE', *, *, #5601, .T. ) ;
#1192 = VERTEX_POINT ( 'NONE', #2306 ) ;
#1193 = EDGE_CURVE ( 'NONE', #935, #1058, #5294, .T. ) ;
#1194 = DIRECTION ( 'NONE',  ( 0.0000000000000000000, -0.0000000000000000000, -1.000000000000000000 ) ) ;
#1195 = CARTESIAN_POINT ( 'NONE',  ( -32.10000000000000100, 25.99999999999999300, 3.799999999999999400 ) ) ;
#1196 = MECHANICAL_DESIGN_GEOMETRIC_PRESENTATION_REPRESENTATION (  '', ( #436 ), #1557 ) ;
#1197 = LINE ( 'NONE', #6720, #4009 ) ;
#1198 = SURFACE_STYLE_USAGE ( .BOTH. , #5147 ) ;
#1199 = FILL_AREA_STYLE_COLOUR ( '', #5976 ) ;
#1200 = COLOUR_RGB ( '',0.8039215686274510100, 0.4980392156862745200, 0.1960784313725490200 ) ;
#1201 = AXIS2_PLACEMENT_3D ( 'NONE', #5840, #3618, #3642 ) ;
#1202 = FACE_OUTER_BOUND ( 'NONE', #7210, .T. ) ;
#1203 = ADVANCED_FACE ( 'NONE', ( #1681 ), #16, .F. ) ;
#1204 = ORIENTED_EDGE ( 'NONE', *, *, #3838, .F. ) ;
#1205 = EDGE_CURVE ( 'NONE', #3193, #3830, #3246, .T. ) ;
#1206 = SURFACE_SIDE_STYLE ('',( #4753 ) ) ;
#1207 = FACE_OUTER_BOUND ( 'NONE', #1122, .T. ) ;
#1208 =( NAMED_UNIT ( * ) PLANE_ANGLE_UNIT ( ) SI_UNIT ( $, .RADIAN. ) );
#1209 = VECTOR ( 'NONE', #4071, 1000.000000000000000 ) ;
#1210 = ORIENTED_EDGE ( 'NONE', *, *, #5470, .F. ) ;
#1211 = CARTESIAN_POINT ( 'NONE',  ( -24.75999999999999100, -28.19999999999999600, 0.2000000000000000900 ) ) ;
#1212 = SURFACE_STYLE_USAGE ( .BOTH. , #4607 ) ;
#1213 = PRESENTATION_STYLE_ASSIGNMENT (( #4046 ) ) ;
#1214 = CARTESIAN_POINT ( 'NONE',  ( 32.37999999999998800, -28.19999999999999600, 0.2000000000000000900 ) ) ;
#1215 = STYLED_ITEM ( 'NONE', ( #4816 ), #6016 ) ;
#1216 = LINE ( 'NONE', #6961, #4029 ) ;
#1217 = PLANE ( 'NONE',  #3343 ) ;
#1218 = ORIENTED_EDGE ( 'NONE', *, *, #4744, .F. ) ;
#1219 = CARTESIAN_POINT ( 'NONE',  ( -50.00000000000000700, 23.20000000000001700, -2.149999999999999900 ) ) ;
#1220 = SURFACE_STYLE_FILL_AREA ( #1012 ) ;
#1221 = VECTOR ( 'NONE', #2537, 1000.000000000000000 ) ;
#1222 = DIRECTION ( 'NONE',  ( 0.0000000000000000000, 0.0000000000000000000, -1.000000000000000000 ) ) ;
#1223 = MECHANICAL_DESIGN_GEOMETRIC_PRESENTATION_REPRESENTATION (  '', ( #1312 ), #5000 ) ;
#1224 = ORIENTED_EDGE ( 'NONE', *, *, #1078, .F. ) ;
#1225 =( LENGTH_UNIT ( ) NAMED_UNIT ( * ) SI_UNIT ( .MILLI., .METRE. ) );
#1226 = CARTESIAN_POINT ( 'NONE',  ( 0.0000000000000000000, 0.0000000000000000000, 4.599999999999999600 ) ) ;
#1227 = DIRECTION ( 'NONE',  ( 0.0000000000000000000, -0.0000000000000000000, -1.000000000000000000 ) ) ;
#1228 = EDGE_LOOP ( 'NONE', ( #6255, #3431 ) ) ;
#1229 = LINE ( 'NONE', #6206, #5547 ) ;
#1230 = CARTESIAN_POINT ( 'NONE',  ( 19.42499999999999000, -28.19999999999999900, -13.29999999999999900 ) ) ;
#1231 = VERTEX_POINT ( 'NONE', #336 ) ;
#1232 = VECTOR ( 'NONE', #2817, 1000.000000000000000 ) ;
#1233 = LINE ( 'NONE', #4898, #7045 ) ;
#1234 = ORIENTED_EDGE ( 'NONE', *, *, #6979, .T. ) ;
#1235 = PLANE ( 'NONE',  #7235 ) ;
#1236 = STYLED_ITEM ( 'NONE', ( #3985 ), #635 ) ;
#1237 = MECHANICAL_DESIGN_GEOMETRIC_PRESENTATION_REPRESENTATION (  '', ( #4654 ), #2739 ) ;
#1238 = EDGE_LOOP ( 'NONE', ( #1708, #61, #3674, #4004 ) ) ;
#1239 = ORIENTED_EDGE ( 'NONE', *, *, #3922, .T. ) ;
#1240 = LINE ( 'NONE', #2669, #4060 ) ;
#1241 = DIRECTION ( 'NONE',  ( 1.000000000000000000, 0.0000000000000000000, -0.0000000000000000000 ) ) ;
#1242 = ORIENTED_EDGE ( 'NONE', *, *, #6701, .T. ) ;
#1243 = ADVANCED_FACE ( 'NONE', ( #1776 ), #4278, .T. ) ;
#1244 = EDGE_CURVE ( 'NONE', #2029, #5914, #7021, .T. ) ;
#1245 = EDGE_LOOP ( 'NONE', ( #988, #177, #3058, #2281 ) ) ;
#1246 = UNCERTAINTY_MEASURE_WITH_UNIT (LENGTH_MEASURE( 1.000000000000000100E-005 ), #1552, 'distance_accuracy_value', 'NONE');
#1247 = DIRECTION ( 'NONE',  ( 3.469446951953619700E-015, -1.000000000000000000, 0.0000000000000000000 ) ) ;
#1248 = DIRECTION ( 'NONE',  ( 1.284980352575413200E-016, 1.000000000000000000, 0.0000000000000000000 ) ) ;
#1249 = EDGE_CURVE ( 'NONE', #566, #2574, #7051, .T. ) ;
#1250 = CARTESIAN_POINT ( 'NONE',  ( -7.000000000000000000, -26.68879453581675100, -0.9321807787591008800 ) ) ;
#1251 = VECTOR ( 'NONE', #617, 1000.000000000000000 ) ;
#1252 = CARTESIAN_POINT ( 'NONE',  ( 14.00000000000000000, -27.00000000000000000, -0.0000000000000000000 ) ) ;
#1253 = DIRECTION ( 'NONE',  ( 0.0000000000000000000, 0.0000000000000000000, -1.000000000000000000 ) ) ;
#1254 = CARTESIAN_POINT ( 'NONE',  ( -40.00000000000000700, 23.45000000000000300, 1.899999999999999900 ) ) ;
#1255 = STYLED_ITEM ( 'NONE', ( #3061 ), #1728 ) ;
#1256 = CIRCLE ( 'NONE', #4317, 0.2549999999999982800 ) ;
#1257 = VERTEX_POINT ( 'NONE', #507 ) ;
#1258 = VECTOR ( 'NONE', #3663, 1000.000000000000000 ) ;
#1259 = CARTESIAN_POINT ( 'NONE',  ( 39.00000000000000000, -25.99999999999999600, -2.149999999999999900 ) ) ;
#1260 = LINE ( 'NONE', #1080, #2754 ) ;
#1261 = AXIS2_PLACEMENT_3D ( 'NONE', #3731, #6534, #6760 ) ;
#1262 = CIRCLE ( 'NONE', #2195, 0.2549999999999982800 ) ;
#1263 = SURFACE_STYLE_FILL_AREA ( #18 ) ;
#1264 = PLANE ( 'NONE',  #244 ) ;
#1265 = UNCERTAINTY_MEASURE_WITH_UNIT (LENGTH_MEASURE( 1.000000000000000100E-005 ), #1070, 'distance_accuracy_value', 'NONE');
#1266 =( NAMED_UNIT ( * ) PLANE_ANGLE_UNIT ( ) SI_UNIT ( $, .RADIAN. ) );
#1267 = VERTEX_POINT ( 'NONE', #3852 ) ;
#1268 = EDGE_CURVE ( 'NONE', #884, #4669, #2550, .T. ) ;
#1269 = AXIS2_PLACEMENT_3D ( 'NONE', #3009, #6952, #3582 ) ;
#1270 =( NAMED_UNIT ( * ) PLANE_ANGLE_UNIT ( ) SI_UNIT ( $, .RADIAN. ) );
#1271 = ORIENTED_EDGE ( 'NONE', *, *, #6793, .F. ) ;
#1272 = ORIENTED_EDGE ( 'NONE', *, *, #3428, .T. ) ;
#1273 = DIRECTION ( 'NONE',  ( 0.0000000000000000000, -0.0000000000000000000, 1.000000000000000000 ) ) ;
#1274 = DIRECTION ( 'NONE',  ( 0.0000000000000000000, 0.0000000000000000000, 1.000000000000000000 ) ) ;
#1275 = SURFACE_SIDE_STYLE ('',( #147 ) ) ;
#1276 = EDGE_CURVE ( 'NONE', #4287, #7303, #1240, .T. ) ;
#1277 = AXIS2_PLACEMENT_3D ( 'NONE', #6925, #2362, #150 ) ;
#1278 = VERTEX_POINT ( 'NONE', #3436 ) ;
#1279 = CARTESIAN_POINT ( 'NONE',  ( 37.89999999999998400, -17.60000000000000100, 4.299999999999999800 ) ) ;
#1280 = AXIS2_PLACEMENT_3D ( 'NONE', #4092, #96, #7075 ) ;
#1281 = CARTESIAN_POINT ( 'NONE',  ( -39.00000000000000700, 17.20000000000001000, -3.850000000000000500 ) ) ;
#1282 = EDGE_CURVE ( 'NONE', #6247, #4873, #5388, .T. ) ;
#1283 = CARTESIAN_POINT ( 'NONE',  ( 7.000000000000000000, -25.08217218155194300, -1.216519988065951200 ) ) ;
#1284 = FACE_OUTER_BOUND ( 'NONE', #2435, .T. ) ;
#1285 = FILL_AREA_STYLE_COLOUR ( '', #7220 ) ;
#1286 = SURFACE_SIDE_STYLE ('',( #7043 ) ) ;
#1287 = STYLED_ITEM ( 'NONE', ( #3891 ), #4678 ) ;
#1288 = COLOUR_RGB ( '',0.7921568627450980000, 0.8196078431372548800, 0.9333333333333333500 ) ;
#1289 = FACE_OUTER_BOUND ( 'NONE', #38, .T. ) ;
#1290 = CARTESIAN_POINT ( 'NONE',  ( 22.47499999999998700, -28.19999999999999600, 0.2000000000000000900 ) ) ;
#1291 = EDGE_CURVE ( 'NONE', #6405, #5377, #2729, .T. ) ;
#1292 = EDGE_LOOP ( 'NONE', ( #5901, #1392, #342, #5387 ) ) ;
#1293 = AXIS2_PLACEMENT_3D ( 'NONE', #4395, #3268, #7207 ) ;
#1294 = ORIENTED_EDGE ( 'NONE', *, *, #1140, .F. ) ;
#1295 = DIRECTION ( 'NONE',  ( -0.0000000000000000000, -0.0000000000000000000, -1.000000000000000000 ) ) ;
#1296 = AXIS2_PLACEMENT_3D ( 'NONE', #7063, #3113, #6495 ) ;
#1297 = EDGE_CURVE ( 'NONE', #5530, #7286, #5560, .T. ) ;
#1298 = FACE_OUTER_BOUND ( 'NONE', #7241, .T. ) ;
#1299 = CARTESIAN_POINT ( 'NONE',  ( -6.999999999999994700, -26.77979678078159200, 2.651131150503010400 ) ) ;
#1300 = PRESENTATION_STYLE_ASSIGNMENT (( #4523 ) ) ;
#1301 = CARTESIAN_POINT ( 'NONE',  ( 7.000000000000000000, -24.43789702601973300, -1.172479684601381200 ) ) ;
#1302 = ORIENTED_EDGE ( 'NONE', *, *, #3184, .F. ) ;
#1303 = VERTEX_POINT ( 'NONE', #2159 ) ;
#1304 = COLOUR_RGB ( '',0.0000000000000000000, 0.7529411764705882200, 0.0000000000000000000 ) ;
#1305 = VERTEX_POINT ( 'NONE', #3241 ) ;
#1306 =( NAMED_UNIT ( * ) PLANE_ANGLE_UNIT ( ) SI_UNIT ( $, .RADIAN. ) );
#1307 = CARTESIAN_POINT ( 'NONE',  ( -27.55499999999998900, -28.19999999999999600, 0.2000000000000000900 ) ) ;
#1308 = STYLED_ITEM ( 'NONE', ( #193 ), #6296 ) ;
#1309 = DIRECTION ( 'NONE',  ( 0.0000000000000000000, 0.0000000000000000000, -1.000000000000000000 ) ) ;
#1310 = EDGE_LOOP ( 'NONE', ( #6703, #1982, #6148, #4168 ) ) ;
#1311 = ORIENTED_EDGE ( 'NONE', *, *, #262, .F. ) ;
#1312 = STYLED_ITEM ( 'NONE', ( #2030 ), #1411 ) ;
#1313 = EDGE_CURVE ( 'NONE', #5216, #2321, #867, .T. ) ;
#1314 = AXIS2_PLACEMENT_3D ( 'NONE', #6103, #6602, #4491 ) ;
#1315 = VERTEX_POINT ( 'NONE', #4893 ) ;
#1316 = ORIENTED_EDGE ( 'NONE', *, *, #1480, .F. ) ;
#1317 =( NAMED_UNIT ( * ) PLANE_ANGLE_UNIT ( ) SI_UNIT ( $, .RADIAN. ) );
#1318 = FILL_AREA_STYLE ('',( #200 ) ) ;
#1319 = CARTESIAN_POINT ( 'NONE',  ( 22.21999999999998800, -28.19999999999999600, -13.29999999999999900 ) ) ;
#1320 = LINE ( 'NONE', #851, #1145 ) ;
#1321 = ORIENTED_EDGE ( 'NONE', *, *, #4843, .T. ) ;
#1322 = LINE ( 'NONE', #6310, #2830 ) ;
#1323 = STYLED_ITEM ( 'NONE', ( #6539 ), #4351 ) ;
#1324 = ORIENTED_EDGE ( 'NONE', *, *, #4864, .F. ) ;
#1325 = UNCERTAINTY_MEASURE_WITH_UNIT (LENGTH_MEASURE( 1.000000000000000100E-005 ), #5193, 'distance_accuracy_value', 'NONE');
#1326 = CARTESIAN_POINT ( 'NONE',  ( -40.00000000000000700, -26.99999999999999600, 4.850000000000000500 ) ) ;
#1327 = PRESENTATION_LAYER_ASSIGNMENT (  '', '', ( #2462 ) ) ;
#1328 = VECTOR ( 'NONE', #3924, 1000.000000000000000 ) ;
#1329 = FILL_AREA_STYLE_COLOUR ( '', #759 ) ;
#1330 = FACE_OUTER_BOUND ( 'NONE', #4319, .T. ) ;
#1331 = SURFACE_SIDE_STYLE ('',( #2803 ) ) ;
#1332 = ORIENTED_EDGE ( 'NONE', *, *, #3883, .F. ) ;
#1333 = PRESENTATION_STYLE_ASSIGNMENT (( #2189 ) ) ;
#1334 = FACE_OUTER_BOUND ( 'NONE', #4582, .T. ) ;
#1335 = DIRECTION ( 'NONE',  ( 0.0000000000000000000, 2.312964634635744600E-015, 1.000000000000000000 ) ) ;
#1336 =( LENGTH_UNIT ( ) NAMED_UNIT ( * ) SI_UNIT ( .MILLI., .METRE. ) );
#1337 = FACE_OUTER_BOUND ( 'NONE', #4347, .T. ) ;
#1338 = ADVANCED_FACE ( 'NONE', ( #3699 ), #3372, .F. ) ;
#1339 = ORIENTED_EDGE ( 'NONE', *, *, #1138, .T. ) ;
#1340 = PLANE ( 'NONE',  #880 ) ;
#1341 = FACE_OUTER_BOUND ( 'NONE', #6461, .T. ) ;
#1342 = CARTESIAN_POINT ( 'NONE',  ( 27.29999999999999000, -28.19999999999999600, 0.2000000000000000900 ) ) ;
#1343 = SURFACE_STYLE_FILL_AREA ( #4233 ) ;
#1344 = ORIENTED_EDGE ( 'NONE', *, *, #5616, .F. ) ;
#1345 = AXIS2_PLACEMENT_3D ( 'NONE', #470, #1601, #4929 ) ;
#1346 = EDGE_LOOP ( 'NONE', ( #1987, #4675, #3574, #3257, #3647, #7078, #2428, #5593, #1148, #2443, #3990, #3423 ) ) ;
#1347 = CIRCLE ( 'NONE', #2673, 0.2549999999999982800 ) ;
#1348 = DIRECTION ( 'NONE',  ( 0.0000000000000000000, -0.0000000000000000000, 1.000000000000000000 ) ) ;
#1349 = FILL_AREA_STYLE_COLOUR ( '', #1200 ) ;
#1350 = EDGE_LOOP ( 'NONE', ( #1839, #4766 ) ) ;
#1351 = AXIS2_PLACEMENT_3D ( 'NONE', #2227, #7080, #2578 ) ;
#1352 = ORIENTED_EDGE ( 'NONE', *, *, #1574, .T. ) ;
#1353 =( LENGTH_UNIT ( ) NAMED_UNIT ( * ) SI_UNIT ( .MILLI., .METRE. ) );
#1354 = SURFACE_SIDE_STYLE ('',( #7015 ) ) ;
#1355 = AXIS2_PLACEMENT_3D ( 'NONE', #3251, #7188, #4974 ) ;
#1356 = ORIENTED_EDGE ( 'NONE', *, *, #6076, .F. ) ;
#1357 = SURFACE_STYLE_FILL_AREA ( #6195 ) ;
#1358 = DIRECTION ( 'NONE',  ( 1.000000000000000000, 0.0000000000000000000, 0.0000000000000000000 ) ) ;
#1359 =( NAMED_UNIT ( * ) SI_UNIT ( $, .STERADIAN. ) SOLID_ANGLE_UNIT ( ) );
#1360 = DIRECTION ( 'NONE',  ( 1.000000000000000000, 0.0000000000000000000, 0.0000000000000000000 ) ) ;
#1361 = AXIS2_PLACEMENT_3D ( 'NONE', #4398, #39, #3164 ) ;
#1362 = DIRECTION ( 'NONE',  ( -3.265361837132815600E-016, 1.000000000000000000, 0.0000000000000000000 ) ) ;
#1363 = SURFACE_STYLE_USAGE ( .BOTH. , #6509 ) ;
#1364 = EDGE_LOOP ( 'NONE', ( #6510, #246, #5554, #2676 ) ) ;
#1365 = DIRECTION ( 'NONE',  ( 0.0000000000000000000, 1.000000000000000000, 0.0000000000000000000 ) ) ;
#1366 = EDGE_CURVE ( 'NONE', #481, #6950, #5214, .T. ) ;
#1367 = VECTOR ( 'NONE', #249, 1000.000000000000000 ) ;
#1368 = CARTESIAN_POINT ( 'NONE',  ( 28.49999999999998200, -24.00000000000000000, -0.7999999999999999300 ) ) ;
#1369 = DIRECTION ( 'NONE',  ( -0.0000000000000000000, -0.0000000000000000000, 1.000000000000000000 ) ) ;
#1370 = DIRECTION ( 'NONE',  ( 1.284980352575413200E-016, 1.000000000000000000, -0.0000000000000000000 ) ) ;
#1371 = CARTESIAN_POINT ( 'NONE',  ( 38.69999999999999600, -25.99999999999999600, -2.649999999999999500 ) ) ;
#1372 = EDGE_LOOP ( 'NONE', ( #3776, #1847 ) ) ;
#1373 = DIRECTION ( 'NONE',  ( -1.000000000000000000, 0.0000000000000000000, 0.0000000000000000000 ) ) ;
#1374 = DIRECTION ( 'NONE',  ( -1.000000000000000000, 0.0000000000000000000, 0.0000000000000000000 ) ) ;
#1375 = PRESENTATION_LAYER_ASSIGNMENT (  '', '', ( #1255 ) ) ;
#1376 = LINE ( 'NONE', #48, #7026 ) ;
#1377 = DIRECTION ( 'NONE',  ( 0.0000000000000000000, 0.0000000000000000000, -1.000000000000000000 ) ) ;
#1378 = PRESENTATION_LAYER_ASSIGNMENT (  '', '', ( #1004 ) ) ;
#1379 = ORIENTED_EDGE ( 'NONE', *, *, #1809, .F. ) ;
#1380 = CYLINDRICAL_SURFACE ( 'NONE', #753, 0.2549999999999982800 ) ;
#1381 = FACE_OUTER_BOUND ( 'NONE', #2233, .T. ) ;
#1382 = CARTESIAN_POINT ( 'NONE',  ( 7.000000000000000000, -27.58815242273842500, -0.1095300849482222200 ) ) ;
#1383 = DIRECTION ( 'NONE',  ( -1.000000000000000000, 1.591489427501658100E-016, 0.0000000000000000000 ) ) ;
#1384 =( GEOMETRIC_REPRESENTATION_CONTEXT ( 3 ) GLOBAL_UNCERTAINTY_ASSIGNED_CONTEXT ( ( #5452 ) ) GLOBAL_UNIT_ASSIGNED_CONTEXT ( ( #5461, #1503, #4895 ) ) REPRESENTATION_CONTEXT ( 'NONE', 'WORKASPACE' ) );
#1385 = DIRECTION ( 'NONE',  ( -4.336808689942021200E-016, -1.000000000000000000, 0.0000000000000000000 ) ) ;
#1386 = SURFACE_SIDE_STYLE ('',( #4631 ) ) ;
#1387 = CYLINDRICAL_SURFACE ( 'NONE', #6802, 0.5000000000000004400 ) ;
#1388 = CARTESIAN_POINT ( 'NONE',  ( 7.000000000000000900, -23.16467137015499500, -0.7999999974209297500 ) ) ;
#1389 = FILL_AREA_STYLE ('',( #1974 ) ) ;
#1390 = ORIENTED_EDGE ( 'NONE', *, *, #3307, .T. ) ;
#1391 = UNCERTAINTY_MEASURE_WITH_UNIT (LENGTH_MEASURE( 1.000000000000000100E-005 ), #6149, 'distance_accuracy_value', 'NONE');
#1392 = ORIENTED_EDGE ( 'NONE', *, *, #273, .F. ) ;
#1393 = LINE ( 'NONE', #6421, #1232 ) ;
#1394 = VERTEX_POINT ( 'NONE', #5670 ) ;
#1395 = EDGE_LOOP ( 'NONE', ( #696, #826, #766, #4475 ) ) ;
#1396 = CARTESIAN_POINT ( 'NONE',  ( 32.37999999999998800, -28.19999999999999600, 0.2000000000000000900 ) ) ;
#1397 =( LENGTH_UNIT ( ) NAMED_UNIT ( * ) SI_UNIT ( .MILLI., .METRE. ) );
#1398 = ORIENTED_EDGE ( 'NONE', *, *, #5385, .F. ) ;
#1399 = STYLED_ITEM ( 'NONE', ( #4442 ), #6636 ) ;
#1400 = ORIENTED_EDGE ( 'NONE', *, *, #4289, .F. ) ;
#1401 = ORIENTED_EDGE ( 'NONE', *, *, #6236, .T. ) ;
#1402 =( NAMED_UNIT ( * ) PLANE_ANGLE_UNIT ( ) SI_UNIT ( $, .RADIAN. ) );
#1403 = FACE_OUTER_BOUND ( 'NONE', #5633, .T. ) ;
#1404 = EDGE_CURVE ( 'NONE', #5238, #1523, #692, .T. ) ;
#1405 = VERTEX_POINT ( 'NONE', #2204 ) ;
#1406 = DIRECTION ( 'NONE',  ( 1.284980352575413200E-016, 1.000000000000000000, 0.0000000000000000000 ) ) ;
#1407 = ORIENTED_EDGE ( 'NONE', *, *, #4864, .T. ) ;
#1408 = CARTESIAN_POINT ( 'NONE',  ( 28.49999999999998200, -24.00000000000000000, -0.5999999999999999800 ) ) ;
#1409 = PRESENTATION_LAYER_ASSIGNMENT (  '', '', ( #7201 ) ) ;
#1410 = EDGE_CURVE ( 'NONE', #3091, #6607, #6514, .T. ) ;
#1411 = ADVANCED_FACE ( 'NONE', ( #5028 ), #7288, .T. ) ;
#1412 = DIRECTION ( 'NONE',  ( 0.0000000000000000000, 0.0000000000000000000, -1.000000000000000000 ) ) ;
#1413 = COLOUR_RGB ( '',1.000000000000000000, 1.000000000000000000, 1.000000000000000000 ) ;
#1414 = LINE ( 'NONE', #1519, #7221 ) ;
#1415 = UNCERTAINTY_MEASURE_WITH_UNIT (LENGTH_MEASURE( 1.000000000000000100E-005 ), #122, 'distance_accuracy_value', 'NONE');
#1416 = SURFACE_SIDE_STYLE ('',( #1056 ) ) ;
#1417 = AXIS2_PLACEMENT_3D ( 'NONE', #3049, #5918, #488 ) ;
#1418 = ADVANCED_FACE ( 'NONE', ( #4502 ), #5286, .T. ) ;
#1419 = COLOUR_RGB ( '',1.000000000000000000, 1.000000000000000000, 1.000000000000000000 ) ;
#1420 = EDGE_CURVE ( 'NONE', #685, #7109, #3963, .T. ) ;
#1421 = EDGE_LOOP ( 'NONE', ( #6366, #7055, #5094, #3803 ) ) ;
#1422 = SURFACE_STYLE_USAGE ( .BOTH. , #847 ) ;
#1423 = FILL_AREA_STYLE_COLOUR ( '', #6568 ) ;
#1424 =( NAMED_UNIT ( * ) PLANE_ANGLE_UNIT ( ) SI_UNIT ( $, .RADIAN. ) );
#1425 =( NAMED_UNIT ( * ) PLANE_ANGLE_UNIT ( ) SI_UNIT ( $, .RADIAN. ) );
#1426 =( NAMED_UNIT ( * ) PLANE_ANGLE_UNIT ( ) SI_UNIT ( $, .RADIAN. ) );
#1427 = EDGE_CURVE ( 'NONE', #4154, #4637, #2461, .T. ) ;
#1428 = FACE_OUTER_BOUND ( 'NONE', #6091, .T. ) ;
#1429 = AXIS2_PLACEMENT_3D ( 'NONE', #2491, #6426, #3047 ) ;
#1430 = VECTOR ( 'NONE', #6904, 1000.000000000000000 ) ;
#1431 = CARTESIAN_POINT ( 'NONE',  ( -39.00000000000000700, -3.999999999999992500, 4.850000000000000500 ) ) ;
#1432 = ORIENTED_EDGE ( 'NONE', *, *, #7306, .T. ) ;
#1433 =( GEOMETRIC_REPRESENTATION_CONTEXT ( 3 ) GLOBAL_UNCERTAINTY_ASSIGNED_CONTEXT ( ( #1120 ) ) GLOBAL_UNIT_ASSIGNED_CONTEXT ( ( #2556, #5911, #2001 ) ) REPRESENTATION_CONTEXT ( 'NONE', 'WORKASPACE' ) );
#1434 = CARTESIAN_POINT ( 'NONE',  ( -40.00000000000000700, -22.54999999999999700, 4.850000000000000500 ) ) ;
#1435 = CARTESIAN_POINT ( 'NONE',  ( -50.00000000000000700, 16.20000000000001700, -0.6500000000000008000 ) ) ;
#1436 = MECHANICAL_DESIGN_GEOMETRIC_PRESENTATION_REPRESENTATION (  '', ( #674 ), #1834 ) ;
#1437 = VECTOR ( 'NONE', #2337, 1000.000000000000000 ) ;
#1438 = ORIENTED_EDGE ( 'NONE', *, *, #25, .T. ) ;
#1439 = VERTEX_POINT ( 'NONE', #4417 ) ;
#1440 =( NAMED_UNIT ( * ) PLANE_ANGLE_UNIT ( ) SI_UNIT ( $, .RADIAN. ) );
#1441 = PLANE ( 'NONE',  #5205 ) ;
#1442 = PRESENTATION_LAYER_ASSIGNMENT (  '', '', ( #1071 ) ) ;
#1443 = VERTEX_POINT ( 'NONE', #7300 ) ;
#1444 = FILL_AREA_STYLE_COLOUR ( '', #6502 ) ;
#1445 = AXIS2_PLACEMENT_3D ( 'NONE', #2685, #4396, #4965 ) ;
#1446 = VERTEX_POINT ( 'NONE', #6204 ) ;
#1447 = CARTESIAN_POINT ( 'NONE',  ( -38.90000000000003400, 25.99999999999998900, 4.599999999999999600 ) ) ;
#1448 = EDGE_CURVE ( 'NONE', #4171, #3596, #3612, .T. ) ;
#1449 = VECTOR ( 'NONE', #443, 1000.000000000000000 ) ;
#1450 =( GEOMETRIC_REPRESENTATION_CONTEXT ( 3 ) GLOBAL_UNCERTAINTY_ASSIGNED_CONTEXT ( ( #800 ) ) GLOBAL_UNIT_ASSIGNED_CONTEXT ( ( #2343, #5712, #1782 ) ) REPRESENTATION_CONTEXT ( 'NONE', 'WORKASPACE' ) );
#1451 = DIRECTION ( 'NONE',  ( 0.0000000000000000000, -1.000000000000000000, 0.0000000000000000000 ) ) ;
#1452 = CARTESIAN_POINT ( 'NONE',  ( -39.00000000000000700, -3.999999999999992500, 4.850000000000000500 ) ) ;
#1453 = ADVANCED_FACE ( 'NONE', ( #6603 ), #6377, .F. ) ;
#1454 = CARTESIAN_POINT ( 'NONE',  ( 7.000000000000000900, -20.84568443057522600, 3.800000003164111000 ) ) ;
#1455 = UNCERTAINTY_MEASURE_WITH_UNIT (LENGTH_MEASURE( 1.000000000000000100E-005 ), #4330, 'distance_accuracy_value', 'NONE');
#1456 = VECTOR ( 'NONE', #1362, 1000.000000000000000 ) ;
#1457 = VECTOR ( 'NONE', #4118, 1000.000000000000000 ) ;
#1458 =( GEOMETRIC_REPRESENTATION_CONTEXT ( 3 ) GLOBAL_UNCERTAINTY_ASSIGNED_CONTEXT ( ( #2229 ) ) GLOBAL_UNIT_ASSIGNED_CONTEXT ( ( #7175, #2801, #5948 ) ) REPRESENTATION_CONTEXT ( 'NONE', 'WORKASPACE' ) );
#1459 = EDGE_CURVE ( 'NONE', #1752, #3596, #3060, .T. ) ;
#1460 = ORIENTED_EDGE ( 'NONE', *, *, #559, .T. ) ;
#1461 = ORIENTED_EDGE ( 'NONE', *, *, #167, .T. ) ;
#1462 = DIRECTION ( 'NONE',  ( -5.782411586589365500E-016, 1.000000000000000000, 0.0000000000000000000 ) ) ;
#1463 = VECTOR ( 'NONE', #6350, 1000.000000000000000 ) ;
#1464 = CARTESIAN_POINT ( 'NONE',  ( -38.99999999999999300, -22.54999999999999700, 4.850000000000000500 ) ) ;
#1465 = LINE ( 'NONE', #6826, #2970 ) ;
#1466 = ORIENTED_EDGE ( 'NONE', *, *, #6744, .F. ) ;
#1467 =( LENGTH_UNIT ( ) NAMED_UNIT ( * ) SI_UNIT ( .MILLI., .METRE. ) );
#1468 = SURFACE_SIDE_STYLE ('',( #3979 ) ) ;
#1469 = SURFACE_STYLE_FILL_AREA ( #4453 ) ;
#1470 = CARTESIAN_POINT ( 'NONE',  ( -39.00000000000000000, -25.99999999999998600, -2.649999999999999500 ) ) ;
#1471 = COLOUR_RGB ( '',0.0000000000000000000, 0.0000000000000000000, 0.0000000000000000000 ) ;
#1472 = ORIENTED_EDGE ( 'NONE', *, *, #2409, .F. ) ;
#1473 = CARTESIAN_POINT ( 'NONE',  ( -7.000000000000000000, -26.73174244184106000, 2.555991270681383700 ) ) ;
#1474 = PRESENTATION_STYLE_ASSIGNMENT (( #4685 ) ) ;
#1475 = ORIENTED_EDGE ( 'NONE', *, *, #2358, .T. ) ;
#1476 =( NAMED_UNIT ( * ) SI_UNIT ( $, .STERADIAN. ) SOLID_ANGLE_UNIT ( ) );
#1477 = SURFACE_STYLE_FILL_AREA ( #7161 ) ;
#1478 = CARTESIAN_POINT ( 'NONE',  ( -39.00000000000000700, 22.20000000000001000, -5.350000000000000500 ) ) ;
#1479 = FILL_AREA_STYLE_COLOUR ( '', #2364 ) ;
#1480 = EDGE_CURVE ( 'NONE', #813, #5777, #6054, .T. ) ;
#1481 = ORIENTED_EDGE ( 'NONE', *, *, #3503, .T. ) ;
#1482 = ORIENTED_EDGE ( 'NONE', *, *, #6566, .T. ) ;
#1483 = ORIENTED_EDGE ( 'NONE', *, *, #5470, .T. ) ;
#1484 = CARTESIAN_POINT ( 'NONE',  ( -16.00000000000000000, -14.00000000000000000, -0.5999999999999999800 ) ) ;
#1485 = MECHANICAL_DESIGN_GEOMETRIC_PRESENTATION_REPRESENTATION (  '', ( #358 ), #1883 ) ;
#1486 = ORIENTED_EDGE ( 'NONE', *, *, #3104, .F. ) ;
#1487 = SURFACE_STYLE_FILL_AREA ( #4444 ) ;
#1488 = CYLINDRICAL_SURFACE ( 'NONE', #1201, 0.2549999999999982800 ) ;
#1489 = ORIENTED_EDGE ( 'NONE', *, *, #3472, .F. ) ;
#1490 = ORIENTED_EDGE ( 'NONE', *, *, #2301, .F. ) ;
#1491 = ADVANCED_FACE ( 'NONE', ( #67 ), #4373, .F. ) ;
#1492 = CARTESIAN_POINT ( 'NONE',  ( 28.49999999999998200, -24.00000000000000000, -0.5999999999999999800 ) ) ;
#1493 = SURFACE_STYLE_FILL_AREA ( #6051 ) ;
#1494 = CARTESIAN_POINT ( 'NONE',  ( 39.99999999999997900, -19.55000000000000800, 4.850000000000000500 ) ) ;
#1495 = DIRECTION ( 'NONE',  ( 1.000000000000000000, 0.0000000000000000000, -0.0000000000000000000 ) ) ;
#1496 = DIRECTION ( 'NONE',  ( -1.000000000000000000, -4.391705002472927600E-016, 0.0000000000000000000 ) ) ;
#1497 = ORIENTED_EDGE ( 'NONE', *, *, #126, .F. ) ;
#1498 = COLOUR_RGB ( '',0.9098039215686274400, 0.5490196078431373000, 0.03137254901960784300 ) ;
#1499 = EDGE_CURVE ( 'NONE', #809, #5238, #6967, .T. ) ;
#1500 = VECTOR ( 'NONE', #4483, 1000.000000000000000 ) ;
#1501 =( GEOMETRIC_REPRESENTATION_CONTEXT ( 3 ) GLOBAL_UNCERTAINTY_ASSIGNED_CONTEXT ( ( #4802 ) ) GLOBAL_UNIT_ASSIGNED_CONTEXT ( ( #2017, #4072, #6072 ) ) REPRESENTATION_CONTEXT ( 'NONE', 'WORKASPACE' ) );
#1502 = CARTESIAN_POINT ( 'NONE',  ( 39.00000000000000700, -26.99999999999999600, 4.850000000000000500 ) ) ;
#1503 =( NAMED_UNIT ( * ) PLANE_ANGLE_UNIT ( ) SI_UNIT ( $, .RADIAN. ) );
#1504 = VECTOR ( 'NONE', #3454, 1000.000000000000000 ) ;
#1505 = PRESENTATION_STYLE_ASSIGNMENT (( #1422 ) ) ;
#1506 =( GEOMETRIC_REPRESENTATION_CONTEXT ( 3 ) GLOBAL_UNCERTAINTY_ASSIGNED_CONTEXT ( ( #3635 ) ) GLOBAL_UNIT_ASSIGNED_CONTEXT ( ( #1864, #4682, #136 ) ) REPRESENTATION_CONTEXT ( 'NONE', 'WORKASPACE' ) );
#1507 = ORIENTED_EDGE ( 'NONE', *, *, #4978, .F. ) ;
#1508 = VECTOR ( 'NONE', #6668, 1000.000000000000000 ) ;
#1509 = SURFACE_SIDE_STYLE ('',( #4201 ) ) ;
#1510 = CARTESIAN_POINT ( 'NONE',  ( 7.000000000000000000, -24.66178007831438600, -1.323920199351380300 ) ) ;
#1511 = DIRECTION ( 'NONE',  ( -0.0000000000000000000, -1.000000000000000000, -0.0000000000000000000 ) ) ;
#1512 = CARTESIAN_POINT ( 'NONE',  ( -50.00000000000000700, 17.20000000000001700, -0.6500000000000008000 ) ) ;
#1513 = SURFACE_STYLE_FILL_AREA ( #4939 ) ;
#1514 = UNCERTAINTY_MEASURE_WITH_UNIT (LENGTH_MEASURE( 1.000000000000000100E-005 ), #7132, 'distance_accuracy_value', 'NONE');
#1515 = CARTESIAN_POINT ( 'NONE',  ( -50.00000000000000700, 16.20000000000001700, -2.149999999999999900 ) ) ;
#1516 = EDGE_LOOP ( 'NONE', ( #2819, #5602, #5956, #6118 ) ) ;
#1517 = EDGE_CURVE ( 'NONE', #7212, #2363, #1146, .T. ) ;
#1518 = VECTOR ( 'NONE', #1891, 1000.000000000000000 ) ;
#1519 = CARTESIAN_POINT ( 'NONE',  ( -39.00000000000000700, 23.45000000000000300, 4.850000000000000500 ) ) ;
#1520 = PLANE ( 'NONE',  #4785 ) ;
#1521 = PLANE ( 'NONE',  #5927 ) ;
#1522 = CARTESIAN_POINT ( 'NONE',  ( -39.00000000000000000, -25.99999999999998600, -2.149999999999999900 ) ) ;
#1523 = VERTEX_POINT ( 'NONE', #2890 ) ;
#1524 = AXIS2_PLACEMENT_3D ( 'NONE', #570, #59, #1788 ) ;
#1525 =( GEOMETRIC_REPRESENTATION_CONTEXT ( 3 ) GLOBAL_UNCERTAINTY_ASSIGNED_CONTEXT ( ( #2097 ) ) GLOBAL_UNIT_ASSIGNED_CONTEXT ( ( #6804, #3424, #33 ) ) REPRESENTATION_CONTEXT ( 'NONE', 'WORKASPACE' ) );
#1526 = EDGE_CURVE ( 'NONE', #776, #191, #963, .T. ) ;
#1527 = CARTESIAN_POINT ( 'NONE',  ( -38.90000000000003400, 25.99999999999998900, 4.599999999999999600 ) ) ;
#1528 = CARTESIAN_POINT ( 'NONE',  ( 7.000000000000000900, -20.84568443055901100, 3.800000003161695200 ) ) ;
#1529 = ORIENTED_EDGE ( 'NONE', *, *, #2241, .T. ) ;
#1530 = ADVANCED_FACE ( 'NONE', ( #2467 ), #3248, .T. ) ;
#1531 = ORIENTED_EDGE ( 'NONE', *, *, #5842, .T. ) ;
#1532 = VERTEX_POINT ( 'NONE', #1826 ) ;
#1533 = MECHANICAL_DESIGN_GEOMETRIC_PRESENTATION_REPRESENTATION (  '', ( #764 ), #1916 ) ;
#1534 = DIRECTION ( 'NONE',  ( 1.000000000000000000, 0.0000000000000000000, -0.0000000000000000000 ) ) ;
#1535 = VECTOR ( 'NONE', #6185, 1000.000000000000000 ) ;
#1536 = DIRECTION ( 'NONE',  ( -0.0000000000000000000, 0.0000000000000000000, -1.000000000000000000 ) ) ;
#1537 = CARTESIAN_POINT ( 'NONE',  ( 29.83999999999999300, -28.19999999999999600, 0.2000000000000000900 ) ) ;
#1538 = SURFACE_STYLE_USAGE ( .BOTH. , #4924 ) ;
#1539 = PRESENTATION_LAYER_ASSIGNMENT (  '', '', ( #413 ) ) ;
#1540 = VECTOR ( 'NONE', #1369, 1000.000000000000000 ) ;
#1541 = COLOUR_RGB ( '',1.000000000000000000, 1.000000000000000000, 1.000000000000000000 ) ;
#1542 = CARTESIAN_POINT ( 'NONE',  ( 36.10000000000000100, -24.47999999999999300, 0.0000000000000000000 ) ) ;
#1543 = MECHANICAL_DESIGN_GEOMETRIC_PRESENTATION_REPRESENTATION (  '', ( #786 ), #1932 ) ;
#1544 = EDGE_CURVE ( 'NONE', #4405, #2641, #6257, .T. ) ;
#1545 = EDGE_CURVE ( 'NONE', #324, #351, #1946, .T. ) ;
#1546 = CARTESIAN_POINT ( 'NONE',  ( -39.00000000000000000, 17.20000000000001700, -5.350000000000000500 ) ) ;
#1547 = VERTEX_POINT ( 'NONE', #6312 ) ;
#1548 = STYLED_ITEM ( 'NONE', ( #7099 ), #3338 ) ;
#1549 = SURFACE_SIDE_STYLE ('',( #1513 ) ) ;
#1550 = CARTESIAN_POINT ( 'NONE',  ( -7.000000000000000900, -20.84568443057522600, 3.800000003164111000 ) ) ;
#1551 = CARTESIAN_POINT ( 'NONE',  ( -38.90000000000003400, 25.99999999999998900, 4.599999999999999600 ) ) ;
#1552 =( LENGTH_UNIT ( ) NAMED_UNIT ( * ) SI_UNIT ( .MILLI., .METRE. ) );
#1553 = ORIENTED_EDGE ( 'NONE', *, *, #4735, .F. ) ;
#1554 = PRESENTATION_STYLE_ASSIGNMENT (( #6404 ) ) ;
#1555 = CARTESIAN_POINT ( 'NONE',  ( 7.000000000000000000, -26.52446768126150900, 2.521247357350493000 ) ) ;
#1556 = CARTESIAN_POINT ( 'NONE',  ( -38.90000000000003400, 25.99999999999998900, 4.299999999999999800 ) ) ;
#1557 =( GEOMETRIC_REPRESENTATION_CONTEXT ( 3 ) GLOBAL_UNCERTAINTY_ASSIGNED_CONTEXT ( ( #6113 ) ) GLOBAL_UNIT_ASSIGNED_CONTEXT ( ( #5903, #3302, #2117 ) ) REPRESENTATION_CONTEXT ( 'NONE', 'WORKASPACE' ) );
#1558 = DIRECTION ( 'NONE',  ( 1.000000000000000000, 0.0000000000000000000, 0.0000000000000000000 ) ) ;
#1559 = DIRECTION ( 'NONE',  ( 1.000000000000000000, 0.0000000000000000000, 0.0000000000000000000 ) ) ;
#1560 = EDGE_CURVE ( 'NONE', #1192, #1315, #4605, .T. ) ;
#1561 = SURFACE_STYLE_FILL_AREA ( #2392 ) ;
#1562 = PRESENTATION_STYLE_ASSIGNMENT (( #1020 ) ) ;
#1563 = ADVANCED_FACE ( 'NONE', ( #4780 ), #6899, .T. ) ;
#1564 = FACE_OUTER_BOUND ( 'NONE', #344, .T. ) ;
#1565 =( NAMED_UNIT ( * ) PLANE_ANGLE_UNIT ( ) SI_UNIT ( $, .RADIAN. ) );
#1566 = CARTESIAN_POINT ( 'NONE',  ( 39.99999999999998600, 22.20000000000000300, -0.6500000000000000200 ) ) ;
#1567 = DIRECTION ( 'NONE',  ( -0.0000000000000000000, -0.0000000000000000000, 1.000000000000000000 ) ) ;
#1568 = ORIENTED_EDGE ( 'NONE', *, *, #422, .T. ) ;
#1569 = UNCERTAINTY_MEASURE_WITH_UNIT (LENGTH_MEASURE( 1.000000000000000100E-005 ), #2651, 'distance_accuracy_value', 'NONE');
#1570 = DIRECTION ( 'NONE',  ( 0.0000000000000000000, -1.000000000000000000, 0.0000000000000000000 ) ) ;
#1571 = ORIENTED_EDGE ( 'NONE', *, *, #6153, .T. ) ;
#1572 = SURFACE_STYLE_USAGE ( .BOTH. , #2217 ) ;
#1573 = COLOUR_RGB ( '',0.7529411764705882200, 0.7529411764705882200, 0.7529411764705882200 ) ;
#1574 = EDGE_CURVE ( 'NONE', #2028, #4880, #257, .T. ) ;
#1575 = ORIENTED_EDGE ( 'NONE', *, *, #1059, .T. ) ;
#1576 = VERTEX_POINT ( 'NONE', #1550 ) ;
#1577 = ORIENTED_EDGE ( 'NONE', *, *, #3496, .T. ) ;
#1578 = CARTESIAN_POINT ( 'NONE',  ( 14.00000000000000000, -27.00000000000000000, -0.0000000000000000000 ) ) ;
#1579 = DIRECTION ( 'NONE',  ( -1.000000000000000000, 0.0000000000000000000, 0.0000000000000000000 ) ) ;
#1580 = DIRECTION ( 'NONE',  ( 1.284980352575413200E-016, 1.000000000000000000, 0.0000000000000000000 ) ) ;
#1581 = CARTESIAN_POINT ( 'NONE',  ( 28.49999999999998200, -24.00000000000000000, -0.7999999999999999300 ) ) ;
#1582 = ORIENTED_EDGE ( 'NONE', *, *, #6319, .T. ) ;
#1583 = FACE_OUTER_BOUND ( 'NONE', #4146, .T. ) ;
#1584 = COLOUR_RGB ( '',0.0000000000000000000, 0.7529411764705882200, 0.0000000000000000000 ) ;
#1585 = VECTOR ( 'NONE', #2008, 1000.000000000000000 ) ;
#1586 = ORIENTED_EDGE ( 'NONE', *, *, #1249, .T. ) ;
#1587 = VECTOR ( 'NONE', #2007, 1000.000000000000000 ) ;
#1588 = DIRECTION ( 'NONE',  ( 0.0000000000000000000, 0.0000000000000000000, -1.000000000000000000 ) ) ;
#1589 = AXIS2_PLACEMENT_3D ( 'NONE', #1969, #4557, #3168 ) ;
#1590 = CARTESIAN_POINT ( 'NONE',  ( -14.00000000000000000, -26.99999999999998900, -0.5999999999999999800 ) ) ;
#1591 = DIRECTION ( 'NONE',  ( -1.000000000000000000, 0.0000000000000000000, 0.0000000000000000000 ) ) ;
#1592 = VERTEX_POINT ( 'NONE', #6106 ) ;
#1593 = CARTESIAN_POINT ( 'NONE',  ( -40.00000000000000700, 25.99999999999999300, 4.850000000000000500 ) ) ;
#1594 = CARTESIAN_POINT ( 'NONE',  ( -40.00000000000000700, 27.00000000000000400, 1.899999999999999900 ) ) ;
#1595 = AXIS2_PLACEMENT_3D ( 'NONE', #1603, #1707, #3185 ) ;
#1596 = VECTOR ( 'NONE', #2624, 1000.000000000000000 ) ;
#1597 = VERTEX_POINT ( 'NONE', #2860 ) ;
#1598 = SURFACE_STYLE_FILL_AREA ( #2380 ) ;
#1599 = ORIENTED_EDGE ( 'NONE', *, *, #4113, .T. ) ;
#1600 = FILL_AREA_STYLE ('',( #3841 ) ) ;
#1601 = DIRECTION ( 'NONE',  ( 0.0000000000000000000, 1.000000000000000000, -0.0000000000000000000 ) ) ;
#1602 =( LENGTH_UNIT ( ) NAMED_UNIT ( * ) SI_UNIT ( .MILLI., .METRE. ) );
#1603 = CARTESIAN_POINT ( 'NONE',  ( -19.99999999999999600, -10.99999999999999600, -0.5999999999999999800 ) ) ;
#1604 = CARTESIAN_POINT ( 'NONE',  ( 39.99999999999998600, 22.70000000000000600, -0.6500000000000000200 ) ) ;
#1605 = VERTEX_POINT ( 'NONE', #453 ) ;
#1606 = MECHANICAL_DESIGN_GEOMETRIC_PRESENTATION_REPRESENTATION (  '', ( #5883 ), #6278 ) ;
#1607 = PRESENTATION_LAYER_ASSIGNMENT (  '', '', ( #4654 ) ) ;
#1608 = DIRECTION ( 'NONE',  ( -0.0000000000000000000, -0.0000000000000000000, 1.000000000000000000 ) ) ;
#1609 = ADVANCED_FACE ( 'NONE', ( #4411 ), #907, .T. ) ;
#1610 = STYLED_ITEM ( 'NONE', ( #3411 ), #4096 ) ;
#1611 = LINE ( 'NONE', #3632, #1802 ) ;
#1612 = UNCERTAINTY_MEASURE_WITH_UNIT (LENGTH_MEASURE( 1.000000000000000100E-005 ), #4567, 'distance_accuracy_value', 'NONE');
#1613 = CARTESIAN_POINT ( 'NONE',  ( -30.09499999999998800, -28.19999999999999600, 0.2000000000000000900 ) ) ;
#1614 = LINE ( 'NONE', #3170, #5905 ) ;
#1615 = EDGE_CURVE ( 'NONE', #240, #1136, #3879, .T. ) ;
#1616 = DIRECTION ( 'NONE',  ( 1.000000000000000000, 0.0000000000000000000, 0.0000000000000000000 ) ) ;
#1617 = CARTESIAN_POINT ( 'NONE',  ( -27.99999999999998200, -24.00000000000000000, -0.5999999999999999800 ) ) ;
#1618 = ORIENTED_EDGE ( 'NONE', *, *, #1024, .F. ) ;
#1619 = DIRECTION ( 'NONE',  ( -1.000000000000000000, 3.182978855003314800E-016, 0.0000000000000000000 ) ) ;
#1620 = FILL_AREA_STYLE ('',( #2719 ) ) ;
#1621 = CARTESIAN_POINT ( 'NONE',  ( -13.99999999999999100, -29.99999999999999300, -0.5999999999999999800 ) ) ;
#1622 = VECTOR ( 'NONE', #2870, 1000.000000000000000 ) ;
#1623 = EDGE_CURVE ( 'NONE', #1958, #6374, #6887, .T. ) ;
#1624 = VERTEX_POINT ( 'NONE', #1852 ) ;
#1625 = ORIENTED_EDGE ( 'NONE', *, *, #425, .T. ) ;
#1626 = ORIENTED_EDGE ( 'NONE', *, *, #3838, .T. ) ;
#1627 = CARTESIAN_POINT ( 'NONE',  ( 7.000000000000000000, -26.68879453581675100, -0.9321807787591008800 ) ) ;
#1628 = VECTOR ( 'NONE', #2517, 1000.000000000000000 ) ;
#1629 = CARTESIAN_POINT ( 'NONE',  ( 35.99999999999999300, -24.37999999999999200, -0.0000000000000000000 ) ) ;
#1630 = SURFACE_STYLE_USAGE ( .BOTH. , #2704 ) ;
#1631 = CARTESIAN_POINT ( 'NONE',  ( 6.999999999999999100, -23.47590573562303700, 3.800000000000002000 ) ) ;
#1632 =( GEOMETRIC_REPRESENTATION_CONTEXT ( 3 ) GLOBAL_UNCERTAINTY_ASSIGNED_CONTEXT ( ( #494 ) ) GLOBAL_UNIT_ASSIGNED_CONTEXT ( ( #3418, #3968, #2320 ) ) REPRESENTATION_CONTEXT ( 'NONE', 'WORKASPACE' ) );
#1633 = ORIENTED_EDGE ( 'NONE', *, *, #3763, .T. ) ;
#1634 = CARTESIAN_POINT ( 'NONE',  ( -38.90000000000003400, 25.99999999999998900, 4.599999999999999600 ) ) ;
#1635 = PRESENTATION_STYLE_ASSIGNMENT (( #7308 ) ) ;
#1636 =( NAMED_UNIT ( * ) PLANE_ANGLE_UNIT ( ) SI_UNIT ( $, .RADIAN. ) );
#1637 = DIRECTION ( 'NONE',  ( -1.000000000000000000, 0.0000000000000000000, 0.0000000000000000000 ) ) ;
#1638 = CARTESIAN_POINT ( 'NONE',  ( 35.79999999999999700, -30.00000000000000000, -0.0000000000000000000 ) ) ;
#1639 = STYLED_ITEM ( 'NONE', ( #2799 ), #5606 ) ;
#1640 = UNCERTAINTY_MEASURE_WITH_UNIT (LENGTH_MEASURE( 1.000000000000000100E-005 ), #6975, 'distance_accuracy_value', 'NONE');
#1641 = CARTESIAN_POINT ( 'NONE',  ( -20.00000000000000000, -18.99999999999999600, -0.5999999999999999800 ) ) ;
#1642 = CARTESIAN_POINT ( 'NONE',  ( 39.99999999999997900, -22.55000000000000800, 1.899999999999999900 ) ) ;
#1643 = VECTOR ( 'NONE', #3640, 1000.000000000000000 ) ;
#1644 = PLANE ( 'NONE',  #3899 ) ;
#1645 = STYLED_ITEM ( 'NONE', ( #5153 ), #6815 ) ;
#1646 = ADVANCED_FACE ( 'NONE', ( #868 ), #3701, .T. ) ;
#1647 = B_SPLINE_SURFACE_WITH_KNOTS ( 'NONE', 3, 1, ( 
 ( #1388, #5252 ),
 ( #1880, #5796 ),
 ( #721, #4700 ),
 ( #1301, #4674 ),
 ( #1283, #5231 ),
 ( #6343, #2971 ),
 ( #6926, #1857 ),
 ( #5773, #2405 ),
 ( #127, #4101 ),
 ( #699, #6908 ),
 ( #3519, #4907 ),
 ( #6598, #3261 ) ),
 .UNSPECIFIED., .F., .F., .F.,
 ( 4, 1, 1, 1, 1, 1, 1, 1, 1, 4 ),
 ( 2, 2 ),
 ( 0.008854278814227985500, 0.03125000000000000000, 0.06250000000000000000, 0.09375000000000000000, 0.1250000000000000000, 0.1875000000000000000, 0.2500000000000000000, 0.3750000000000000000, 0.5000000000000000000, 0.6172551104195351800 ),
 ( 0.0000000000000000000, 1.000000000000000000 ),
 .UNSPECIFIED. ) ;
#1648 = FACE_OUTER_BOUND ( 'NONE', #3984, .T. ) ;
#1649 = ORIENTED_EDGE ( 'NONE', *, *, #4191, .F. ) ;
#1650 = CARTESIAN_POINT ( 'NONE',  ( 36.10000000000000100, -24.17999999999999300, -0.5999999999999999800 ) ) ;
#1651 = SURFACE_STYLE_USAGE ( .BOTH. , #513 ) ;
#1652 = EDGE_CURVE ( 'NONE', #6968, #2218, #5215, .T. ) ;
#1653 = LINE ( 'NONE', #2934, #135 ) ;
#1654 = AXIS2_PLACEMENT_3D ( 'NONE', #6097, #3861, #2730 ) ;
#1655 = EDGE_CURVE ( 'NONE', #1231, #6053, #5390, .T. ) ;
#1656 = EDGE_LOOP ( 'NONE', ( #5671, #4692, #3812, #423, #3637, #5968 ) ) ;
#1657 = CIRCLE ( 'NONE', #863, 0.3000000000000016500 ) ;
#1658 = PLANE ( 'NONE',  #4713 ) ;
#1659 = PRESENTATION_STYLE_ASSIGNMENT (( #29 ) ) ;
#1660 = DIRECTION ( 'NONE',  ( 0.0000000000000000000, 0.0000000000000000000, -1.000000000000000000 ) ) ;
#1661 = CARTESIAN_POINT ( 'NONE',  ( -7.000000000000000900, -20.33580432443955000, 3.800000000000000300 ) ) ;
#1662 = AXIS2_PLACEMENT_3D ( 'NONE', #2237, #1704, #1102 ) ;
#1663 = COLOUR_RGB ( '',1.000000000000000000, 1.000000000000000000, 1.000000000000000000 ) ;
#1664 = VECTOR ( 'NONE', #479, 1000.000000000000000 ) ;
#1665 = DIRECTION ( 'NONE',  ( -0.0000000000000000000, 0.0000000000000000000, 1.000000000000000000 ) ) ;
#1666 = AXIS2_PLACEMENT_3D ( 'NONE', #1408, #5592, #6740 ) ;
#1667 = CARTESIAN_POINT ( 'NONE',  ( 7.000000000000000900, -20.81951302301503400, 3.932733293973400100 ) ) ;
#1668 = PLANE ( 'NONE',  #5331 ) ;
#1669 = EDGE_LOOP ( 'NONE', ( #4547, #2736, #1697, #3145 ) ) ;
#1670 = SURFACE_STYLE_FILL_AREA ( #1133 ) ;
#1671 = CARTESIAN_POINT ( 'NONE',  ( 7.000000000000000900, -22.57080197084797000, 3.831896257166642600 ) ) ;
#1672 = AXIS2_PLACEMENT_3D ( 'NONE', #1470, #5961, #3207 ) ;
#1673 = CARTESIAN_POINT ( 'NONE',  ( -40.00000000000000700, 25.99999999999999300, 4.850000000000000500 ) ) ;
#1674 = VERTEX_POINT ( 'NONE', #6990 ) ;
#1675 = STYLED_ITEM ( 'NONE', ( #462 ), #7108 ) ;
#1676 = CARTESIAN_POINT ( 'NONE',  ( -40.00000000000000700, 27.00000000000000400, 1.899999999999999900 ) ) ;
#1677 = CARTESIAN_POINT ( 'NONE',  ( -38.90000000000003400, 25.99999999999998900, 4.599999999999999600 ) ) ;
#1678 = ORIENTED_EDGE ( 'NONE', *, *, #4989, .T. ) ;
#1679 = EDGE_CURVE ( 'NONE', #5637, #2714, #2209, .T. ) ;
#1680 = AXIS2_PLACEMENT_3D ( 'NONE', #161, #3548, #6931 ) ;
#1681 = FACE_OUTER_BOUND ( 'NONE', #3515, .T. ) ;
#1682 = ORIENTED_EDGE ( 'NONE', *, *, #1138, .F. ) ;
#1683 = CARTESIAN_POINT ( 'NONE',  ( 29.83999999999999300, -28.19999999999999600, -13.29999999999999900 ) ) ;
#1684 = ADVANCED_FACE ( 'NONE', ( #6702 ), #1488, .T. ) ;
#1685 = DIRECTION ( 'NONE',  ( 1.284980352575413200E-016, 1.000000000000000000, 0.0000000000000000000 ) ) ;
#1686 = DIRECTION ( 'NONE',  ( -0.0000000000000000000, 0.0000000000000000000, -1.000000000000000000 ) ) ;
#1687 = CARTESIAN_POINT ( 'NONE',  ( -13.99999999999999100, -29.99999999999999300, 0.0000000000000000000 ) ) ;
#1688 = VECTOR ( 'NONE', #2932, 1000.000000000000000 ) ;
#1689 = CARTESIAN_POINT ( 'NONE',  ( -39.00000000000000700, 23.20000000000001700, -2.149999999999999900 ) ) ;
#1690 = VECTOR ( 'NONE', #4119, 1000.000000000000000 ) ;
#1691 = PLANE ( 'NONE',  #5376 ) ;
#1692 = PRESENTATION_LAYER_ASSIGNMENT (  '', '', ( #1308 ) ) ;
#1693 =( NAMED_UNIT ( * ) SI_UNIT ( $, .STERADIAN. ) SOLID_ANGLE_UNIT ( ) );
#1694 = CYLINDRICAL_SURFACE ( 'NONE', #1355, 0.2549999999999982800 ) ;
#1695 = DIRECTION ( 'NONE',  ( 1.000000000000000000, -0.0000000000000000000, -0.0000000000000000000 ) ) ;
#1696 = FILL_AREA_STYLE ('',( #7285 ) ) ;
#1697 = ORIENTED_EDGE ( 'NONE', *, *, #4734, .F. ) ;
#1698 = MECHANICAL_DESIGN_GEOMETRIC_PRESENTATION_REPRESENTATION (  '', ( #5826 ), #3484 ) ;
#1699 = EDGE_CURVE ( 'NONE', #1890, #6258, #2991, .T. ) ;
#1700 = EDGE_CURVE ( 'NONE', #1446, #4726, #156, .T. ) ;
#1701 = VECTOR ( 'NONE', #5993, 1000.000000000000000 ) ;
#1702 = PRESENTATION_LAYER_ASSIGNMENT (  '', '', ( #4739 ) ) ;
#1703 = AXIS2_PLACEMENT_3D ( 'NONE', #2330, #6263, #2884 ) ;
#1704 = DIRECTION ( 'NONE',  ( 1.000000000000000000, -1.284980352575413200E-016, -0.0000000000000000000 ) ) ;
#1705 = VERTEX_POINT ( 'NONE', #284 ) ;
#1706 = CIRCLE ( 'NONE', #3201, 1.000000000000000900 ) ;
#1707 = DIRECTION ( 'NONE',  ( 1.734723475976807100E-016, 1.000000000000000000, 0.0000000000000000000 ) ) ;
#1708 = ORIENTED_EDGE ( 'NONE', *, *, #6586, .F. ) ;
#1709 =( NAMED_UNIT ( * ) PLANE_ANGLE_UNIT ( ) SI_UNIT ( $, .RADIAN. ) );
#1710 = DIRECTION ( 'NONE',  ( 1.000000000000000000, 0.0000000000000000000, -0.0000000000000000000 ) ) ;
#1711 = ORIENTED_EDGE ( 'NONE', *, *, #4199, .F. ) ;
#1712 = SURFACE_STYLE_USAGE ( .BOTH. , #5082 ) ;
#1713 = DIRECTION ( 'NONE',  ( 1.000000000000000000, 0.0000000000000000000, 0.0000000000000000000 ) ) ;
#1714 = VERTEX_POINT ( 'NONE', #4235 ) ;
#1715 = ORIENTED_EDGE ( 'NONE', *, *, #3294, .T. ) ;
#1716 = CIRCLE ( 'NONE', #550, 0.2549999999999982800 ) ;
#1717 = PRESENTATION_LAYER_ASSIGNMENT (  '', '', ( #1323 ) ) ;
#1718 = FILL_AREA_STYLE ('',( #7256 ) ) ;
#1719 = FILL_AREA_STYLE_COLOUR ( '', #6344 ) ;
#1720 = DIRECTION ( 'NONE',  ( -1.000000000000000000, 0.0000000000000000000, 0.0000000000000000000 ) ) ;
#1721 = VERTEX_POINT ( 'NONE', #6466 ) ;
#1722 = ORIENTED_EDGE ( 'NONE', *, *, #7008, .T. ) ;
#1723 =( NAMED_UNIT ( * ) SI_UNIT ( $, .STERADIAN. ) SOLID_ANGLE_UNIT ( ) );
#1724 = LINE ( 'NONE', #2333, #4549 ) ;
#1725 = FILL_AREA_STYLE_COLOUR ( '', #4295 ) ;
#1726 = ADVANCED_FACE ( 'NONE', ( #4504 ), #1647, .F. ) ;
#1727 = ADVANCED_FACE ( 'NONE', ( #956, #6783, #5288, #2288 ), #2425, .T. ) ;
#1728 = MANIFOLD_SOLID_BREP ( 'Boss-Extrude16[1]', #6947 ) ;
#1729 = LINE ( 'NONE', #532, #204 ) ;
#1730 = FILL_AREA_STYLE_COLOUR ( '', #933 ) ;
#1731 = PLANE ( 'NONE',  #1068 ) ;
#1732 = ORIENTED_EDGE ( 'NONE', *, *, #2679, .F. ) ;
#1733 = PRESENTATION_STYLE_ASSIGNMENT (( #1651 ) ) ;
#1734 = FILL_AREA_STYLE ('',( #634 ) ) ;
#1735 = DIRECTION ( 'NONE',  ( -0.0000000000000000000, -0.0000000000000000000, 1.000000000000000000 ) ) ;
#1736 = CARTESIAN_POINT ( 'NONE',  ( -32.12499999999998600, -28.19999999999999600, 0.2000000000000000900 ) ) ;
#1737 = SURFACE_SIDE_STYLE ('',( #4770 ) ) ;
#1738 =( NAMED_UNIT ( * ) SI_UNIT ( $, .STERADIAN. ) SOLID_ANGLE_UNIT ( ) );
#1739 = STYLED_ITEM ( 'NONE', ( #4902 ), #5907 ) ;
#1740 = ORIENTED_EDGE ( 'NONE', *, *, #925, .T. ) ;
#1741 = ORIENTED_EDGE ( 'NONE', *, *, #5830, .T. ) ;
#1742 = SURFACE_STYLE_USAGE ( .BOTH. , #6923 ) ;
#1743 = CARTESIAN_POINT ( 'NONE',  ( -7.000000000000000000, -27.91544923818409500, 1.268894953814910100 ) ) ;
#1744 = DIRECTION ( 'NONE',  ( 0.0000000000000000000, 0.0000000000000000000, -1.000000000000000000 ) ) ;
#1745 = PRESENTATION_LAYER_ASSIGNMENT (  '', '', ( #6741 ) ) ;
#1746 = DIRECTION ( 'NONE',  ( -0.0000000000000000000, -0.0000000000000000000, -1.000000000000000000 ) ) ;
#1747 = CIRCLE ( 'NONE', #2656, 0.2549999999999982800 ) ;
#1748 = ORIENTED_EDGE ( 'NONE', *, *, #7083, .F. ) ;
#1749 = COLOUR_RGB ( '',0.0000000000000000000, 0.7529411764705882200, 0.0000000000000000000 ) ;
#1750 = ORIENTED_EDGE ( 'NONE', *, *, #5772, .F. ) ;
#1751 = UNCERTAINTY_MEASURE_WITH_UNIT (LENGTH_MEASURE( 1.000000000000000100E-005 ), #1844, 'distance_accuracy_value', 'NONE');
#1752 = VERTEX_POINT ( 'NONE', #7133 ) ;
#1753 = FILL_AREA_STYLE ('',( #1186 ) ) ;
#1754 = CIRCLE ( 'NONE', #1680, 0.5000000000000004400 ) ;
#1755 = VECTOR ( 'NONE', #6556, 1000.000000000000000 ) ;
#1756 = PRESENTATION_LAYER_ASSIGNMENT (  '', '', ( #4913 ) ) ;
#1757 = CARTESIAN_POINT ( 'NONE',  ( -40.00000000000000700, -3.999999999999993300, 1.899999999999999900 ) ) ;
#1758 = LINE ( 'NONE', #3287, #3226 ) ;
#1759 = LINE ( 'NONE', #2430, #4762 ) ;
#1760 = ORIENTED_EDGE ( 'NONE', *, *, #6843, .F. ) ;
#1761 = DIRECTION ( 'NONE',  ( -0.0000000000000000000, -0.0000000000000000000, 1.000000000000000000 ) ) ;
#1762 = ADVANCED_FACE ( 'NONE', ( #245 ), #4048, .T. ) ;
#1763 = PLANE ( 'NONE',  #6019 ) ;
#1764 = DIRECTION ( 'NONE',  ( 0.0000000000000000000, 0.0000000000000000000, -1.000000000000000000 ) ) ;
#1765 = COLOUR_RGB ( '',1.000000000000000000, 1.000000000000000000, 1.000000000000000000 ) ;
#1766 = CARTESIAN_POINT ( 'NONE',  ( -40.00000000000000700, 27.00000000000000400, 1.899999999999999900 ) ) ;
#1767 = FACE_OUTER_BOUND ( 'NONE', #5618, .T. ) ;
#1768 = ORIENTED_EDGE ( 'NONE', *, *, #5501, .T. ) ;
#1769 = EDGE_CURVE ( 'NONE', #6823, #4171, #5552, .T. ) ;
#1770 = ORIENTED_EDGE ( 'NONE', *, *, #3039, .F. ) ;
#1771 =( NAMED_UNIT ( * ) PLANE_ANGLE_UNIT ( ) SI_UNIT ( $, .RADIAN. ) );
#1772 = DIRECTION ( 'NONE',  ( -3.265361837132815600E-016, 1.000000000000000000, 0.0000000000000000000 ) ) ;
#1773 = CARTESIAN_POINT ( 'NONE',  ( 39.00000000000000700, -22.55000000000000800, 1.899999999999999900 ) ) ;
#1774 = ORIENTED_EDGE ( 'NONE', *, *, #2565, .F. ) ;
#1775 = ORIENTED_EDGE ( 'NONE', *, *, #5129, .F. ) ;
#1776 = FACE_OUTER_BOUND ( 'NONE', #5776, .T. ) ;
#1777 = FACE_OUTER_BOUND ( 'NONE', #6110, .T. ) ;
#1778 = VECTOR ( 'NONE', #4006, 1000.000000000000000 ) ;
#1779 = VERTEX_POINT ( 'NONE', #2628 ) ;
#1780 = MECHANICAL_DESIGN_GEOMETRIC_PRESENTATION_REPRESENTATION (  '', ( #1004 ), #2158 ) ;
#1781 = UNCERTAINTY_MEASURE_WITH_UNIT (LENGTH_MEASURE( 1.000000000000000100E-005 ), #1225, 'distance_accuracy_value', 'NONE');
#1782 =( NAMED_UNIT ( * ) SI_UNIT ( $, .STERADIAN. ) SOLID_ANGLE_UNIT ( ) );
#1783 = SURFACE_STYLE_USAGE ( .BOTH. , #5715 ) ;
#1784 = CARTESIAN_POINT ( 'NONE',  ( -39.00000000000000700, 17.20000000000001700, -0.6500000000000008000 ) ) ;
#1785 = LINE ( 'NONE', #7062, #268 ) ;
#1786 = PRESENTATION_LAYER_ASSIGNMENT (  '', '', ( #2163 ) ) ;
#1787 = ORIENTED_EDGE ( 'NONE', *, *, #2377, .T. ) ;
#1788 = DIRECTION ( 'NONE',  ( 1.000000000000000000, 0.0000000000000000000, 0.0000000000000000000 ) ) ;
#1789 = SURFACE_STYLE_FILL_AREA ( #6964 ) ;
#1790 =( NAMED_UNIT ( * ) PLANE_ANGLE_UNIT ( ) SI_UNIT ( $, .RADIAN. ) );
#1791 = CARTESIAN_POINT ( 'NONE',  ( -32.10000000000000100, 25.99999999999999300, 4.850000000000000500 ) ) ;
#1792 =( NAMED_UNIT ( * ) PLANE_ANGLE_UNIT ( ) SI_UNIT ( $, .RADIAN. ) );
#1793 = ORIENTED_EDGE ( 'NONE', *, *, #615, .T. ) ;
#1794 = AXIS2_PLACEMENT_3D ( 'NONE', #3982, #3435, #42 ) ;
#1795 = SURFACE_SIDE_STYLE ('',( #4073 ) ) ;
#1796 = PRODUCT_DEFINITION_SHAPE ( 'NONE', 'NONE',  #3660 ) ;
#1797 = COLOUR_RGB ( '',1.000000000000000000, 1.000000000000000000, 1.000000000000000000 ) ;
#1798 = DIRECTION ( 'NONE',  ( -1.000000000000000000, -8.673617379884027600E-016, 0.0000000000000000000 ) ) ;
#1799 =( NAMED_UNIT ( * ) SI_UNIT ( $, .STERADIAN. ) SOLID_ANGLE_UNIT ( ) );
#1800 =( NAMED_UNIT ( * ) SI_UNIT ( $, .STERADIAN. ) SOLID_ANGLE_UNIT ( ) );
#1801 = CARTESIAN_POINT ( 'NONE',  ( -40.00000000000000700, 25.99999999999999300, 4.850000000000000500 ) ) ;
#1802 = VECTOR ( 'NONE', #6455, 1000.000000000000000 ) ;
#1803 = ADVANCED_FACE ( 'NONE', ( #1767 ), #4369, .F. ) ;
#1804 = ORIENTED_EDGE ( 'NONE', *, *, #5679, .F. ) ;
#1805 = ADVANCED_FACE ( 'NONE', ( #6057 ), #493, .T. ) ;
#1806 = EDGE_CURVE ( 'NONE', #1714, #5837, #6765, .T. ) ;
#1807 = ORIENTED_EDGE ( 'NONE', *, *, #5339, .F. ) ;
#1808 = MECHANICAL_DESIGN_GEOMETRIC_PRESENTATION_REPRESENTATION (  '', ( #7201 ), #2179 ) ;
#1809 = EDGE_CURVE ( 'NONE', #5559, #373, #2445, .T. ) ;
#1810 = CIRCLE ( 'NONE', #267, 0.5000000000000004400 ) ;
#1811 = FILL_AREA_STYLE_COLOUR ( '', #7022 ) ;
#1812 = EDGE_LOOP ( 'NONE', ( #6932, #12, #4539, #3914 ) ) ;
#1813 = ORIENTED_EDGE ( 'NONE', *, *, #471, .F. ) ;
#1814 = ORIENTED_EDGE ( 'NONE', *, *, #4064, .T. ) ;
#1815 = LINE ( 'NONE', #5629, #1628 ) ;
#1816 = UNCERTAINTY_MEASURE_WITH_UNIT (LENGTH_MEASURE( 1.000000000000000100E-005 ), #2368, 'distance_accuracy_value', 'NONE');
#1817 = CARTESIAN_POINT ( 'NONE',  ( -27.99999999999998200, -24.00000000000000000, -0.7999999999999999300 ) ) ;
#1818 = MECHANICAL_DESIGN_GEOMETRIC_PRESENTATION_REPRESENTATION (  '', ( #1037 ), #2187 ) ;
#1819 = VERTEX_POINT ( 'NONE', #6033 ) ;
#1820 = CARTESIAN_POINT ( 'NONE',  ( 38.89999999999996300, 25.99999999999998900, 3.799999999999999800 ) ) ;
#1821 = VECTOR ( 'NONE', #123, 1000.000000000000000 ) ;
#1822 = DIRECTION ( 'NONE',  ( -1.000000000000000000, 1.284980352575413200E-016, 0.0000000000000000000 ) ) ;
#1823 = DIRECTION ( 'NONE',  ( -0.0000000000000000000, -0.0000000000000000000, 1.000000000000000000 ) ) ;
#1824 = VERTEX_POINT ( 'NONE', #445 ) ;
#1825 = DIRECTION ( 'NONE',  ( -1.000000000000000000, 3.717264591378872200E-016, 0.0000000000000000000 ) ) ;
#1826 = CARTESIAN_POINT ( 'NONE',  ( -20.00000000000000000, -18.99999999999999600, -0.7999999999999999300 ) ) ;
#1827 = EDGE_CURVE ( 'NONE', #4220, #2218, #2270, .T. ) ;
#1828 = AXIS2_PLACEMENT_3D ( 'NONE', #3158, #3742, #365 ) ;
#1829 = AXIS2_PLACEMENT_3D ( 'NONE', #5941, #2596, #6526 ) ;
#1830 = EDGE_CURVE ( 'NONE', #5810, #6949, #940, .T. ) ;
#1831 = MECHANICAL_DESIGN_GEOMETRIC_PRESENTATION_REPRESENTATION (  '', ( #6576 ), #1433 ) ;
#1832 =( NAMED_UNIT ( * ) SI_UNIT ( $, .STERADIAN. ) SOLID_ANGLE_UNIT ( ) );
#1833 = VECTOR ( 'NONE', #4889, 1000.000000000000000 ) ;
#1834 =( GEOMETRIC_REPRESENTATION_CONTEXT ( 3 ) GLOBAL_UNCERTAINTY_ASSIGNED_CONTEXT ( ( #2070 ) ) GLOBAL_UNIT_ASSIGNED_CONTEXT ( ( #5383, #1424, #4818 ) ) REPRESENTATION_CONTEXT ( 'NONE', 'WORKASPACE' ) );
#1835 = CARTESIAN_POINT ( 'NONE',  ( 38.99999999999998600, -24.38000000000000300, -2.149999999999999900 ) ) ;
#1836 = FILL_AREA_STYLE ('',( #2946 ) ) ;
#1837 = AXIS2_PLACEMENT_3D ( 'NONE', #2147, #6031, #2123 ) ;
#1838 = FACE_OUTER_BOUND ( 'NONE', #5919, .T. ) ;
#1839 = ORIENTED_EDGE ( 'NONE', *, *, #6529, .F. ) ;
#1840 =( LENGTH_UNIT ( ) NAMED_UNIT ( * ) SI_UNIT ( .MILLI., .METRE. ) );
#1841 = ADVANCED_FACE ( 'NONE', ( #758 ), #2108, .T. ) ;
#1842 = SURFACE_SIDE_STYLE ('',( #3448 ) ) ;
#1843 = VECTOR ( 'NONE', #6914, 1000.000000000000000 ) ;
#1844 =( LENGTH_UNIT ( ) NAMED_UNIT ( * ) SI_UNIT ( .MILLI., .METRE. ) );
#1845 = MECHANICAL_DESIGN_GEOMETRIC_PRESENTATION_REPRESENTATION (  '', ( #1071 ), #2211 ) ;
#1846 =( LENGTH_UNIT ( ) NAMED_UNIT ( * ) SI_UNIT ( .MILLI., .METRE. ) );
#1847 = ORIENTED_EDGE ( 'NONE', *, *, #3190, .T. ) ;
#1848 = CIRCLE ( 'NONE', #6303, 0.2549999999999982800 ) ;
#1849 = VECTOR ( 'NONE', #6571, 1000.000000000000000 ) ;
#1850 =( GEOMETRIC_REPRESENTATION_CONTEXT ( 3 ) GLOBAL_UNCERTAINTY_ASSIGNED_CONTEXT ( ( #842 ) ) GLOBAL_UNIT_ASSIGNED_CONTEXT ( ( #2093, #2643, #7102 ) ) REPRESENTATION_CONTEXT ( 'NONE', 'WORKASPACE' ) );
#1851 = EDGE_CURVE ( 'NONE', #4669, #3450, #3602, .T. ) ;
#1852 = CARTESIAN_POINT ( 'NONE',  ( -37.50000000000000000, -22.67999999999996100, 0.0000000000000000000 ) ) ;
#1853 = CARTESIAN_POINT ( 'NONE',  ( -20.00000000000000000, -18.99999999999999600, -0.7999999999999999300 ) ) ;
#1854 = UNCERTAINTY_MEASURE_WITH_UNIT (LENGTH_MEASURE( 1.000000000000000100E-005 ), #1336, 'distance_accuracy_value', 'NONE');
#1855 = LINE ( 'NONE', #4992, #4683 ) ;
#1856 = CARTESIAN_POINT ( 'NONE',  ( -38.90000000000002700, -24.17999999999997100, -0.5999999999999999800 ) ) ;
#1857 = CARTESIAN_POINT ( 'NONE',  ( -7.000000000000001800, -26.63628936894029700, -0.8445710469251209700 ) ) ;
#1858 = STYLED_ITEM ( 'NONE', ( #2850 ), #4253 ) ;
#1859 = EDGE_CURVE ( 'NONE', #4771, #6340, #6589, .T. ) ;
#1860 = VERTEX_POINT ( 'NONE', #2745 ) ;
#1861 = VECTOR ( 'NONE', #871, 1000.000000000000000 ) ;
#1862 = EDGE_LOOP ( 'NONE', ( #1234, #586, #2260, #6905 ) ) ;
#1863 = ORIENTED_EDGE ( 'NONE', *, *, #4064, .F. ) ;
#1864 =( LENGTH_UNIT ( ) NAMED_UNIT ( * ) SI_UNIT ( .MILLI., .METRE. ) );
#1865 = DIRECTION ( 'NONE',  ( -1.000000000000000000, 0.0000000000000000000, -0.0000000000000000000 ) ) ;
#1866 = CARTESIAN_POINT ( 'NONE',  ( 38.99999999999998600, 23.44999999999998900, 4.850000000000000500 ) ) ;
#1867 = PRESENTATION_STYLE_ASSIGNMENT (( #5430 ) ) ;
#1868 = FACE_OUTER_BOUND ( 'NONE', #5836, .T. ) ;
#1869 = DIRECTION ( 'NONE',  ( -1.000000000000000000, 0.0000000000000000000, 0.0000000000000000000 ) ) ;
#1870 = SURFACE_STYLE_USAGE ( .BOTH. , #3584 ) ;
#1871 = LINE ( 'NONE', #2772, #360 ) ;
#1872 = ADVANCED_FACE ( 'NONE', ( #4925 ), #1380, .T. ) ;
#1873 = LINE ( 'NONE', #1676, #362 ) ;
#1874 = SURFACE_SIDE_STYLE ('',( #6209 ) ) ;
#1875 = FILL_AREA_STYLE ('',( #5099 ) ) ;
#1876 = EDGE_CURVE ( 'NONE', #5075, #6247, #53, .T. ) ;
#1877 = SURFACE_SIDE_STYLE ('',( #5991 ) ) ;
#1878 = CARTESIAN_POINT ( 'NONE',  ( 38.90000000000003400, 25.99999999999998900, 4.599999999999999600 ) ) ;
#1879 = ORIENTED_EDGE ( 'NONE', *, *, #1427, .T. ) ;
#1880 = CARTESIAN_POINT ( 'NONE',  ( 7.000000000000000000, -23.34994585900959800, -0.8743318395484522800 ) ) ;
#1881 = VECTOR ( 'NONE', #3210, 1000.000000000000000 ) ;
#1882 = ORIENTED_EDGE ( 'NONE', *, *, #4370, .T. ) ;
#1883 =( GEOMETRIC_REPRESENTATION_CONTEXT ( 3 ) GLOBAL_UNCERTAINTY_ASSIGNED_CONTEXT ( ( #7278 ) ) GLOBAL_UNIT_ASSIGNED_CONTEXT ( ( #5030, #2216, #2778 ) ) REPRESENTATION_CONTEXT ( 'NONE', 'WORKASPACE' ) );
#1884 = ORIENTED_EDGE ( 'NONE', *, *, #4625, .F. ) ;
#1885 = DIRECTION ( 'NONE',  ( -4.462311192223297300E-016, 1.000000000000000000, -0.0000000000000000000 ) ) ;
#1886 = CARTESIAN_POINT ( 'NONE',  ( 0.0000000000000000000, 0.0000000000000000000, -2.149999999999999900 ) ) ;
#1887 = PLANE ( 'NONE',  #5970 ) ;
#1888 = FACE_OUTER_BOUND ( 'NONE', #870, .T. ) ;
#1889 = ORIENTED_EDGE ( 'NONE', *, *, #3763, .F. ) ;
#1890 = VERTEX_POINT ( 'NONE', #2616 ) ;
#1891 = DIRECTION ( 'NONE',  ( -0.0000000000000000000, -1.000000000000000000, -0.0000000000000000000 ) ) ;
#1892 = CARTESIAN_POINT ( 'NONE',  ( -38.90000000000002700, -24.17999999999997100, -0.5999999999999999800 ) ) ;
#1893 = DIRECTION ( 'NONE',  ( 1.000000000000000000, 0.0000000000000000000, 0.0000000000000000000 ) ) ;
#1894 = LINE ( 'NONE', #1593, #379 ) ;
#1895 = PRESENTATION_LAYER_ASSIGNMENT (  '', '', ( #7294 ) ) ;
#1896 = CLOSED_SHELL ( 'NONE', ( #429, #1530, #4536, #3297 ) ) ;
#1897 = ORIENTED_EDGE ( 'NONE', *, *, #2199, .F. ) ;
#1898 = ORIENTED_EDGE ( 'NONE', *, *, #5966, .F. ) ;
#1899 = CARTESIAN_POINT ( 'NONE',  ( 19.67999999999998900, -28.19999999999999900, -13.29999999999999900 ) ) ;
#1900 = LINE ( 'NONE', #5180, #6201 ) ;
#1901 = STYLED_ITEM ( 'NONE', ( #2985 ), #3828 ) ;
#1902 = CARTESIAN_POINT ( 'NONE',  ( 20.00000000000000400, -11.00000000000000400, -0.5999999999999999800 ) ) ;
#1903 = UNCERTAINTY_MEASURE_WITH_UNIT (LENGTH_MEASURE( 1.000000000000000100E-005 ), #584, 'distance_accuracy_value', 'NONE');
#1904 = COLOUR_RGB ( '',0.0000000000000000000, 0.0000000000000000000, 0.0000000000000000000 ) ;
#1905 = EDGE_CURVE ( 'NONE', #5061, #776, #5865, .T. ) ;
#1906 = DIRECTION ( 'NONE',  ( 0.0000000000000000000, 0.0000000000000000000, -1.000000000000000000 ) ) ;
#1907 = CARTESIAN_POINT ( 'NONE',  ( -14.00000000000000000, -26.99999999999998900, 0.0000000000000000000 ) ) ;
#1908 = DIRECTION ( 'NONE',  ( -0.0000000000000000000, -0.0000000000000000000, -1.000000000000000000 ) ) ;
#1909 = STYLED_ITEM ( 'NONE', ( #5093 ), #2041 ) ;
#1910 =( NAMED_UNIT ( * ) SI_UNIT ( $, .STERADIAN. ) SOLID_ANGLE_UNIT ( ) );
#1911 = SURFACE_STYLE_FILL_AREA ( #1093 ) ;
#1912 = VERTEX_POINT ( 'NONE', #6049 ) ;
#1913 = EDGE_CURVE ( 'NONE', #6191, #2029, #4215, .T. ) ;
#1914 = FACE_OUTER_BOUND ( 'NONE', #4833, .T. ) ;
#1915 = CARTESIAN_POINT ( 'NONE',  ( -36.00000000000000700, -27.00000000000000000, -2.149999999999999900 ) ) ;
#1916 =( GEOMETRIC_REPRESENTATION_CONTEXT ( 3 ) GLOBAL_UNCERTAINTY_ASSIGNED_CONTEXT ( ( #6207 ) ) GLOBAL_UNIT_ASSIGNED_CONTEXT ( ( #6231, #2298, #1738 ) ) REPRESENTATION_CONTEXT ( 'NONE', 'WORKASPACE' ) );
#1917 = FILL_AREA_STYLE_COLOUR ( '', #6083 ) ;
#1918 = ORIENTED_EDGE ( 'NONE', *, *, #3820, .T. ) ;
#1919 = VECTOR ( 'NONE', #2318, 1000.000000000000000 ) ;
#1920 = ORIENTED_EDGE ( 'NONE', *, *, #1459, .F. ) ;
#1921 = CARTESIAN_POINT ( 'NONE',  ( 16.00000000000000000, -24.00000000000000000, -0.5999999999999999800 ) ) ;
#1922 = DIRECTION ( 'NONE',  ( 1.000000000000000000, 0.0000000000000000000, 0.0000000000000000000 ) ) ;
#1923 = DIRECTION ( 'NONE',  ( 0.0000000000000000000, 0.0000000000000000000, -1.000000000000000000 ) ) ;
#1924 = VECTOR ( 'NONE', #371, 1000.000000000000000 ) ;
#1925 = MECHANICAL_DESIGN_GEOMETRIC_PRESENTATION_REPRESENTATION (  '', ( #413 ), #2304 ) ;
#1926 = LINE ( 'NONE', #1650, #428 ) ;
#1927 = CARTESIAN_POINT ( 'NONE',  ( 32.63499999999998400, -28.19999999999999600, 0.2000000000000000900 ) ) ;
#1928 = B_SPLINE_CURVE_WITH_KNOTS ( 'NONE', 3,
 ( #2236, #562, #2779, #701, #128, #4103, #5407, #2588, #6547, #1473, #4841, #4268 ),
 .UNSPECIFIED., .F., .F.,
 ( 4, 1, 1, 1, 1, 1, 1, 1, 1, 4 ),
 ( 0.008854279077876052500, 0.03125000000000000000, 0.06249999999999999300, 0.09375000000000000000, 0.1249999999999999700, 0.1875000000000000000, 0.2500000000000000000, 0.3750000000000000000, 0.5000000000000000000, 0.6172551104198935600 ),
 .UNSPECIFIED. ) ;
#1929 = DIRECTION ( 'NONE',  ( 4.336808689942017700E-016, 1.000000000000000000, 0.0000000000000000000 ) ) ;
#1930 = ORIENTED_EDGE ( 'NONE', *, *, #4260, .F. ) ;
#1931 = MECHANICAL_DESIGN_GEOMETRIC_PRESENTATION_REPRESENTATION (  '', ( #4732 ), #923 ) ;
#1932 =( GEOMETRIC_REPRESENTATION_CONTEXT ( 3 ) GLOBAL_UNCERTAINTY_ASSIGNED_CONTEXT ( ( #1391 ) ) GLOBAL_UNIT_ASSIGNED_CONTEXT ( ( #6149, #5598, #4624 ) ) REPRESENTATION_CONTEXT ( 'NONE', 'WORKASPACE' ) );
#1933 = EDGE_CURVE ( 'NONE', #1118, #4846, #3577, .T. ) ;
#1934 = EDGE_CURVE ( 'NONE', #3729, #5115, #5714, .T. ) ;
#1935 =( NAMED_UNIT ( * ) SI_UNIT ( $, .STERADIAN. ) SOLID_ANGLE_UNIT ( ) );
#1936 =( LENGTH_UNIT ( ) NAMED_UNIT ( * ) SI_UNIT ( .MILLI., .METRE. ) );
#1937 = AXIS2_PLACEMENT_3D ( 'NONE', #1899, #5267, #279 ) ;
#1938 = LINE ( 'NONE', #6752, #6417 ) ;
#1939 = ADVANCED_FACE ( 'NONE', ( #5539 ), #2715, .F. ) ;
#1940 = VERTEX_POINT ( 'NONE', #7167 ) ;
#1941 = ORIENTED_EDGE ( 'NONE', *, *, #2541, .T. ) ;
#1942 =( LENGTH_UNIT ( ) NAMED_UNIT ( * ) SI_UNIT ( .MILLI., .METRE. ) );
#1943 = CARTESIAN_POINT ( 'NONE',  ( -28.49999999999998200, -24.00000000000000000, -0.7999999999999999300 ) ) ;
#1944 = VERTEX_POINT ( 'NONE', #4358 ) ;
#1945 = DIRECTION ( 'NONE',  ( 0.0000000000000000000, 0.0000000000000000000, -1.000000000000000000 ) ) ;
#1946 = LINE ( 'NONE', #5809, #444 ) ;
#1947 =( LENGTH_UNIT ( ) NAMED_UNIT ( * ) SI_UNIT ( .MILLI., .METRE. ) );
#1948 = ORIENTED_EDGE ( 'NONE', *, *, #1181, .T. ) ;
#1949 = CARTESIAN_POINT ( 'NONE',  ( -27.04499999999999100, -28.19999999999999600, -13.29999999999999900 ) ) ;
#1950 = UNCERTAINTY_MEASURE_WITH_UNIT (LENGTH_MEASURE( 1.000000000000000100E-005 ), #5973, 'distance_accuracy_value', 'NONE');
#1951 = ORIENTED_EDGE ( 'NONE', *, *, #6924, .F. ) ;
#1952 = CARTESIAN_POINT ( 'NONE',  ( 7.000000000000000900, -20.84568443057522600, 3.800000003164111000 ) ) ;
#1953 = EDGE_CURVE ( 'NONE', #927, #985, #5010, .T. ) ;
#1954 = SURFACE_STYLE_FILL_AREA ( #4834 ) ;
#1955 = DIRECTION ( 'NONE',  ( 1.000000000000000000, 0.0000000000000000000, 0.0000000000000000000 ) ) ;
#1956 = PRESENTATION_STYLE_ASSIGNMENT (( #5763 ) ) ;
#1957 =( GEOMETRIC_REPRESENTATION_CONTEXT ( 3 ) GLOBAL_UNCERTAINTY_ASSIGNED_CONTEXT ( ( #3328 ) ) GLOBAL_UNIT_ASSIGNED_CONTEXT ( ( #2182, #5556, #5262 ) ) REPRESENTATION_CONTEXT ( 'NONE', 'WORKASPACE' ) );
#1958 = VERTEX_POINT ( 'NONE', #5517 ) ;
#1959 = FILL_AREA_STYLE_COLOUR ( '', #614 ) ;
#1960 = LINE ( 'NONE', #7012, #4621 ) ;
#1961 = DIRECTION ( 'NONE',  ( 0.0000000000000000000, 0.0000000000000000000, 1.000000000000000000 ) ) ;
#1962 = CARTESIAN_POINT ( 'NONE',  ( -32.10000000000000100, 27.00000000000000400, 4.850000000000000500 ) ) ;
#1963 = COLOUR_RGB ( '',0.0000000000000000000, 0.7529411764705882200, 0.0000000000000000000 ) ;
#1964 = EDGE_CURVE ( 'NONE', #5721, #3995, #2011, .T. ) ;
#1965 = VERTEX_POINT ( 'NONE', #1484 ) ;
#1966 = LINE ( 'NONE', #4511, #4794 ) ;
#1967 = CARTESIAN_POINT ( 'NONE',  ( 39.99999999999997900, -22.55000000000000800, 4.850000000000000500 ) ) ;
#1968 = LINE ( 'NONE', #2633, #3267 ) ;
#1969 = CARTESIAN_POINT ( 'NONE',  ( 37.89999999999998400, -17.60000000000000100, 4.299999999999999800 ) ) ;
#1970 = CARTESIAN_POINT ( 'NONE',  ( 35.79999999999999700, -30.00000000000000000, -0.5999999999999999800 ) ) ;
#1971 = ORIENTED_EDGE ( 'NONE', *, *, #6915, .F. ) ;
#1972 = UNCERTAINTY_MEASURE_WITH_UNIT (LENGTH_MEASURE( 1.000000000000000100E-005 ), #912, 'distance_accuracy_value', 'NONE');
#1973 = DIRECTION ( 'NONE',  ( 0.0000000000000000000, 0.0000000000000000000, -1.000000000000000000 ) ) ;
#1974 = FILL_AREA_STYLE_COLOUR ( '', #3151 ) ;
#1975 = ORIENTED_EDGE ( 'NONE', *, *, #3368, .F. ) ;
#1976 = PRESENTATION_LAYER_ASSIGNMENT (  '', '', ( #1215 ) ) ;
#1977 = ORIENTED_EDGE ( 'NONE', *, *, #6028, .F. ) ;
#1978 = CARTESIAN_POINT ( 'NONE',  ( 39.99999999999999300, 27.00000000000000400, 1.899999999999999900 ) ) ;
#1979 = SURFACE_SIDE_STYLE ('',( #4489 ) ) ;
#1980 = ORIENTED_EDGE ( 'NONE', *, *, #1769, .T. ) ;
#1981 = AXIS2_PLACEMENT_3D ( 'NONE', #2903, #1156, #4342 ) ;
#1982 = ORIENTED_EDGE ( 'NONE', *, *, #5, .T. ) ;
#1983 =( NAMED_UNIT ( * ) SI_UNIT ( $, .STERADIAN. ) SOLID_ANGLE_UNIT ( ) );
#1984 = CARTESIAN_POINT ( 'NONE',  ( 32.09999999999998700, 26.99999999999998900, 4.850000000000000500 ) ) ;
#1985 = ADVANCED_FACE ( 'NONE', ( #3505 ), #3250, .T. ) ;
#1986 = CARTESIAN_POINT ( 'NONE',  ( 27.55499999999998900, -28.19999999999999600, 0.2000000000000000900 ) ) ;
#1987 = ORIENTED_EDGE ( 'NONE', *, *, #4495, .T. ) ;
#1988 = LINE ( 'NONE', #2897, #1821 ) ;
#1989 = AXIS2_PLACEMENT_3D ( 'NONE', #5564, #4450, #5020 ) ;
#1990 = AXIS2_PLACEMENT_3D ( 'NONE', #5303, #4751, #6999 ) ;
#1991 = ORIENTED_EDGE ( 'NONE', *, *, #5484, .F. ) ;
#1992 = DIRECTION ( 'NONE',  ( -0.0000000000000000000, -0.0000000000000000000, 1.000000000000000000 ) ) ;
#1993 = AXIS2_PLACEMENT_3D ( 'NONE', #3641, #5328, #4383 ) ;
#1994 = PRESENTATION_STYLE_ASSIGNMENT (( #2340 ) ) ;
#1995 = CARTESIAN_POINT ( 'NONE',  ( 20.00000000000000400, -11.00000000000000400, -0.5999999999999999800 ) ) ;
#1996 = EDGE_CURVE ( 'NONE', #1121, #5810, #1465, .T. ) ;
#1997 = CIRCLE ( 'NONE', #5226, 0.3000000000000016500 ) ;
#1998 = EDGE_CURVE ( 'NONE', #3459, #4772, #5783, .T. ) ;
#1999 =( NAMED_UNIT ( * ) PLANE_ANGLE_UNIT ( ) SI_UNIT ( $, .RADIAN. ) );
#2000 = VECTOR ( 'NONE', #5292, 1000.000000000000000 ) ;
#2001 =( NAMED_UNIT ( * ) SI_UNIT ( $, .STERADIAN. ) SOLID_ANGLE_UNIT ( ) );
#2002 = SURFACE_STYLE_USAGE ( .BOTH. , #6423 ) ;
#2003 =( LENGTH_UNIT ( ) NAMED_UNIT ( * ) SI_UNIT ( .MILLI., .METRE. ) );
#2004 = CARTESIAN_POINT ( 'NONE',  ( 22.21999999999998800, -28.19999999999999600, 0.2000000000000000900 ) ) ;
#2005 = VECTOR ( 'NONE', #6822, 1000.000000000000000 ) ;
#2006 = ORIENTED_EDGE ( 'NONE', *, *, #5713, .T. ) ;
#2007 = DIRECTION ( 'NONE',  ( -0.0000000000000000000, -0.0000000000000000000, -1.000000000000000000 ) ) ;
#2008 = DIRECTION ( 'NONE',  ( 1.000000000000000000, 0.0000000000000000000, 0.0000000000000000000 ) ) ;
#2009 = STYLED_ITEM ( 'NONE', ( #7044 ), #1805 ) ;
#2010 = DIRECTION ( 'NONE',  ( 3.118604001756057900E-015, 1.000000000000000000, 0.0000000000000000000 ) ) ;
#2011 = LINE ( 'NONE', #7121, #508 ) ;
#2012 = VECTOR ( 'NONE', #3157, 1000.000000000000000 ) ;
#2013 = SURFACE_SIDE_STYLE ('',( #4517 ) ) ;
#2014 = PRESENTATION_LAYER_ASSIGNMENT (  '', '', ( #1639 ) ) ;
#2015 = SURFACE_SIDE_STYLE ('',( #961 ) ) ;
#2016 = CYLINDRICAL_SURFACE ( 'NONE', #3244, 0.5000000000000004400 ) ;
#2017 =( LENGTH_UNIT ( ) NAMED_UNIT ( * ) SI_UNIT ( .MILLI., .METRE. ) );
#2018 = FILL_AREA_STYLE_COLOUR ( '', #1541 ) ;
#2019 = LINE ( 'NONE', #6109, #1664 ) ;
#2020 = ADVANCED_FACE ( 'NONE', ( #7269 ), #3451, .T. ) ;
#2021 = ORIENTED_EDGE ( 'NONE', *, *, #2809, .T. ) ;
#2022 = FILL_AREA_STYLE ('',( #4838 ) ) ;
#2023 = CARTESIAN_POINT ( 'NONE',  ( -6.123233995736759400E-016, -18.99999999999999600, -0.5999999999999999800 ) ) ;
#2024 = DIRECTION ( 'NONE',  ( 1.000000000000000000, 0.0000000000000000000, 0.0000000000000000000 ) ) ;
#2025 = AXIS2_PLACEMENT_3D ( 'NONE', #5808, #4736, #1335 ) ;
#2026 = VERTEX_POINT ( 'NONE', #5136 ) ;
#2027 =( LENGTH_UNIT ( ) NAMED_UNIT ( * ) SI_UNIT ( .MILLI., .METRE. ) );
#2028 = VERTEX_POINT ( 'NONE', #1130 ) ;
#2029 = VERTEX_POINT ( 'NONE', #4551 ) ;
#2030 = PRESENTATION_STYLE_ASSIGNMENT (( #5037 ) ) ;
#2031 = EDGE_CURVE ( 'NONE', #1121, #1257, #3758, .T. ) ;
#2032 = LINE ( 'NONE', #1995, #3525 ) ;
#2033 = VERTEX_POINT ( 'NONE', #3971 ) ;
#2034 = DIRECTION ( 'NONE',  ( 0.0000000000000000000, 0.0000000000000000000, -1.000000000000000000 ) ) ;
#2035 = UNCERTAINTY_MEASURE_WITH_UNIT (LENGTH_MEASURE( 1.000000000000000100E-005 ), #2690, 'distance_accuracy_value', 'NONE');
#2036 = CARTESIAN_POINT ( 'NONE',  ( -39.00000000000000700, 23.45000000000000300, 4.850000000000000500 ) ) ;
#2037 = CARTESIAN_POINT ( 'NONE',  ( 7.000000000000000900, -22.83165912649420900, 3.800000000159908800 ) ) ;
#2038 = STYLED_ITEM ( 'NONE', ( #607 ), #3677 ) ;
#2039 = EDGE_LOOP ( 'NONE', ( #4961, #3376, #4265, #5700 ) ) ;
#2040 = CARTESIAN_POINT ( 'NONE',  ( -38.99999999999999300, -22.54999999999999700, 1.899999999999999900 ) ) ;
#2041 = MANIFOLD_SOLID_BREP ( 'Boss-Extrude7[10]', #5877 ) ;
#2042 = LINE ( 'NONE', #2845, #529 ) ;
#2043 =( NAMED_UNIT ( * ) PLANE_ANGLE_UNIT ( ) SI_UNIT ( $, .RADIAN. ) );
#2044 = CARTESIAN_POINT ( 'NONE',  ( 35.99999999999997900, -25.49999999999999600, 1.899999999999999900 ) ) ;
#2045 = AXIS2_PLACEMENT_3D ( 'NONE', #535, #512, #3893 ) ;
#2046 =( LENGTH_UNIT ( ) NAMED_UNIT ( * ) SI_UNIT ( .MILLI., .METRE. ) );
#2047 = LINE ( 'NONE', #6363, #6345 ) ;
#2048 = PRESENTATION_LAYER_ASSIGNMENT (  '', '', ( #1287 ) ) ;
#2049 = VECTOR ( 'NONE', #4524, 1000.000000000000000 ) ;
#2050 = DIRECTION ( 'NONE',  ( -0.0000000000000000000, -0.0000000000000000000, 1.000000000000000000 ) ) ;
#2051 = ORIENTED_EDGE ( 'NONE', *, *, #52, .F. ) ;
#2052 = PRESENTATION_STYLE_ASSIGNMENT (( #6481 ) ) ;
#2053 = SURFACE_SIDE_STYLE ('',( #4677 ) ) ;
#2054 = DIRECTION ( 'NONE',  ( 1.000000000000000000, 0.0000000000000000000, 0.0000000000000000000 ) ) ;
#2055 = DIRECTION ( 'NONE',  ( 1.000000000000000000, 0.0000000000000000000, 0.0000000000000000000 ) ) ;
#2056 = FACE_OUTER_BOUND ( 'NONE', #1245, .T. ) ;
#2057 = SURFACE_SIDE_STYLE ('',( #1154 ) ) ;
#2058 = MECHANICAL_DESIGN_GEOMETRIC_PRESENTATION_REPRESENTATION (  '', ( #4616 ), #43 ) ;
#2059 = PRESENTATION_LAYER_ASSIGNMENT (  '', '', ( #1675 ) ) ;
#2060 = AXIS2_PLACEMENT_3D ( 'NONE', #319, #7002, #5931 ) ;
#2061 = ORIENTED_EDGE ( 'NONE', *, *, #4847, .F. ) ;
#2062 = EDGE_CURVE ( 'NONE', #4422, #2152, #1747, .T. ) ;
#2063 = FILL_AREA_STYLE ('',( #5435 ) ) ;
#2064 = ADVANCED_FACE ( 'NONE', ( #749 ), #662, .F. ) ;
#2065 = AXIS2_PLACEMENT_3D ( 'NONE', #5278, #1906, #5803 ) ;
#2066 = ORIENTED_EDGE ( 'NONE', *, *, #7222, .T. ) ;
#2067 = EDGE_LOOP ( 'NONE', ( #3272, #485 ) ) ;
#2068 = FILL_AREA_STYLE ('',( #4886 ) ) ;
#2069 =( NAMED_UNIT ( * ) PLANE_ANGLE_UNIT ( ) SI_UNIT ( $, .RADIAN. ) );
#2070 = UNCERTAINTY_MEASURE_WITH_UNIT (LENGTH_MEASURE( 1.000000000000000100E-005 ), #5383, 'distance_accuracy_value', 'NONE');
#2071 = CARTESIAN_POINT ( 'NONE',  ( -40.00000000000000700, 27.00000000000000400, 0.0000000000000000000 ) ) ;
#2072 = LINE ( 'NONE', #5537, #565 ) ;
#2073 = FILL_AREA_STYLE ('',( #5423 ) ) ;
#2074 = MECHANICAL_DESIGN_GEOMETRIC_PRESENTATION_REPRESENTATION (  '', ( #1308 ), #2431 ) ;
#2075 = VERTEX_POINT ( 'NONE', #6911 ) ;
#2076 = VERTEX_POINT ( 'NONE', #2927 ) ;
#2077 = LINE ( 'NONE', #1915, #3386 ) ;
#2078 = CARTESIAN_POINT ( 'NONE',  ( -39.00000000000000000, 27.00000000000000400, -2.149999999999999900 ) ) ;
#2079 = DIRECTION ( 'NONE',  ( 0.0000000000000000000, 0.0000000000000000000, 1.000000000000000000 ) ) ;
#2080 = PLANE ( 'NONE',  #4211 ) ;
#2081 = DIRECTION ( 'NONE',  ( -4.391705002472927600E-016, 1.000000000000000000, 0.0000000000000000000 ) ) ;
#2082 =( GEOMETRIC_REPRESENTATION_CONTEXT ( 3 ) GLOBAL_UNCERTAINTY_ASSIGNED_CONTEXT ( ( #82 ) ) GLOBAL_UNIT_ASSIGNED_CONTEXT ( ( #7258, #6165, #618 ) ) REPRESENTATION_CONTEXT ( 'NONE', 'WORKASPACE' ) );
#2083 = EDGE_CURVE ( 'NONE', #333, #1532, #4025, .T. ) ;
#2084 = SURFACE_STYLE_USAGE ( .BOTH. , #2345 ) ;
#2085 = EDGE_CURVE ( 'NONE', #6450, #7212, #5529, .T. ) ;
#2086 = VECTOR ( 'NONE', #5026, 1000.000000000000000 ) ;
#2087 = AXIS2_PLACEMENT_3D ( 'NONE', #7066, #3693, #320 ) ;
#2088 = SURFACE_SIDE_STYLE ('',( #5116 ) ) ;
#2089 = SURFACE_STYLE_USAGE ( .BOTH. , #1275 ) ;
#2090 = CARTESIAN_POINT ( 'NONE',  ( -37.89999999999998400, 24.90000000000000200, 4.299999999999999800 ) ) ;
#2091 = FILL_AREA_STYLE ('',( #6085 ) ) ;
#2092 = MECHANICAL_DESIGN_GEOMETRIC_PRESENTATION_REPRESENTATION (  '', ( #1323 ), #2458 ) ;
#2093 =( LENGTH_UNIT ( ) NAMED_UNIT ( * ) SI_UNIT ( .MILLI., .METRE. ) );
#2094 = FILL_AREA_STYLE ('',( #3735 ) ) ;
#2095 = VERTEX_POINT ( 'NONE', #3494 ) ;
#2096 = VERTEX_POINT ( 'NONE', #5736 ) ;
#2097 = UNCERTAINTY_MEASURE_WITH_UNIT (LENGTH_MEASURE( 1.000000000000000100E-005 ), #6804, 'distance_accuracy_value', 'NONE');
#2098 = CARTESIAN_POINT ( 'NONE',  ( -36.50000000000000000, -22.67999999999996100, 0.0000000000000000000 ) ) ;
#2099 = LINE ( 'NONE', #5698, #6226 ) ;
#2100 = ADVANCED_FACE ( 'NONE', ( #5359 ), #1235, .F. ) ;
#2101 = ORIENTED_EDGE ( 'NONE', *, *, #4592, .T. ) ;
#2102 = CARTESIAN_POINT ( 'NONE',  ( 39.99999999999999300, 27.00000000000000400, 4.850000000000000500 ) ) ;
#2103 = COLOUR_RGB ( '',1.000000000000000000, 1.000000000000000000, 1.000000000000000000 ) ;
#2104 =( LENGTH_UNIT ( ) NAMED_UNIT ( * ) SI_UNIT ( .MILLI., .METRE. ) );
#2105 = ORIENTED_EDGE ( 'NONE', *, *, #6601, .F. ) ;
#2106 = FACE_OUTER_BOUND ( 'NONE', #4218, .T. ) ;
#2107 = VERTEX_POINT ( 'NONE', #6847 ) ;
#2108 = CYLINDRICAL_SURFACE ( 'NONE', #1672, 0.3000000000000016500 ) ;
#2109 = DIRECTION ( 'NONE',  ( 0.0000000000000000000, -0.0000000000000000000, -1.000000000000000000 ) ) ;
#2110 = CARTESIAN_POINT ( 'NONE',  ( 22.21999999999998800, -28.19999999999999600, -13.29999999999999900 ) ) ;
#2111 = VECTOR ( 'NONE', #6699, 1000.000000000000000 ) ;
#2112 = DIRECTION ( 'NONE',  ( -1.000000000000000000, 0.0000000000000000000, 0.0000000000000000000 ) ) ;
#2113 = ORIENTED_EDGE ( 'NONE', *, *, #6443, .T. ) ;
#2114 = DIRECTION ( 'NONE',  ( 0.0000000000000000000, 0.0000000000000000000, 1.000000000000000000 ) ) ;
#2115 = PRESENTATION_LAYER_ASSIGNMENT (  '', '', ( #1739 ) ) ;
#2116 = DIRECTION ( 'NONE',  ( -1.000000000000000000, 0.0000000000000000000, 0.0000000000000000000 ) ) ;
#2117 =( NAMED_UNIT ( * ) SI_UNIT ( $, .STERADIAN. ) SOLID_ANGLE_UNIT ( ) );
#2118 = VECTOR ( 'NONE', #2840, 1000.000000000000000 ) ;
#2119 =( NAMED_UNIT ( * ) PLANE_ANGLE_UNIT ( ) SI_UNIT ( $, .RADIAN. ) );
#2120 = VECTOR ( 'NONE', #6393, 1000.000000000000000 ) ;
#2121 = ORIENTED_EDGE ( 'NONE', *, *, #670, .F. ) ;
#2122 = VERTEX_POINT ( 'NONE', #3473 ) ;
#2123 = DIRECTION ( 'NONE',  ( 0.0000000000000000000, 0.0000000000000000000, 1.000000000000000000 ) ) ;
#2124 = CARTESIAN_POINT ( 'NONE',  ( 16.00000000000000000, -24.00000000000000000, -0.7999999999999999300 ) ) ;
#2125 = ORIENTED_EDGE ( 'NONE', *, *, #6419, .T. ) ;
#2126 = UNCERTAINTY_MEASURE_WITH_UNIT (LENGTH_MEASURE( 1.000000000000000100E-005 ), #4465, 'distance_accuracy_value', 'NONE');
#2127 = FACE_OUTER_BOUND ( 'NONE', #5274, .T. ) ;
#2128 = LINE ( 'NONE', #3765, #6431 ) ;
#2129 = AXIS2_PLACEMENT_3D ( 'NONE', #3178, #3667, #7257 ) ;
#2130 =( LENGTH_UNIT ( ) NAMED_UNIT ( * ) SI_UNIT ( .MILLI., .METRE. ) );
#2131 = DIRECTION ( 'NONE',  ( -1.000000000000000000, 0.0000000000000000000, 0.0000000000000000000 ) ) ;
#2132 = ADVANCED_FACE ( 'NONE', ( #6850 ), #6277, .T. ) ;
#2133 = DIRECTION ( 'NONE',  ( 0.0000000000000000000, -1.000000000000000000, 0.0000000000000000000 ) ) ;
#2134 = FACE_BOUND ( 'NONE', #1228, .T. ) ;
#2135 = AXIS2_PLACEMENT_3D ( 'NONE', #5462, #1248, #3243 ) ;
#2136 = ORIENTED_EDGE ( 'NONE', *, *, #6996, .T. ) ;
#2137 = COLOUR_RGB ( '',1.000000000000000000, 1.000000000000000000, 1.000000000000000000 ) ;
#2138 = CARTESIAN_POINT ( 'NONE',  ( 39.99999999999998600, 16.70000000000000600, -0.6500000000000008000 ) ) ;
#2139 = DIRECTION ( 'NONE',  ( -1.000000000000000000, 0.0000000000000000000, 0.0000000000000000000 ) ) ;
#2140 = CARTESIAN_POINT ( 'NONE',  ( 38.99999999999997200, 16.20000000000000600, -2.149999999999999900 ) ) ;
#2141 = FILL_AREA_STYLE ('',( #5148 ) ) ;
#2142 = LINE ( 'NONE', #476, #4959 ) ;
#2143 = SURFACE_SIDE_STYLE ('',( #6920 ) ) ;
#2144 = ORIENTED_EDGE ( 'NONE', *, *, #1410, .T. ) ;
#2145 = EDGE_CURVE ( 'NONE', #2363, #2269, #502, .T. ) ;
#2146 = ORIENTED_EDGE ( 'NONE', *, *, #6869, .T. ) ;
#2147 = CARTESIAN_POINT ( 'NONE',  ( -39.00000000000000000, -19.54999999999999700, 4.850000000000000500 ) ) ;
#2148 = CARTESIAN_POINT ( 'NONE',  ( 38.50000000000000700, 17.20000000000000300, -3.850000000000000500 ) ) ;
#2149 = FACE_OUTER_BOUND ( 'NONE', #6074, .T. ) ;
#2150 = CARTESIAN_POINT ( 'NONE',  ( -40.00000000000000700, -26.99999999999999600, 1.899999999999999900 ) ) ;
#2151 = VERTEX_POINT ( 'NONE', #5665 ) ;
#2152 = VERTEX_POINT ( 'NONE', #5106 ) ;
#2153 = CARTESIAN_POINT ( 'NONE',  ( 39.99999999999999300, 27.00000000000000400, 1.899999999999999900 ) ) ;
#2154 = ORIENTED_EDGE ( 'NONE', *, *, #6501, .F. ) ;
#2155 = FACE_OUTER_BOUND ( 'NONE', #2761, .T. ) ;
#2156 =( GEOMETRIC_REPRESENTATION_CONTEXT ( 3 ) GLOBAL_UNCERTAINTY_ASSIGNED_CONTEXT ( ( #3882 ) ) GLOBAL_UNIT_ASSIGNED_CONTEXT ( ( #178, #3542, #152 ) ) REPRESENTATION_CONTEXT ( 'NONE', 'WORKASPACE' ) );
#2157 = FILL_AREA_STYLE_COLOUR ( '', #3932 ) ;
#2158 =( GEOMETRIC_REPRESENTATION_CONTEXT ( 3 ) GLOBAL_UNCERTAINTY_ASSIGNED_CONTEXT ( ( #4167 ) ) GLOBAL_UNIT_ASSIGNED_CONTEXT ( ( #4706, #1306, #5257 ) ) REPRESENTATION_CONTEXT ( 'NONE', 'WORKASPACE' ) );
#2159 = CARTESIAN_POINT ( 'NONE',  ( 38.89999999999989200, -18.50000000000001100, 4.599999999999999600 ) ) ;
#2160 = ORIENTED_EDGE ( 'NONE', *, *, #1404, .T. ) ;
#2161 = DIRECTION ( 'NONE',  ( 1.000000000000000000, 0.0000000000000000000, 0.0000000000000000000 ) ) ;
#2162 = ORIENTED_EDGE ( 'NONE', *, *, #3198, .T. ) ;
#2163 = STYLED_ITEM ( 'NONE', ( #6238 ), #5460 ) ;
#2164 = CARTESIAN_POINT ( 'NONE',  ( -28.49999999999998200, -24.00000000000000000, -0.7999999999999999300 ) ) ;
#2165 = CARTESIAN_POINT ( 'NONE',  ( -39.00000000000000000, -19.54999999999999700, 1.899999999999999900 ) ) ;
#2166 = ORIENTED_EDGE ( 'NONE', *, *, #2790, .T. ) ;
#2167 = DIRECTION ( 'NONE',  ( 1.000000000000000000, -1.284980352575413200E-016, -0.0000000000000000000 ) ) ;
#2168 = PLANE ( 'NONE',  #1261 ) ;
#2169 = PRESENTATION_LAYER_ASSIGNMENT (  '', '', ( #1399 ) ) ;
#2170 = ORIENTED_EDGE ( 'NONE', *, *, #2589, .F. ) ;
#2171 = ADVANCED_FACE ( 'NONE', ( #1838 ), #1731, .F. ) ;
#2172 = CARTESIAN_POINT ( 'NONE',  ( -6.999999999999994700, -26.68879453581675100, -0.9321807787591008800 ) ) ;
#2173 =( NAMED_UNIT ( * ) SI_UNIT ( $, .STERADIAN. ) SOLID_ANGLE_UNIT ( ) );
#2174 = DIRECTION ( 'NONE',  ( -0.0000000000000000000, 1.000000000000000000, -0.0000000000000000000 ) ) ;
#2175 = CARTESIAN_POINT ( 'NONE',  ( 38.50000000000000700, 17.20000000000000300, -3.850000000000000500 ) ) ;
#2176 =( NAMED_UNIT ( * ) SI_UNIT ( $, .STERADIAN. ) SOLID_ANGLE_UNIT ( ) );
#2177 = UNCERTAINTY_MEASURE_WITH_UNIT (LENGTH_MEASURE( 1.000000000000000100E-005 ), #1947, 'distance_accuracy_value', 'NONE');
#2178 = VECTOR ( 'NONE', #4231, 1000.000000000000000 ) ;
#2179 =( GEOMETRIC_REPRESENTATION_CONTEXT ( 3 ) GLOBAL_UNCERTAINTY_ASSIGNED_CONTEXT ( ( #1455 ) ) GLOBAL_UNIT_ASSIGNED_CONTEXT ( ( #4330, #380, #2553 ) ) REPRESENTATION_CONTEXT ( 'NONE', 'WORKASPACE' ) );
#2180 = EDGE_CURVE ( 'NONE', #2218, #3729, #322, .T. ) ;
#2181 = PRESENTATION_STYLE_ASSIGNMENT (( #6962 ) ) ;
#2182 =( LENGTH_UNIT ( ) NAMED_UNIT ( * ) SI_UNIT ( .MILLI., .METRE. ) );
#2183 = EDGE_LOOP ( 'NONE', ( #5635, #1793, #3786, #4537 ) ) ;
#2184 = CARTESIAN_POINT ( 'NONE',  ( 7.000000000000000000, -25.71387636285662400, -1.306407278796765500 ) ) ;
#2185 =( LENGTH_UNIT ( ) NAMED_UNIT ( * ) SI_UNIT ( .MILLI., .METRE. ) );
#2186 = CARTESIAN_POINT ( 'NONE',  ( -50.00000000000000700, 22.70000000000001700, -0.6500000000000000200 ) ) ;
#2187 =( GEOMETRIC_REPRESENTATION_CONTEXT ( 3 ) GLOBAL_UNCERTAINTY_ASSIGNED_CONTEXT ( ( #1065 ) ) GLOBAL_UNIT_ASSIGNED_CONTEXT ( ( #7239, #5567, #6121 ) ) REPRESENTATION_CONTEXT ( 'NONE', 'WORKASPACE' ) );
#2188 = SURFACE_STYLE_USAGE ( .BOTH. , #5566 ) ;
#2189 = SURFACE_STYLE_USAGE ( .BOTH. , #3304 ) ;
#2190 = PRESENTATION_STYLE_ASSIGNMENT (( #4075 ) ) ;
#2191 = AXIS2_PLACEMENT_3D ( 'NONE', #6202, #8, #2839 ) ;
#2192 = CYLINDRICAL_SURFACE ( 'NONE', #2135, 2.500000000000002200 ) ;
#2193 = DIRECTION ( 'NONE',  ( 0.0000000000000000000, 0.0000000000000000000, -1.000000000000000000 ) ) ;
#2194 = UNCERTAINTY_MEASURE_WITH_UNIT (LENGTH_MEASURE( 1.000000000000000100E-005 ), #5612, 'distance_accuracy_value', 'NONE');
#2195 = AXIS2_PLACEMENT_3D ( 'NONE', #3116, #7072, #3705 ) ;
#2196 = FILL_AREA_STYLE_COLOUR ( '', #6304 ) ;
#2197 = CARTESIAN_POINT ( 'NONE',  ( -41.00000000000000700, 17.20000000000001400, -3.850000000000000500 ) ) ;
#2198 = SURFACE_STYLE_FILL_AREA ( #5912 ) ;
#2199 = EDGE_CURVE ( 'NONE', #2122, #2363, #6314, .T. ) ;
#2200 = LINE ( 'NONE', #6179, #682 ) ;
#2201 = CARTESIAN_POINT ( 'NONE',  ( 27.99999999999998200, -24.00000000000000000, -0.5999999999999999800 ) ) ;
#2202 = VERTEX_POINT ( 'NONE', #2201 ) ;
#2203 = PRESENTATION_STYLE_ASSIGNMENT (( #5235 ) ) ;
#2204 = CARTESIAN_POINT ( 'NONE',  ( -16.00000000000000000, -24.00000000000000000, -0.5999999999999999800 ) ) ;
#2205 = ADVANCED_FACE ( 'NONE', ( #1648 ), #6936, .F. ) ;
#2206 = ORIENTED_EDGE ( 'NONE', *, *, #5353, .F. ) ;
#2207 = ORIENTED_EDGE ( 'NONE', *, *, #95, .T. ) ;
#2208 = SURFACE_STYLE_FILL_AREA ( #6773 ) ;
#2209 = CIRCLE ( 'NONE', #4219, 0.2549999999999982800 ) ;
#2210 = ORIENTED_EDGE ( 'NONE', *, *, #7068, .T. ) ;
#2211 =( GEOMETRIC_REPRESENTATION_CONTEXT ( 3 ) GLOBAL_UNCERTAINTY_ASSIGNED_CONTEXT ( ( #4484 ) ) GLOBAL_UNIT_ASSIGNED_CONTEXT ( ( #403, #5586, #578 ) ) REPRESENTATION_CONTEXT ( 'NONE', 'WORKASPACE' ) );
#2212 = MECHANICAL_DESIGN_GEOMETRIC_PRESENTATION_REPRESENTATION (  '', ( #4629 ), #7149 ) ;
#2213 = DIRECTION ( 'NONE',  ( 0.0000000000000000000, 0.0000000000000000000, -1.000000000000000000 ) ) ;
#2214 = LINE ( 'NONE', #1512, #698 ) ;
#2215 = EDGE_CURVE ( 'NONE', #6639, #1058, #2608, .T. ) ;
#2216 =( NAMED_UNIT ( * ) PLANE_ANGLE_UNIT ( ) SI_UNIT ( $, .RADIAN. ) );
#2217 = SURFACE_SIDE_STYLE ('',( #6135 ) ) ;
#2218 = VERTEX_POINT ( 'NONE', #2681 ) ;
#2219 = DIRECTION ( 'NONE',  ( 0.0000000000000000000, 0.0000000000000000000, -1.000000000000000000 ) ) ;
#2220 = SURFACE_SIDE_STYLE ('',( #5889 ) ) ;
#2221 = SURFACE_SIDE_STYLE ('',( #1561 ) ) ;
#2222 = EDGE_CURVE ( 'NONE', #7109, #5530, #1110, .T. ) ;
#2223 = SURFACE_STYLE_FILL_AREA ( #2063 ) ;
#2224 = VECTOR ( 'NONE', #2670, 1000.000000000000000 ) ;
#2225 = CARTESIAN_POINT ( 'NONE',  ( -38.90000000000002000, -18.50000000000001100, 4.299999999999999800 ) ) ;
#2226 = DIRECTION ( 'NONE',  ( 0.0000000000000000000, 1.000000000000000000, 0.0000000000000000000 ) ) ;
#2227 = CARTESIAN_POINT ( 'NONE',  ( 16.00000000000000000, -24.00000000000000000, -0.7999999999999999300 ) ) ;
#2228 =( NAMED_UNIT ( * ) PLANE_ANGLE_UNIT ( ) SI_UNIT ( $, .RADIAN. ) );
#2229 = UNCERTAINTY_MEASURE_WITH_UNIT (LENGTH_MEASURE( 1.000000000000000100E-005 ), #7175, 'distance_accuracy_value', 'NONE');
#2230 = CARTESIAN_POINT ( 'NONE',  ( 20.00000000000000400, -11.00000000000000400, -0.5999999999999999800 ) ) ;
#2231 = EDGE_CURVE ( 'NONE', #384, #3759, #5441, .T. ) ;
#2232 = FACE_BOUND ( 'NONE', #2963, .T. ) ;
#2233 = EDGE_LOOP ( 'NONE', ( #2486, #1863, #7023, #2325, #2625, #6424, #2674, #6778, #1975, #2051, #6863, #1316, #521, #6159, #1218, #2901, #2489, #6253, #1748, #708, #385, #6197, #1147, #2335, #2878, #7164, #5156, #5693 ) ) ;
#2234 = ADVANCED_FACE ( 'NONE', ( #4124 ), #3895, .F. ) ;
#2235 = EDGE_LOOP ( 'NONE', ( #5120, #2527, #3540, #6452 ) ) ;
#2236 = CARTESIAN_POINT ( 'NONE',  ( -7.000000000000000000, -23.16467137671669700, -0.7999999999999999300 ) ) ;
#2237 = CARTESIAN_POINT ( 'NONE',  ( -50.00000000000000700, 16.70000000000001700, -0.6500000000000008000 ) ) ;
#2238 = CARTESIAN_POINT ( 'NONE',  ( -39.00000000000000700, 23.45000000000000300, 4.850000000000000500 ) ) ;
#2239 = EDGE_LOOP ( 'NONE', ( #1438, #4485, #6144, #4540 ) ) ;
#2240 = ORIENTED_EDGE ( 'NONE', *, *, #3106, .F. ) ;
#2241 = EDGE_CURVE ( 'NONE', #3043, #7109, #407, .T. ) ;
#2242 = DIRECTION ( 'NONE',  ( -1.000000000000000000, 0.0000000000000000000, 0.0000000000000000000 ) ) ;
#2243 = LINE ( 'NONE', #1629, #733 ) ;
#2244 = CARTESIAN_POINT ( 'NONE',  ( 27.29999999999999000, -28.19999999999999600, -13.29999999999999900 ) ) ;
#2245 = DIRECTION ( 'NONE',  ( -1.000000000000000000, 0.0000000000000000000, -0.0000000000000000000 ) ) ;
#2246 = ORIENTED_EDGE ( 'NONE', *, *, #5097, .T. ) ;
#2247 =( NAMED_UNIT ( * ) PLANE_ANGLE_UNIT ( ) SI_UNIT ( $, .RADIAN. ) );
#2248 = VERTEX_POINT ( 'NONE', #4640 ) ;
#2249 = LINE ( 'NONE', #2528, #737 ) ;
#2250 = CARTESIAN_POINT ( 'NONE',  ( -36.50000000000000000, -22.67999999999996100, -0.5999999999999999800 ) ) ;
#2251 = LINE ( 'NONE', #1613, #213 ) ;
#2252 = UNCERTAINTY_MEASURE_WITH_UNIT (LENGTH_MEASURE( 1.000000000000000100E-005 ), #3112, 'distance_accuracy_value', 'NONE');
#2253 = ORIENTED_EDGE ( 'NONE', *, *, #1366, .F. ) ;
#2254 = ORIENTED_EDGE ( 'NONE', *, *, #5820, .T. ) ;
#2255 = DIRECTION ( 'NONE',  ( -1.000000000000000000, 0.0000000000000000000, 0.0000000000000000000 ) ) ;
#2256 = MECHANICAL_DESIGN_GEOMETRIC_PRESENTATION_REPRESENTATION (  '', ( #7294 ), #3045 ) ;
#2257 = CARTESIAN_POINT ( 'NONE',  ( -39.00000000000000700, 22.20000000000001000, -3.850000000000000500 ) ) ;
#2258 = PRESENTATION_LAYER_ASSIGNMENT (  '', '', ( #1901 ) ) ;
#2259 = COLOUR_RGB ( '',0.7921568627450980000, 0.8196078431372548800, 0.9333333333333333500 ) ;
#2260 = ORIENTED_EDGE ( 'NONE', *, *, #337, .T. ) ;
#2261 = ADVANCED_FACE ( 'NONE', ( #4746 ), #5678, .T. ) ;
#2262 = LINE ( 'NONE', #3983, #5271 ) ;
#2263 = CARTESIAN_POINT ( 'NONE',  ( -37.50000000000000000, -22.67999999999996100, -0.5999999999999999800 ) ) ;
#2264 = DIRECTION ( 'NONE',  ( -1.000000000000000000, 0.0000000000000000000, 0.0000000000000000000 ) ) ;
#2265 = ADVANCED_FACE ( 'NONE', ( #7179 ), #505, .F. ) ;
#2266 = DIRECTION ( 'NONE',  ( 3.118604001756057900E-015, 1.000000000000000000, -0.0000000000000000000 ) ) ;
#2267 = CIRCLE ( 'NONE', #482, 0.3000000000000016500 ) ;
#2268 = FILL_AREA_STYLE_COLOUR ( '', #112 ) ;
#2269 = VERTEX_POINT ( 'NONE', #1689 ) ;
#2270 = CIRCLE ( 'NONE', #4177, 2.500000000000002200 ) ;
#2271 = CARTESIAN_POINT ( 'NONE',  ( 39.99999999999999300, 27.00000000000000400, 1.899999999999999900 ) ) ;
#2272 = FACE_OUTER_BOUND ( 'NONE', #2239, .T. ) ;
#2273 = EDGE_CURVE ( 'NONE', #1000, #6642, #3665, .T. ) ;
#2274 = FACE_OUTER_BOUND ( 'NONE', #6763, .T. ) ;
#2275 = DIRECTION ( 'NONE',  ( 0.0000000000000000000, 0.0000000000000000000, -1.000000000000000000 ) ) ;
#2276 = CARTESIAN_POINT ( 'NONE',  ( -19.67999999999998900, -28.19999999999999900, -13.29999999999999900 ) ) ;
#2277 = FACE_OUTER_BOUND ( 'NONE', #3125, .T. ) ;
#2278 = CARTESIAN_POINT ( 'NONE',  ( -36.10000000000003000, -24.47999999999997600, -0.5999999999999999800 ) ) ;
#2279 = VERTEX_POINT ( 'NONE', #597 ) ;
#2280 = COLOUR_RGB ( '',0.7921568627450980000, 0.8196078431372548800, 0.9333333333333333500 ) ;
#2281 = ORIENTED_EDGE ( 'NONE', *, *, #3190, .F. ) ;
#2282 = MECHANICAL_DESIGN_GEOMETRIC_PRESENTATION_REPRESENTATION (  '', ( #1909 ), #300 ) ;
#2283 = UNCERTAINTY_MEASURE_WITH_UNIT (LENGTH_MEASURE( 1.000000000000000100E-005 ), #6944, 'distance_accuracy_value', 'NONE');
#2284 = VECTOR ( 'NONE', #5647, 1000.000000000000000 ) ;
#2285 = STYLED_ITEM ( 'NONE', ( #5658 ), #7243 ) ;
#2286 = SURFACE_SIDE_STYLE ('',( #2436 ) ) ;
#2287 = FACE_OUTER_BOUND ( 'NONE', #4936, .T. ) ;
#2288 = FACE_BOUND ( 'NONE', #1372, .T. ) ;
#2289 = EDGE_LOOP ( 'NONE', ( #1898, #3717, #1577, #5858 ) ) ;
#2290 = EDGE_LOOP ( 'NONE', ( #4237, #6352, #5022, #3024 ) ) ;
#2291 = CARTESIAN_POINT ( 'NONE',  ( 39.00000000000000000, 26.99999999999999300, -2.149999999999999900 ) ) ;
#2292 = AXIS2_PLACEMENT_3D ( 'NONE', #5628, #1686, #1108 ) ;
#2293 = COLOUR_RGB ( '',0.8039215686274510100, 0.4980392156862745200, 0.1960784313725490200 ) ;
#2294 = CIRCLE ( 'NONE', #5384, 1.000000000000000900 ) ;
#2295 = VERTEX_POINT ( 'NONE', #4505 ) ;
#2296 = FILL_AREA_STYLE ('',( #589 ) ) ;
#2297 =( NAMED_UNIT ( * ) SI_UNIT ( $, .STERADIAN. ) SOLID_ANGLE_UNIT ( ) );
#2298 =( NAMED_UNIT ( * ) PLANE_ANGLE_UNIT ( ) SI_UNIT ( $, .RADIAN. ) );
#2299 = CIRCLE ( 'NONE', #2831, 0.2549999999999982800 ) ;
#2300 = CIRCLE ( 'NONE', #4988, 2.500000000000002200 ) ;
#2301 = EDGE_CURVE ( 'NONE', #1051, #7127, #5179, .T. ) ;
#2302 = CARTESIAN_POINT ( 'NONE',  ( 32.63499999999998400, -28.19999999999999600, 0.2000000000000000900 ) ) ;
#2303 = DIRECTION ( 'NONE',  ( -0.0000000000000000000, -0.0000000000000000000, 1.000000000000000000 ) ) ;
#2304 =( GEOMETRIC_REPRESENTATION_CONTEXT ( 3 ) GLOBAL_UNCERTAINTY_ASSIGNED_CONTEXT ( ( #218 ) ) GLOBAL_UNIT_ASSIGNED_CONTEXT ( ( #6119, #2749, #6692 ) ) REPRESENTATION_CONTEXT ( 'NONE', 'WORKASPACE' ) );
#2305 = CARTESIAN_POINT ( 'NONE',  ( -7.000000000000000000, -25.71387636285662400, -1.306407278796765500 ) ) ;
#2306 = CARTESIAN_POINT ( 'NONE',  ( -32.10000000000000100, 27.00000000000000400, 4.850000000000000500 ) ) ;
#2307 = FACE_OUTER_BOUND ( 'NONE', #1656, .T. ) ;
#2308 = CYLINDRICAL_SURFACE ( 'NONE', #2129, 1.000000000000000900 ) ;
#2309 = DIRECTION ( 'NONE',  ( -1.000000000000000000, 0.0000000000000000000, -0.0000000000000000000 ) ) ;
#2310 = EDGE_LOOP ( 'NONE', ( #5033, #2629, #1332, #229 ) ) ;
#2311 = LINE ( 'NONE', #3856, #6627 ) ;
#2312 = ADVANCED_FACE ( 'NONE', ( #6482 ), #496, .T. ) ;
#2313 = AXIS2_PLACEMENT_3D ( 'NONE', #3682, #5570, #4787 ) ;
#2314 = EDGE_CURVE ( 'NONE', #7286, #6836, #1997, .T. ) ;
#2315 = LINE ( 'NONE', #452, #5311 ) ;
#2316 = UNCERTAINTY_MEASURE_WITH_UNIT (LENGTH_MEASURE( 1.000000000000000100E-005 ), #4279, 'distance_accuracy_value', 'NONE');
#2317 = PRESENTATION_LAYER_ASSIGNMENT (  '', '', ( #1548 ) ) ;
#2318 = DIRECTION ( 'NONE',  ( 1.000000000000000000, -0.0000000000000000000, -0.0000000000000000000 ) ) ;
#2319 = ORIENTED_EDGE ( 'NONE', *, *, #4957, .F. ) ;
#2320 =( NAMED_UNIT ( * ) SI_UNIT ( $, .STERADIAN. ) SOLID_ANGLE_UNIT ( ) );
#2321 = VERTEX_POINT ( 'NONE', #3672 ) ;
#2322 = FACE_BOUND ( 'NONE', #4302, .T. ) ;
#2323 = DIRECTION ( 'NONE',  ( 0.0000000000000000000, 0.0000000000000000000, -1.000000000000000000 ) ) ;
#2324 = VECTOR ( 'NONE', #5293, 1000.000000000000000 ) ;
#2325 = ORIENTED_EDGE ( 'NONE', *, *, #2565, .T. ) ;
#2326 = DIRECTION ( 'NONE',  ( -0.0000000000000000000, 0.0000000000000000000, 1.000000000000000000 ) ) ;
#2327 = ORIENTED_EDGE ( 'NONE', *, *, #2420, .F. ) ;
#2328 = VECTOR ( 'NONE', #2620, 1000.000000000000000 ) ;
#2329 = AXIS2_PLACEMENT_3D ( 'NONE', #3221, #2769, #3444 ) ;
#2330 = CARTESIAN_POINT ( 'NONE',  ( -36.50000000000000000, -6.499999999999995600, 0.0000000000000000000 ) ) ;
#2331 = EDGE_CURVE ( 'NONE', #333, #2151, #6667, .T. ) ;
#2332 = COLOUR_RGB ( '',1.000000000000000000, 1.000000000000000000, 1.000000000000000000 ) ;
#2333 = CARTESIAN_POINT ( 'NONE',  ( 35.50000000000000000, -6.499999999999995600, -0.5999999999999999800 ) ) ;
#2334 = ORIENTED_EDGE ( 'NONE', *, *, #1179, .F. ) ;
#2335 = ORIENTED_EDGE ( 'NONE', *, *, #2921, .F. ) ;
#2336 = VERTEX_POINT ( 'NONE', #5850 ) ;
#2337 = DIRECTION ( 'NONE',  ( 1.000000000000000000, -1.284980352575413200E-016, -0.0000000000000000000 ) ) ;
#2338 = COLOUR_RGB ( '',1.000000000000000000, 1.000000000000000000, 1.000000000000000000 ) ;
#2339 = MECHANICAL_DESIGN_GEOMETRIC_PRESENTATION_REPRESENTATION (  '', ( #106 ), #1957 ) ;
#2340 = SURFACE_STYLE_USAGE ( .BOTH. , #5152 ) ;
#2341 = CARTESIAN_POINT ( 'NONE',  ( 16.00000000000000000, -14.00000000000000000, -0.7999999999999999300 ) ) ;
#2342 = EDGE_CURVE ( 'NONE', #1443, #5241, #3303, .T. ) ;
#2343 =( LENGTH_UNIT ( ) NAMED_UNIT ( * ) SI_UNIT ( .MILLI., .METRE. ) );
#2344 = FILL_AREA_STYLE ('',( #1811 ) ) ;
#2345 = SURFACE_SIDE_STYLE ('',( #4416 ) ) ;
#2346 = EDGE_LOOP ( 'NONE', ( #6001, #5507, #595, #323 ) ) ;
#2347 = ADVANCED_FACE ( 'NONE', ( #4827 ), #5999, .F. ) ;
#2348 = UNCERTAINTY_MEASURE_WITH_UNIT (LENGTH_MEASURE( 1.000000000000000100E-005 ), #5162, 'distance_accuracy_value', 'NONE');
#2349 =( LENGTH_UNIT ( ) NAMED_UNIT ( * ) SI_UNIT ( .MILLI., .METRE. ) );
#2350 = MECHANICAL_DESIGN_GEOMETRIC_PRESENTATION_REPRESENTATION (  '', ( #1215 ), #2716 ) ;
#2351 = CARTESIAN_POINT ( 'NONE',  ( -40.00000000000000700, 17.20000000000001700, -0.6500000000000008000 ) ) ;
#2352 = SURFACE_SIDE_STYLE ('',( #1343 ) ) ;
#2353 = PRESENTATION_LAYER_ASSIGNMENT (  '', '', ( #6978 ) ) ;
#2354 = CARTESIAN_POINT ( 'NONE',  ( -40.00000000000000700, -26.99999999999999600, 1.899999999999999900 ) ) ;
#2355 = DIRECTION ( 'NONE',  ( 0.0000000000000000000, 0.0000000000000000000, -1.000000000000000000 ) ) ;
#2356 =( NAMED_UNIT ( * ) PLANE_ANGLE_UNIT ( ) SI_UNIT ( $, .RADIAN. ) );
#2357 = ORIENTED_EDGE ( 'NONE', *, *, #3876, .T. ) ;
#2358 = EDGE_CURVE ( 'NONE', #6060, #2295, #3491, .T. ) ;
#2359 = PRESENTATION_STYLE_ASSIGNMENT (( #6842 ) ) ;
#2360 =( LENGTH_UNIT ( ) NAMED_UNIT ( * ) SI_UNIT ( .MILLI., .METRE. ) );
#2361 = CARTESIAN_POINT ( 'NONE',  ( -35.50000000000000000, -22.67999999999996100, -0.5999999999999999800 ) ) ;
#2362 = DIRECTION ( 'NONE',  ( -0.0000000000000000000, 0.0000000000000000000, -1.000000000000000000 ) ) ;
#2363 = VERTEX_POINT ( 'NONE', #7087 ) ;
#2364 = COLOUR_RGB ( '',1.000000000000000000, 1.000000000000000000, 1.000000000000000000 ) ;
#2365 =( GEOMETRIC_REPRESENTATION_CONTEXT ( 3 ) GLOBAL_UNCERTAINTY_ASSIGNED_CONTEXT ( ( #6643 ) ) GLOBAL_UNIT_ASSIGNED_CONTEXT ( ( #836, #280, #3662 ) ) REPRESENTATION_CONTEXT ( 'NONE', 'WORKASPACE' ) );
#2366 = PRESENTATION_LAYER_ASSIGNMENT (  '', '', ( #1610 ) ) ;
#2367 = FACE_OUTER_BOUND ( 'NONE', #3906, .T. ) ;
#2368 =( LENGTH_UNIT ( ) NAMED_UNIT ( * ) SI_UNIT ( .MILLI., .METRE. ) );
#2369 = LINE ( 'NONE', #5930, #6688 ) ;
#2370 = DIRECTION ( 'NONE',  ( -1.000000000000000000, 0.0000000000000000000, -0.0000000000000000000 ) ) ;
#2371 = DIRECTION ( 'NONE',  ( 0.0000000000000000000, 0.0000000000000000000, -1.000000000000000000 ) ) ;
#2372 = EDGE_CURVE ( 'NONE', #2248, #1315, #3118, .T. ) ;
#2373 = CIRCLE ( 'NONE', #2292, 0.2549999999999982800 ) ;
#2374 = ORIENTED_EDGE ( 'NONE', *, *, #1851, .F. ) ;
#2375 = VECTOR ( 'NONE', #4216, 1000.000000000000000 ) ;
#2376 = FACE_OUTER_BOUND ( 'NONE', #4768, .T. ) ;
#2377 = EDGE_CURVE ( 'NONE', #65, #7172, #4661, .T. ) ;
#2378 = PLANE ( 'NONE',  #6309 ) ;
#2379 = ORIENTED_EDGE ( 'NONE', *, *, #4306, .F. ) ;
#2380 = FILL_AREA_STYLE ('',( #5478 ) ) ;
#2381 = VERTEX_POINT ( 'NONE', #5318 ) ;
#2382 = VECTOR ( 'NONE', #6078, 1000.000000000000000 ) ;
#2383 = VECTOR ( 'NONE', #4165, 1000.000000000000000 ) ;
#2384 = VERTEX_POINT ( 'NONE', #1878 ) ;
#2385 = ORIENTED_EDGE ( 'NONE', *, *, #4198, .T. ) ;
#2386 = FACE_OUTER_BOUND ( 'NONE', #6026, .T. ) ;
#2387 = PRESENTATION_STYLE_ASSIGNMENT (( #725 ) ) ;
#2388 = MECHANICAL_DESIGN_GEOMETRIC_PRESENTATION_REPRESENTATION (  '', ( #1639 ), #2767 ) ;
#2389 = COLOUR_RGB ( '',0.7921568627450980000, 0.8196078431372548800, 0.9333333333333333500 ) ;
#2390 =( LENGTH_UNIT ( ) NAMED_UNIT ( * ) SI_UNIT ( .MILLI., .METRE. ) );
#2391 = CARTESIAN_POINT ( 'NONE',  ( -40.00000000000000700, -26.99999999999999600, 1.899999999999999900 ) ) ;
#2392 = FILL_AREA_STYLE ('',( #5258 ) ) ;
#2393 = CARTESIAN_POINT ( 'NONE',  ( -36.50000000000000000, -6.499999999999995600, -0.5999999999999999800 ) ) ;
#2394 = ORIENTED_EDGE ( 'NONE', *, *, #2943, .T. ) ;
#2395 = PRESENTATION_LAYER_ASSIGNMENT (  '', '', ( #1645 ) ) ;
#2396 = DIRECTION ( 'NONE',  ( -5.028183988338564700E-015, 1.000000000000000000, 0.0000000000000000000 ) ) ;
#2397 = CARTESIAN_POINT ( 'NONE',  ( -38.89999999999999100, 25.90000000000000600, 3.799999999999999800 ) ) ;
#2398 =( NAMED_UNIT ( * ) PLANE_ANGLE_UNIT ( ) SI_UNIT ( $, .RADIAN. ) );
#2399 = VECTOR ( 'NONE', #370, 1000.000000000000000 ) ;
#2400 = STYLED_ITEM ( 'NONE', ( #6970 ), #892 ) ;
#2401 = PLANE ( 'NONE',  #3997 ) ;
#2402 =( LENGTH_UNIT ( ) NAMED_UNIT ( * ) SI_UNIT ( .MILLI., .METRE. ) );
#2403 = AXIS2_PLACEMENT_3D ( 'NONE', #574, #3917, #6731 ) ;
#2404 = CARTESIAN_POINT ( 'NONE',  ( 38.89999999999996300, -18.50000000000001100, 4.599999999999999600 ) ) ;
#2405 = CARTESIAN_POINT ( 'NONE',  ( -7.000000000000001800, -27.49626654004555300, -0.05469900633998985000 ) ) ;
#2406 = ORIENTED_EDGE ( 'NONE', *, *, #1313, .F. ) ;
#2407 = EDGE_LOOP ( 'NONE', ( #2319, #5325 ) ) ;
#2408 = COLOUR_RGB ( '',1.000000000000000000, 1.000000000000000000, 1.000000000000000000 ) ;
#2409 = EDGE_CURVE ( 'NONE', #1165, #4140, #6128, .T. ) ;
#2410 =( NAMED_UNIT ( * ) SI_UNIT ( $, .STERADIAN. ) SOLID_ANGLE_UNIT ( ) );
#2411 = DIRECTION ( 'NONE',  ( 1.000000000000000000, 0.0000000000000000000, -0.0000000000000000000 ) ) ;
#2412 = PLANE ( 'NONE',  #2812 ) ;
#2413 = MECHANICAL_DESIGN_GEOMETRIC_PRESENTATION_REPRESENTATION (  '', ( #1287 ), #2793 ) ;
#2414 = VERTEX_POINT ( 'NONE', #5795 ) ;
#2415 = CARTESIAN_POINT ( 'NONE',  ( 27.55499999999998900, -28.19999999999999600, -13.29999999999999900 ) ) ;
#2416 = PLANE ( 'NONE',  #5166 ) ;
#2417 = CARTESIAN_POINT ( 'NONE',  ( -36.00000000000000700, -24.37999999999998100, -2.149999999999999900 ) ) ;
#2418 = MECHANICAL_DESIGN_GEOMETRIC_PRESENTATION_REPRESENTATION (  '', ( #1675 ), #2805 ) ;
#2419 = VECTOR ( 'NONE', #6796, 1000.000000000000000 ) ;
#2420 = EDGE_CURVE ( 'NONE', #985, #208, #2952, .T. ) ;
#2421 = EDGE_LOOP ( 'NONE', ( #4709, #3817, #296, #3854 ) ) ;
#2422 = DIRECTION ( 'NONE',  ( -1.000000000000000000, 0.0000000000000000000, -0.0000000000000000000 ) ) ;
#2423 = AXIS2_PLACEMENT_3D ( 'NONE', #137, #3530, #6913 ) ;
#2424 = CARTESIAN_POINT ( 'NONE',  ( -38.90000000000003400, 25.99999999999998900, 4.599999999999999600 ) ) ;
#2425 = PLANE ( 'NONE',  #7223 ) ;
#2426 = UNCERTAINTY_MEASURE_WITH_UNIT (LENGTH_MEASURE( 1.000000000000000100E-005 ), #651, 'distance_accuracy_value', 'NONE');
#2427 = VECTOR ( 'NONE', #5524, 1000.000000000000000 ) ;
#2428 = ORIENTED_EDGE ( 'NONE', *, *, #5933, .T. ) ;
#2429 = DIRECTION ( 'NONE',  ( 1.000000000000000000, 0.0000000000000000000, 0.0000000000000000000 ) ) ;
#2430 = CARTESIAN_POINT ( 'NONE',  ( -39.00000000000000700, -3.999999999999992500, 1.899999999999999900 ) ) ;
#2431 =( GEOMETRIC_REPRESENTATION_CONTEXT ( 3 ) GLOBAL_UNCERTAINTY_ASSIGNED_CONTEXT ( ( #2316 ) ) GLOBAL_UNIT_ASSIGNED_CONTEXT ( ( #4279, #887, #4852 ) ) REPRESENTATION_CONTEXT ( 'NONE', 'WORKASPACE' ) );
#2432 = DIRECTION ( 'NONE',  ( -0.0000000000000000000, 0.0000000000000000000, -1.000000000000000000 ) ) ;
#2433 = DIRECTION ( 'NONE',  ( 0.0000000000000000000, -1.000000000000000000, 0.0000000000000000000 ) ) ;
#2434 = FILL_AREA_STYLE ('',( #163 ) ) ;
#2435 = EDGE_LOOP ( 'NONE', ( #5197, #6035, #1814, #4163 ) ) ;
#2436 = SURFACE_STYLE_FILL_AREA ( #343 ) ;
#2437 =( GEOMETRIC_REPRESENTATION_CONTEXT ( 3 ) GLOBAL_UNCERTAINTY_ASSIGNED_CONTEXT ( ( #4122 ) ) GLOBAL_UNIT_ASSIGNED_CONTEXT ( ( #4083, #1270, #4664 ) ) REPRESENTATION_CONTEXT ( 'NONE', 'WORKASPACE' ) );
#2438 = EDGE_CURVE ( 'NONE', #2788, #2279, #4463, .T. ) ;
#2439 = EDGE_CURVE ( 'NONE', #6006, #5777, #5928, .T. ) ;
#2440 = DIRECTION ( 'NONE',  ( 2.701009694008263800E-016, 1.000000000000000000, 0.0000000000000000000 ) ) ;
#2441 =( NAMED_UNIT ( * ) SI_UNIT ( $, .STERADIAN. ) SOLID_ANGLE_UNIT ( ) );
#2442 = MECHANICAL_DESIGN_GEOMETRIC_PRESENTATION_REPRESENTATION (  '', ( #4739 ), #4345 ) ;
#2443 = ORIENTED_EDGE ( 'NONE', *, *, #6184, .F. ) ;
#2444 = STYLED_ITEM ( 'NONE', ( #412 ), #3212 ) ;
#2445 = LINE ( 'NONE', #2150, #3768 ) ;
#2446 = VECTOR ( 'NONE', #5869, 1000.000000000000000 ) ;
#2447 = FACE_OUTER_BOUND ( 'NONE', #2813, .T. ) ;
#2448 = VECTOR ( 'NONE', #3314, 1000.000000000000000 ) ;
#2449 =( NAMED_UNIT ( * ) SI_UNIT ( $, .STERADIAN. ) SOLID_ANGLE_UNIT ( ) );
#2450 = DIRECTION ( 'NONE',  ( 0.9999864086078086300, 0.005213693475534725500, 0.0000000000000000000 ) ) ;
#2451 = CARTESIAN_POINT ( 'NONE',  ( 30.09499999999998800, -28.19999999999999600, 0.2000000000000000900 ) ) ;
#2452 = PRESENTATION_STYLE_ASSIGNMENT (( #93 ) ) ;
#2453 = CARTESIAN_POINT ( 'NONE',  ( 39.00000000000000000, -25.99999999999999600, -2.649999999999999500 ) ) ;
#2454 = ORIENTED_EDGE ( 'NONE', *, *, #89, .T. ) ;
#2455 = EDGE_CURVE ( 'NONE', #5882, #6060, #7259, .T. ) ;
#2456 = ORIENTED_EDGE ( 'NONE', *, *, #883, .F. ) ;
#2457 = CIRCLE ( 'NONE', #5077, 0.2549999999999982800 ) ;
#2458 =( GEOMETRIC_REPRESENTATION_CONTEXT ( 3 ) GLOBAL_UNCERTAINTY_ASSIGNED_CONTEXT ( ( #1972 ) ) GLOBAL_UNIT_ASSIGNED_CONTEXT ( ( #912, #2247, #4531 ) ) REPRESENTATION_CONTEXT ( 'NONE', 'WORKASPACE' ) );
#2459 = ORIENTED_EDGE ( 'NONE', *, *, #6249, .F. ) ;
#2460 = ORIENTED_EDGE ( 'NONE', *, *, #6846, .F. ) ;
#2461 = LINE ( 'NONE', #1736, #2284 ) ;
#2462 = STYLED_ITEM ( 'NONE', ( #5697 ), #2265 ) ;
#2463 = VECTOR ( 'NONE', #6872, 1000.000000000000000 ) ;
#2464 = EDGE_LOOP ( 'NONE', ( #1774, #4644, #5443, #2737, #4316, #7182 ) ) ;
#2465 = VECTOR ( 'NONE', #5520, 1000.000000000000000 ) ;
#2466 = VECTOR ( 'NONE', #5965, 1000.000000000000000 ) ;
#2467 = FACE_OUTER_BOUND ( 'NONE', #5211, .T. ) ;
#2468 = ORIENTED_EDGE ( 'NONE', *, *, #6846, .T. ) ;
#2469 = DIRECTION ( 'NONE',  ( 1.000000000000000000, -4.459443382973797800E-017, 0.0000000000000000000 ) ) ;
#2470 = FILL_AREA_STYLE ('',( #4690 ) ) ;
#2471 = ORIENTED_EDGE ( 'NONE', *, *, #3987, .F. ) ;
#2472 = DIRECTION ( 'NONE',  ( -1.000000000000000000, 0.0000000000000000000, 0.0000000000000000000 ) ) ;
#2473 = VECTOR ( 'NONE', #4386, 1000.000000000000000 ) ;
#2474 = CARTESIAN_POINT ( 'NONE',  ( 38.99999999999998600, -4.999999999999984000, -0.5999999999999999800 ) ) ;
#2475 = SURFACE_STYLE_USAGE ( .BOTH. , #1185 ) ;
#2476 = ORIENTED_EDGE ( 'NONE', *, *, #1517, .F. ) ;
#2477 = CARTESIAN_POINT ( 'NONE',  ( -37.89999999999998400, -17.60000000000000100, 4.599999999999999600 ) ) ;
#2478 = MANIFOLD_SOLID_BREP ( 'Boss-Extrude7[1]', #4325 ) ;
#2479 = MECHANICAL_DESIGN_GEOMETRIC_PRESENTATION_REPRESENTATION (  '', ( #1739 ), #2864 ) ;
#2480 = PLANE ( 'NONE',  #5609 ) ;
#2481 = ORIENTED_EDGE ( 'NONE', *, *, #1996, .T. ) ;
#2482 = SURFACE_STYLE_FILL_AREA ( #406 ) ;
#2483 = CARTESIAN_POINT ( 'NONE',  ( -40.00000000000000700, -26.99999999999999600, 1.899999999999999900 ) ) ;
#2484 = SURFACE_STYLE_FILL_AREA ( #3090 ) ;
#2485 = AXIS2_PLACEMENT_3D ( 'NONE', #1032, #590, #3296 ) ;
#2486 = ORIENTED_EDGE ( 'NONE', *, *, #5008, .F. ) ;
#2487 = VECTOR ( 'NONE', #1908, 1000.000000000000000 ) ;
#2488 = CARTESIAN_POINT ( 'NONE',  ( 36.10000000000000100, -24.47999999999999300, -0.0000000000000000000 ) ) ;
#2489 = ORIENTED_EDGE ( 'NONE', *, *, #788, .T. ) ;
#2490 = ORIENTED_EDGE ( 'NONE', *, *, #3703, .F. ) ;
#2491 = CARTESIAN_POINT ( 'NONE',  ( 36.10000000000000100, -24.47999999999999300, -0.5999999999999999800 ) ) ;
#2492 = LINE ( 'NONE', #4878, #6816 ) ;
#2493 = DIRECTION ( 'NONE',  ( -1.000000000000000000, 3.661685437418065000E-016, -0.0000000000000000000 ) ) ;
#2494 = FILL_AREA_STYLE ('',( #6032 ) ) ;
#2495 = VECTOR ( 'NONE', #2795, 1000.000000000000000 ) ;
#2496 = PRESENTATION_LAYER_ASSIGNMENT (  '', '', ( #3239 ) ) ;
#2497 = DIRECTION ( 'NONE',  ( -0.0000000000000000000, -0.0000000000000000000, 1.000000000000000000 ) ) ;
#2498 = ORIENTED_EDGE ( 'NONE', *, *, #4274, .T. ) ;
#2499 = EDGE_LOOP ( 'NONE', ( #4365, #17, #7205, #638 ) ) ;
#2500 = ORIENTED_EDGE ( 'NONE', *, *, #126, .T. ) ;
#2501 = SURFACE_SIDE_STYLE ('',( #4204 ) ) ;
#2502 = DIRECTION ( 'NONE',  ( 0.0000000000000000000, -1.000000000000000000, 0.0000000000000000000 ) ) ;
#2503 = AXIS2_PLACEMENT_3D ( 'NONE', #1219, #4915, #1822 ) ;
#2504 = CARTESIAN_POINT ( 'NONE',  ( 37.89999999999998400, -17.60000000000000100, 4.599999999999999600 ) ) ;
#2505 = FILL_AREA_STYLE ('',( #4763 ) ) ;
#2506 = DIRECTION ( 'NONE',  ( -1.284980352575412900E-016, -1.000000000000000000, 0.0000000000000000000 ) ) ;
#2507 =( NAMED_UNIT ( * ) PLANE_ANGLE_UNIT ( ) SI_UNIT ( $, .RADIAN. ) );
#2508 = UNCERTAINTY_MEASURE_WITH_UNIT (LENGTH_MEASURE( 1.000000000000000100E-005 ), #4757, 'distance_accuracy_value', 'NONE');
#2509 = PRESENTATION_STYLE_ASSIGNMENT (( #5617 ) ) ;
#2510 = EDGE_CURVE ( 'NONE', #7160, #5157, #2249, .T. ) ;
#2511 = CARTESIAN_POINT ( 'NONE',  ( 39.99999999999998600, 22.20000000000000300, -0.6499999999999999100 ) ) ;
#2512 = CARTESIAN_POINT ( 'NONE',  ( 24.75999999999999100, -28.19999999999999600, -13.29999999999999900 ) ) ;
#2513 = LINE ( 'NONE', #2124, #1010 ) ;
#2514 = DIRECTION ( 'NONE',  ( 0.0000000000000000000, 0.0000000000000000000, -1.000000000000000000 ) ) ;
#2515 = PRESENTATION_LAYER_ASSIGNMENT (  '', '', ( #6817 ) ) ;
#2516 = DIRECTION ( 'NONE',  ( -1.000000000000000000, 0.0000000000000000000, -0.0000000000000000000 ) ) ;
#2517 = DIRECTION ( 'NONE',  ( -1.000000000000000000, -0.0000000000000000000, -0.0000000000000000000 ) ) ;
#2518 = AXIS2_PLACEMENT_3D ( 'NONE', #4352, #7140, #4322 ) ;
#2519 = DIRECTION ( 'NONE',  ( -1.000000000000000000, -3.118604001756057900E-016, 0.0000000000000000000 ) ) ;
#2520 = FILL_AREA_STYLE_COLOUR ( '', #5154 ) ;
#2521 = VECTOR ( 'NONE', #1188, 1000.000000000000000 ) ;
#2522 = VERTEX_POINT ( 'NONE', #5895 ) ;
#2523 = FILL_AREA_STYLE ('',( #3644 ) ) ;
#2524 = VECTOR ( 'NONE', #5744, 1000.000000000000000 ) ;
#2525 = ADVANCED_FACE ( 'NONE', ( #5076 ), #3669, .T. ) ;
#2526 = LINE ( 'NONE', #5024, #6861 ) ;
#2527 = ORIENTED_EDGE ( 'NONE', *, *, #745, .T. ) ;
#2528 = CARTESIAN_POINT ( 'NONE',  ( 35.99999999999999300, -25.49999999999999600, 0.0000000000000000000 ) ) ;
#2529 = PLANE ( 'NONE',  #5944 ) ;
#2530 = EDGE_CURVE ( 'NONE', #6053, #935, #6018, .T. ) ;
#2531 = VECTOR ( 'NONE', #169, 1000.000000000000000 ) ;
#2532 = MECHANICAL_DESIGN_GEOMETRIC_PRESENTATION_REPRESENTATION (  '', ( #1399 ), #2916 ) ;
#2533 = FACE_OUTER_BOUND ( 'NONE', #3661, .T. ) ;
#2534 = ORIENTED_EDGE ( 'NONE', *, *, #4672, .T. ) ;
#2535 = DIRECTION ( 'NONE',  ( -1.000000000000000000, 0.0000000000000000000, 0.0000000000000000000 ) ) ;
#2536 = CYLINDRICAL_SURFACE ( 'NONE', #3033, 0.2549999999999982800 ) ;
#2537 = DIRECTION ( 'NONE',  ( 1.000000000000000000, -1.284980352575413200E-016, -0.0000000000000000000 ) ) ;
#2538 = PRESENTATION_LAYER_ASSIGNMENT (  '', '', ( #2924 ) ) ;
#2539 = ORIENTED_EDGE ( 'NONE', *, *, #1153, .F. ) ;
#2540 =( GEOMETRIC_REPRESENTATION_CONTEXT ( 3 ) GLOBAL_UNCERTAINTY_ASSIGNED_CONTEXT ( ( #6022 ) ) GLOBAL_UNIT_ASSIGNED_CONTEXT ( ( #5523, #1565, #4954 ) ) REPRESENTATION_CONTEXT ( 'NONE', 'WORKASPACE' ) );
#2541 = EDGE_CURVE ( 'NONE', #5685, #198, #5260, .T. ) ;
#2542 = FACE_OUTER_BOUND ( 'NONE', #5247, .T. ) ;
#2543 = SURFACE_STYLE_FILL_AREA ( #1057 ) ;
#2544 = CIRCLE ( 'NONE', #3340, 0.3000000000000016500 ) ;
#2545 = ORIENTED_EDGE ( 'NONE', *, *, #5723, .T. ) ;
#2546 = SURFACE_STYLE_USAGE ( .BOTH. , #4715 ) ;
#2547 = FILL_AREA_STYLE_COLOUR ( '', #183 ) ;
#2548 = ORIENTED_EDGE ( 'NONE', *, *, #6341, .T. ) ;
#2549 = ORIENTED_EDGE ( 'NONE', *, *, #2743, .T. ) ;
#2550 = LINE ( 'NONE', #5065, #1052 ) ;
#2551 = PRESENTATION_STYLE_ASSIGNMENT (( #5374 ) ) ;
#2552 = ORIENTED_EDGE ( 'NONE', *, *, #1998, .T. ) ;
#2553 =( NAMED_UNIT ( * ) SI_UNIT ( $, .STERADIAN. ) SOLID_ANGLE_UNIT ( ) );
#2554 = ORIENTED_EDGE ( 'NONE', *, *, #3307, .F. ) ;
#2555 =( NAMED_UNIT ( * ) SI_UNIT ( $, .STERADIAN. ) SOLID_ANGLE_UNIT ( ) );
#2556 =( LENGTH_UNIT ( ) NAMED_UNIT ( * ) SI_UNIT ( .MILLI., .METRE. ) );
#2557 = DIRECTION ( 'NONE',  ( 0.0000000000000000000, -0.0000000000000000000, 1.000000000000000000 ) ) ;
#2558 = FACE_OUTER_BOUND ( 'NONE', #5027, .T. ) ;
#2559 = SURFACE_STYLE_USAGE ( .BOTH. , #5915 ) ;
#2560 = DIRECTION ( 'NONE',  ( -1.000000000000000000, 0.0000000000000000000, -0.0000000000000000000 ) ) ;
#2561 = EDGE_CURVE ( 'NONE', #2695, #1303, #3031, .T. ) ;
#2562 = PRESENTATION_LAYER_ASSIGNMENT (  '', '', ( #1909 ) ) ;
#2563 = VECTOR ( 'NONE', #275, 1000.000000000000000 ) ;
#2564 = AXIS2_PLACEMENT_3D ( 'NONE', #274, #1406, #1374 ) ;
#2565 = EDGE_CURVE ( 'NONE', #5241, #1058, #4561, .T. ) ;
#2566 = CARTESIAN_POINT ( 'NONE',  ( 38.50000000000000700, 22.20000000000000300, -3.850000000000000500 ) ) ;
#2567 = CIRCLE ( 'NONE', #1277, 0.2549999999999982800 ) ;
#2568 = UNCERTAINTY_MEASURE_WITH_UNIT (LENGTH_MEASURE( 1.000000000000000100E-005 ), #1602, 'distance_accuracy_value', 'NONE');
#2569 = PRESENTATION_LAYER_ASSIGNMENT (  '', '', ( #6102 ) ) ;
#2570 = CARTESIAN_POINT ( 'NONE',  ( 38.99999999999999300, 27.00000000000000400, 0.0000000000000000000 ) ) ;
#2571 = ADVANCED_FACE ( 'NONE', ( #7174 ), #5844, .T. ) ;
#2572 = CARTESIAN_POINT ( 'NONE',  ( 6.999999999999999100, -24.60000000140296800, 3.418952401161031100 ) ) ;
#2573 = STYLED_ITEM ( 'NONE', ( #5952 ), #4905 ) ;
#2574 = VERTEX_POINT ( 'NONE', #806 ) ;
#2575 = COLOUR_RGB ( '',1.000000000000000000, 1.000000000000000000, 1.000000000000000000 ) ;
#2576 = PRESENTATION_STYLE_ASSIGNMENT (( #1113 ) ) ;
#2577 = DIRECTION ( 'NONE',  ( 0.0000000000000000000, 0.0000000000000000000, -1.000000000000000000 ) ) ;
#2578 = DIRECTION ( 'NONE',  ( 0.0000000000000000000, 0.0000000000000000000, 1.000000000000000000 ) ) ;
#2579 =( NAMED_UNIT ( * ) PLANE_ANGLE_UNIT ( ) SI_UNIT ( $, .RADIAN. ) );
#2580 = LINE ( 'NONE', #1434, #6910 ) ;
#2581 = CARTESIAN_POINT ( 'NONE',  ( 27.29999999999999000, -28.19999999999999600, 0.2000000000000000900 ) ) ;
#2582 =( NAMED_UNIT ( * ) SI_UNIT ( $, .STERADIAN. ) SOLID_ANGLE_UNIT ( ) );
#2583 = MECHANICAL_DESIGN_GEOMETRIC_PRESENTATION_REPRESENTATION (  '', ( #3840 ), #311 ) ;
#2584 = ORIENTED_EDGE ( 'NONE', *, *, #644, .T. ) ;
#2585 = EDGE_LOOP ( 'NONE', ( #3907, #5108, #897, #1941 ) ) ;
#2586 = PRESENTATION_LAYER_ASSIGNMENT (  '', '', ( #4242 ) ) ;
#2587 = ORIENTED_EDGE ( 'NONE', *, *, #6669, .T. ) ;
#2588 = CARTESIAN_POINT ( 'NONE',  ( -7.000000000000000000, -27.49626654004555300, -0.05469900633998985000 ) ) ;
#2589 = EDGE_CURVE ( 'NONE', #6922, #2076, #32, .T. ) ;
#2590 = FILL_AREA_STYLE_COLOUR ( '', #4858 ) ;
#2591 = EDGE_CURVE ( 'NONE', #604, #3521, #5694, .T. ) ;
#2592 = LINE ( 'NONE', #3429, #3909 ) ;
#2593 = AXIS2_PLACEMENT_3D ( 'NONE', #2900, #6274, #3319 ) ;
#2594 = FACE_OUTER_BOUND ( 'NONE', #4742, .T. ) ;
#2595 = FILL_AREA_STYLE ('',( #4529 ) ) ;
#2596 = DIRECTION ( 'NONE',  ( -0.0000000000000000000, 0.0000000000000000000, -1.000000000000000000 ) ) ;
#2597 = CARTESIAN_POINT ( 'NONE',  ( 38.90000000000003400, 25.99999999999998900, 4.299999999999999800 ) ) ;
#2598 = ORIENTED_EDGE ( 'NONE', *, *, #7112, .T. ) ;
#2599 = SURFACE_STYLE_FILL_AREA ( #6115 ) ;
#2600 = DIRECTION ( 'NONE',  ( -0.0000000000000000000, 0.0000000000000000000, -1.000000000000000000 ) ) ;
#2601 = PRESENTATION_LAYER_ASSIGNMENT (  '', '', ( #1858 ) ) ;
#2602 = CARTESIAN_POINT ( 'NONE',  ( -21.96499999999999300, -28.19999999999999600, 0.2000000000000000900 ) ) ;
#2603 = VECTOR ( 'NONE', #3260, 1000.000000000000000 ) ;
#2604 = ORIENTED_EDGE ( 'NONE', *, *, #6743, .F. ) ;
#2605 = ADVANCED_FACE ( 'NONE', ( #4193 ), #6764, .F. ) ;
#2606 = CARTESIAN_POINT ( 'NONE',  ( 41.00000000000000700, 17.19999999999999900, -3.850000000000000500 ) ) ;
#2607 = FILL_AREA_STYLE_COLOUR ( '', #3236 ) ;
#2608 = LINE ( 'NONE', #4438, #4832 ) ;
#2609 = ORIENTED_EDGE ( 'NONE', *, *, #4441, .T. ) ;
#2610 = ORIENTED_EDGE ( 'NONE', *, *, #6577, .T. ) ;
#2611 =( NAMED_UNIT ( * ) PLANE_ANGLE_UNIT ( ) SI_UNIT ( $, .RADIAN. ) );
#2612 = SURFACE_STYLE_FILL_AREA ( #211 ) ;
#2613 = SURFACE_STYLE_USAGE ( .BOTH. , #5974 ) ;
#2614 = EDGE_CURVE ( 'NONE', #217, #5990, #3952, .T. ) ;
#2615 = ORIENTED_EDGE ( 'NONE', *, *, #6100, .T. ) ;
#2616 = CARTESIAN_POINT ( 'NONE',  ( -40.00000000000000700, -3.999999999999993300, 4.850000000000000500 ) ) ;
#2617 = AXIS2_PLACEMENT_3D ( 'NONE', #3912, #1083, #4247 ) ;
#2618 = SURFACE_SIDE_STYLE ('',( #5220 ) ) ;
#2619 = ORIENTED_EDGE ( 'NONE', *, *, #5938, .T. ) ;
#2620 = DIRECTION ( 'NONE',  ( -0.0000000000000000000, -0.0000000000000000000, 1.000000000000000000 ) ) ;
#2621 = DIRECTION ( 'NONE',  ( -0.0000000000000000000, -0.0000000000000000000, 1.000000000000000000 ) ) ;
#2622 = AXIS2_PLACEMENT_3D ( 'NONE', #6710, #2763, #1637 ) ;
#2623 = VERTEX_POINT ( 'NONE', #5620 ) ;
#2624 = DIRECTION ( 'NONE',  ( -0.0000000000000000000, -0.0000000000000000000, -1.000000000000000000 ) ) ;
#2625 = ORIENTED_EDGE ( 'NONE', *, *, #2215, .F. ) ;
#2626 = PLANE ( 'NONE',  #2731 ) ;
#2627 = SURFACE_STYLE_USAGE ( .BOTH. , #6572 ) ;
#2628 = CARTESIAN_POINT ( 'NONE',  ( -21.96499999999999300, -28.19999999999999600, -13.29999999999999900 ) ) ;
#2629 = ORIENTED_EDGE ( 'NONE', *, *, #1499, .F. ) ;
#2630 = EDGE_CURVE ( 'NONE', #2806, #4363, #944, .T. ) ;
#2631 = LINE ( 'NONE', #171, #5641 ) ;
#2632 = CLOSED_SHELL ( 'NONE', ( #5424, #4837, #6259, #6016 ) ) ;
#2633 = CARTESIAN_POINT ( 'NONE',  ( 39.99999999999999300, 27.00000000000000400, 1.899999999999999900 ) ) ;
#2634 = CARTESIAN_POINT ( 'NONE',  ( -37.50000000000000000, -6.499999999999995600, -0.5999999999999999800 ) ) ;
#2635 =( LENGTH_UNIT ( ) NAMED_UNIT ( * ) SI_UNIT ( .MILLI., .METRE. ) );
#2636 = ADVANCED_FACE ( 'NONE', ( #2274 ), #6593, .F. ) ;
#2637 = FILL_AREA_STYLE ('',( #2663 ) ) ;
#2638 = MECHANICAL_DESIGN_GEOMETRIC_PRESENTATION_REPRESENTATION (  '', ( #1901 ), #3015 ) ;
#2639 = PRESENTATION_STYLE_ASSIGNMENT (( #6584 ) ) ;
#2640 = VECTOR ( 'NONE', #6014, 1000.000000000000000 ) ;
#2641 = VERTEX_POINT ( 'NONE', #2807 ) ;
#2642 = FILL_AREA_STYLE_COLOUR ( '', #7029 ) ;
#2643 =( NAMED_UNIT ( * ) PLANE_ANGLE_UNIT ( ) SI_UNIT ( $, .RADIAN. ) );
#2644 = CARTESIAN_POINT ( 'NONE',  ( -6.999999999999994700, -22.90724480078917200, -0.7999999999999999300 ) ) ;
#2645 = DIRECTION ( 'NONE',  ( -1.000000000000000000, 0.0000000000000000000, 0.0000000000000000000 ) ) ;
#2646 = DIRECTION ( 'NONE',  ( -0.0000000000000000000, 0.0000000000000000000, -1.000000000000000000 ) ) ;
#2647 = EDGE_CURVE ( 'NONE', #6030, #324, #762, .T. ) ;
#2648 = LINE ( 'NONE', #6848, #3625 ) ;
#2649 = DIRECTION ( 'NONE',  ( -1.000000000000000000, 0.0000000000000000000, -0.0000000000000000000 ) ) ;
#2650 = ORIENTED_EDGE ( 'NONE', *, *, #1404, .F. ) ;
#2651 =( LENGTH_UNIT ( ) NAMED_UNIT ( * ) SI_UNIT ( .MILLI., .METRE. ) );
#2652 = CARTESIAN_POINT ( 'NONE',  ( -7.000000000000000000, -26.52446768126150900, -0.7999999999999999300 ) ) ;
#2653 = SURFACE_SIDE_STYLE ('',( #4597 ) ) ;
#2654 = CYLINDRICAL_SURFACE ( 'NONE', #3771, 1.000000000000000900 ) ;
#2655 = UNCERTAINTY_MEASURE_WITH_UNIT (LENGTH_MEASURE( 1.000000000000000100E-005 ), #5831, 'distance_accuracy_value', 'NONE');
#2656 = AXIS2_PLACEMENT_3D ( 'NONE', #132, #3524, #4574 ) ;
#2657 = FILL_AREA_STYLE ('',( #2157 ) ) ;
#2658 = AXIS2_PLACEMENT_3D ( 'NONE', #611, #4576, #1194 ) ;
#2659 = EDGE_LOOP ( 'NONE', ( #3196, #4598, #6326, #6373, #4545, #5150, #6333, #7163 ) ) ;
#2660 = DIRECTION ( 'NONE',  ( -1.000000000000000000, 0.0000000000000000000, 0.0000000000000000000 ) ) ;
#2661 = DIRECTION ( 'NONE',  ( -1.000000000000000000, 0.0000000000000000000, 0.0000000000000000000 ) ) ;
#2662 = FILL_AREA_STYLE_COLOUR ( '', #1573 ) ;
#2663 = FILL_AREA_STYLE_COLOUR ( '', #943 ) ;
#2664 = AXIS2_PLACEMENT_3D ( 'NONE', #430, #1008, #2161 ) ;
#2665 = LINE ( 'NONE', #5261, #1518 ) ;
#2666 = ORIENTED_EDGE ( 'NONE', *, *, #3889, .T. ) ;
#2667 = CARTESIAN_POINT ( 'NONE',  ( -39.00000000000000000, -25.99999999999998600, -2.149999999999999900 ) ) ;
#2668 = VECTOR ( 'NONE', #3736, 1000.000000000000000 ) ;
#2669 = CARTESIAN_POINT ( 'NONE',  ( -39.00000000000000700, 17.20000000000001000, -3.850000000000000500 ) ) ;
#2670 = DIRECTION ( 'NONE',  ( -0.0000000000000000000, -0.0000000000000000000, 1.000000000000000000 ) ) ;
#2671 = EDGE_CURVE ( 'NONE', #2152, #4422, #6768, .T. ) ;
#2672 = CYLINDRICAL_SURFACE ( 'NONE', #3433, 0.2549999999999982800 ) ;
#2673 = AXIS2_PLACEMENT_3D ( 'NONE', #3334, #7260, #3904 ) ;
#2674 = ORIENTED_EDGE ( 'NONE', *, *, #2301, .T. ) ;
#2675 = ADVANCED_FACE ( 'NONE', ( #3604 ), #6723, .T. ) ;
#2676 = ORIENTED_EDGE ( 'NONE', *, *, #3111, .T. ) ;
#2677 = ORIENTED_EDGE ( 'NONE', *, *, #5699, .F. ) ;
#2678 = ORIENTED_EDGE ( 'NONE', *, *, #2180, .T. ) ;
#2679 = EDGE_CURVE ( 'NONE', #3181, #2321, #3772, .T. ) ;
#2680 = EDGE_CURVE ( 'NONE', #4308, #1439, #598, .T. ) ;
#2681 = CARTESIAN_POINT ( 'NONE',  ( -39.00000000000000000, 17.20000000000001700, -5.350000000000000500 ) ) ;
#2682 = SURFACE_STYLE_FILL_AREA ( #5662 ) ;
#2683 = MECHANICAL_DESIGN_GEOMETRIC_PRESENTATION_REPRESENTATION (  '', ( #1548 ), #3050 ) ;
#2684 =( NAMED_UNIT ( * ) SI_UNIT ( $, .STERADIAN. ) SOLID_ANGLE_UNIT ( ) );
#2685 = CARTESIAN_POINT ( 'NONE',  ( -36.10000000000003000, -24.47999999999997600, 0.0000000000000000000 ) ) ;
#2686 = EDGE_LOOP ( 'NONE', ( #7042, #2666, #3063, #2101 ) ) ;
#2687 = DIRECTION ( 'NONE',  ( -0.0000000000000000000, -0.0000000000000000000, 1.000000000000000000 ) ) ;
#2688 = VECTOR ( 'NONE', #3964, 1000.000000000000000 ) ;
#2689 = FACE_OUTER_BOUND ( 'NONE', #6730, .T. ) ;
#2690 =( LENGTH_UNIT ( ) NAMED_UNIT ( * ) SI_UNIT ( .MILLI., .METRE. ) );
#2691 = DIRECTION ( 'NONE',  ( 0.0000000000000000000, 0.0000000000000000000, 1.000000000000000000 ) ) ;
#2692 = AXIS2_PLACEMENT_3D ( 'NONE', #4188, #4587, #6224 ) ;
#2693 =( NAMED_UNIT ( * ) SI_UNIT ( $, .STERADIAN. ) SOLID_ANGLE_UNIT ( ) );
#2694 = COLOUR_RGB ( '',0.7529411764705882200, 0.7529411764705882200, 0.7529411764705882200 ) ;
#2695 = VERTEX_POINT ( 'NONE', #5572 ) ;
#2696 =( LENGTH_UNIT ( ) NAMED_UNIT ( * ) SI_UNIT ( .MILLI., .METRE. ) );
#2697 = EDGE_CURVE ( 'NONE', #1940, #7286, #1926, .T. ) ;
#2698 = COLOUR_RGB ( '',0.0000000000000000000, 0.7529411764705882200, 0.0000000000000000000 ) ;
#2699 = CARTESIAN_POINT ( 'NONE',  ( -38.50000000000000700, 17.20000000000001000, -3.850000000000000500 ) ) ;
#2700 = PRESENTATION_LAYER_ASSIGNMENT (  '', '', ( #106 ) ) ;
#2701 = PRESENTATION_STYLE_ASSIGNMENT (( #1783 ) ) ;
#2702 = ORIENTED_EDGE ( 'NONE', *, *, #3844, .F. ) ;
#2703 = DIRECTION ( 'NONE',  ( -1.000000000000000000, 0.0000000000000000000, -0.0000000000000000000 ) ) ;
#2704 = SURFACE_SIDE_STYLE ('',( #774 ) ) ;
#2705 = VECTOR ( 'NONE', #4011, 1000.000000000000000 ) ;
#2706 = LINE ( 'NONE', #1921, #5709 ) ;
#2707 = DIRECTION ( 'NONE',  ( -0.0000000000000000000, 0.0000000000000000000, -1.000000000000000000 ) ) ;
#2708 = PRESENTATION_LAYER_ASSIGNMENT (  '', '', ( #4070 ) ) ;
#2709 = ORIENTED_EDGE ( 'NONE', *, *, #2062, .F. ) ;
#2710 = EDGE_CURVE ( 'NONE', #2788, #2152, #3421, .T. ) ;
#2711 = VECTOR ( 'NONE', #1616, 1000.000000000000000 ) ;
#2712 = LINE ( 'NONE', #5727, #2531 ) ;
#2713 = ADVANCED_FACE ( 'NONE', ( #6240 ), #6675, .F. ) ;
#2714 = VERTEX_POINT ( 'NONE', #2757 ) ;
#2715 = PLANE ( 'NONE',  #6244 ) ;
#2716 =( GEOMETRIC_REPRESENTATION_CONTEXT ( 3 ) GLOBAL_UNCERTAINTY_ASSIGNED_CONTEXT ( ( #3123 ) ) GLOBAL_UNIT_ASSIGNED_CONTEXT ( ( #2185, #4508, #6757 ) ) REPRESENTATION_CONTEXT ( 'NONE', 'WORKASPACE' ) );
#2717 = CARTESIAN_POINT ( 'NONE',  ( 38.99999999999998600, -24.38000000000000300, -0.0000000000000000000 ) ) ;
#2718 = VERTEX_POINT ( 'NONE', #5543 ) ;
#2719 = FILL_AREA_STYLE_COLOUR ( '', #6196 ) ;
#2720 = EDGE_LOOP ( 'NONE', ( #5165, #1497 ) ) ;
#2721 = CIRCLE ( 'NONE', #5794, 0.2549999999999982800 ) ;
#2722 =( NAMED_UNIT ( * ) SI_UNIT ( $, .STERADIAN. ) SOLID_ANGLE_UNIT ( ) );
#2723 = VECTOR ( 'NONE', #3986, 1000.000000000000000 ) ;
#2724 = ORIENTED_EDGE ( 'NONE', *, *, #3441, .T. ) ;
#2725 = MECHANICAL_DESIGN_GEOMETRIC_PRESENTATION_REPRESENTATION (  '', ( #3957 ), #6651 ) ;
#2726 = ORIENTED_EDGE ( 'NONE', *, *, #3428, .F. ) ;
#2727 = UNCERTAINTY_MEASURE_WITH_UNIT (LENGTH_MEASURE( 1.000000000000000100E-005 ), #3013, 'distance_accuracy_value', 'NONE');
#2728 = ORIENTED_EDGE ( 'NONE', *, *, #6093, .F. ) ;
#2729 = LINE ( 'NONE', #3269, #6884 ) ;
#2730 = DIRECTION ( 'NONE',  ( -1.000000000000000000, 0.0000000000000000000, 0.0000000000000000000 ) ) ;
#2731 = AXIS2_PLACEMENT_3D ( 'NONE', #4337, #2079, #5449 ) ;
#2732 = DIRECTION ( 'NONE',  ( -1.284980352575413200E-016, -1.000000000000000000, 0.0000000000000000000 ) ) ;
#2733 = CARTESIAN_POINT ( 'NONE',  ( -35.50000000000000000, -22.67999999999996100, 0.0000000000000000000 ) ) ;
#2734 = CARTESIAN_POINT ( 'NONE',  ( -27.29999999999999000, -28.19999999999999600, 0.2000000000000000900 ) ) ;
#2735 = ORIENTED_EDGE ( 'NONE', *, *, #6719, .T. ) ;
#2736 = ORIENTED_EDGE ( 'NONE', *, *, #3458, .F. ) ;
#2737 = ORIENTED_EDGE ( 'NONE', *, *, #4094, .F. ) ;
#2738 =( GEOMETRIC_REPRESENTATION_CONTEXT ( 3 ) GLOBAL_UNCERTAINTY_ASSIGNED_CONTEXT ( ( #4888 ) ) GLOBAL_UNIT_ASSIGNED_CONTEXT ( ( #5726, #3483, #4054 ) ) REPRESENTATION_CONTEXT ( 'NONE', 'WORKASPACE' ) );
#2739 =( GEOMETRIC_REPRESENTATION_CONTEXT ( 3 ) GLOBAL_UNCERTAINTY_ASSIGNED_CONTEXT ( ( #1903 ) ) GLOBAL_UNIT_ASSIGNED_CONTEXT ( ( #584, #5074, #1123 ) ) REPRESENTATION_CONTEXT ( 'NONE', 'WORKASPACE' ) );
#2740 = CARTESIAN_POINT ( 'NONE',  ( -36.50000000000000000, -22.67999999999996100, -0.5999999999999999800 ) ) ;
#2741 = COLOUR_RGB ( '',1.000000000000000000, 1.000000000000000000, 1.000000000000000000 ) ;
#2742 = MECHANICAL_DESIGN_GEOMETRIC_PRESENTATION_REPRESENTATION (  '', ( #1610 ), #3103 ) ;
#2743 = EDGE_CURVE ( 'NONE', #5559, #4181, #1758, .T. ) ;
#2744 = SURFACE_STYLE_USAGE ( .BOTH. , #3379 ) ;
#2745 = CARTESIAN_POINT ( 'NONE',  ( -19.99999999999999600, -10.99999999999999600, -0.7999999999999999300 ) ) ;
#2746 = PLANE ( 'NONE',  #3851 ) ;
#2747 = DIRECTION ( 'NONE',  ( 0.0000000000000000000, 1.000000000000000000, 0.0000000000000000000 ) ) ;
#2748 = SURFACE_STYLE_FILL_AREA ( #3916 ) ;
#2749 =( NAMED_UNIT ( * ) PLANE_ANGLE_UNIT ( ) SI_UNIT ( $, .RADIAN. ) );
#2750 = FILL_AREA_STYLE ('',( #3888 ) ) ;
#2751 = ORIENTED_EDGE ( 'NONE', *, *, #4069, .T. ) ;
#2752 = CIRCLE ( 'NONE', #3059, 0.5000000000000004400 ) ;
#2753 = EDGE_CURVE ( 'NONE', #157, #2269, #236, .T. ) ;
#2754 = VECTOR ( 'NONE', #4433, 1000.000000000000000 ) ;
#2755 = ADVANCED_FACE ( 'NONE', ( #6409, #4761 ), #3259, .F. ) ;
#2756 = VECTOR ( 'NONE', #3676, 1000.000000000000000 ) ;
#2757 = CARTESIAN_POINT ( 'NONE',  ( 19.42499999999999000, -28.19999999999999900, 0.2000000000000000900 ) ) ;
#2758 = DIRECTION ( 'NONE',  ( -0.0000000000000000000, -0.0000000000000000000, 1.000000000000000000 ) ) ;
#2759 = FACE_OUTER_BOUND ( 'NONE', #238, .T. ) ;
#2760 = CARTESIAN_POINT ( 'NONE',  ( 39.00000000000000000, 17.20000000000000300, -0.6500000000000005800 ) ) ;
#2761 = EDGE_LOOP ( 'NONE', ( #3938, #1356, #4808, #4764 ) ) ;
#2762 = PRESENTATION_LAYER_ASSIGNMENT (  '', '', ( #2009 ) ) ;
#2763 = DIRECTION ( 'NONE',  ( 0.0000000000000000000, 0.0000000000000000000, -1.000000000000000000 ) ) ;
#2764 = VERTEX_POINT ( 'NONE', #7196 ) ;
#2765 = DIRECTION ( 'NONE',  ( 0.0000000000000000000, -1.000000000000000000, 0.0000000000000000000 ) ) ;
#2766 = ORIENTED_EDGE ( 'NONE', *, *, #2439, .F. ) ;
#2767 =( GEOMETRIC_REPRESENTATION_CONTEXT ( 3 ) GLOBAL_UNCERTAINTY_ASSIGNED_CONTEXT ( ( #4458 ) ) GLOBAL_UNIT_ASSIGNED_CONTEXT ( ( #4691, #3010, #2441 ) ) REPRESENTATION_CONTEXT ( 'NONE', 'WORKASPACE' ) );
#2768 =( NAMED_UNIT ( * ) PLANE_ANGLE_UNIT ( ) SI_UNIT ( $, .RADIAN. ) );
#2769 = DIRECTION ( 'NONE',  ( -0.0000000000000000000, 0.0000000000000000000, -1.000000000000000000 ) ) ;
#2770 = ORIENTED_EDGE ( 'NONE', *, *, #5854, .T. ) ;
#2771 = UNCERTAINTY_MEASURE_WITH_UNIT (LENGTH_MEASURE( 1.000000000000000100E-005 ), #3757, 'distance_accuracy_value', 'NONE');
#2772 = CARTESIAN_POINT ( 'NONE',  ( 20.00000000000000000, -18.99999999999999600, -0.5999999999999999800 ) ) ;
#2773 = MECHANICAL_DESIGN_GEOMETRIC_PRESENTATION_REPRESENTATION (  '', ( #1645 ), #3135 ) ;
#2774 = DIRECTION ( 'NONE',  ( 0.0000000000000000000, 0.0000000000000000000, 1.000000000000000000 ) ) ;
#2775 = DIRECTION ( 'NONE',  ( -1.000000000000000000, 0.0000000000000000000, -0.0000000000000000000 ) ) ;
#2776 = VECTOR ( 'NONE', #862, 1000.000000000000000 ) ;
#2777 = DIRECTION ( 'NONE',  ( -0.0000000000000000000, -0.0000000000000000000, -1.000000000000000000 ) ) ;
#2778 =( NAMED_UNIT ( * ) SI_UNIT ( $, .STERADIAN. ) SOLID_ANGLE_UNIT ( ) );
#2779 = CARTESIAN_POINT ( 'NONE',  ( -7.000000000000000900, -23.80377424701675400, -1.034061401826479500 ) ) ;
#2780 = AXIS2_PLACEMENT_3D ( 'NONE', #7224, #1151, #5734 ) ;
#2781 = CARTESIAN_POINT ( 'NONE',  ( 24.75999999999999100, -28.19999999999999600, 0.2000000000000000900 ) ) ;
#2782 = VECTOR ( 'NONE', #3691, 1000.000000000000000 ) ;
#2783 = PRESENTATION_LAYER_ASSIGNMENT (  '', '', ( #2038 ) ) ;
#2784 = VECTOR ( 'NONE', #4810, 1000.000000000000000 ) ;
#2785 = CARTESIAN_POINT ( 'NONE',  ( 35.99999999999999300, -24.37999999999999200, -2.149999999999999900 ) ) ;
#2786 = ADVANCED_FACE ( 'NONE', ( #2533 ), #4409, .F. ) ;
#2787 = CARTESIAN_POINT ( 'NONE',  ( -38.89999999999999100, -24.60000000000000100, 3.799999999999999800 ) ) ;
#2788 = VERTEX_POINT ( 'NONE', #6628 ) ;
#2789 = DIRECTION ( 'NONE',  ( 0.0000000000000000000, 0.0000000000000000000, 1.000000000000000000 ) ) ;
#2790 = EDGE_CURVE ( 'NONE', #4273, #5881, #4037, .T. ) ;
#2791 = CIRCLE ( 'NONE', #6359, 0.2549999999999982800 ) ;
#2792 = DIRECTION ( 'NONE',  ( -1.000000000000000000, 0.0000000000000000000, -0.0000000000000000000 ) ) ;
#2793 =( GEOMETRIC_REPRESENTATION_CONTEXT ( 3 ) GLOBAL_UNCERTAINTY_ASSIGNED_CONTEXT ( ( #4908 ) ) GLOBAL_UNIT_ASSIGNED_CONTEXT ( ( #555, #1117, #5070 ) ) REPRESENTATION_CONTEXT ( 'NONE', 'WORKASPACE' ) );
#2794 =( LENGTH_UNIT ( ) NAMED_UNIT ( * ) SI_UNIT ( .MILLI., .METRE. ) );
#2795 = DIRECTION ( 'NONE',  ( -4.336808689942021200E-016, -1.000000000000000000, 0.0000000000000000000 ) ) ;
#2796 = DIRECTION ( 'NONE',  ( 1.000000000000000000, 0.0000000000000000000, -0.0000000000000000000 ) ) ;
#2797 = COLOUR_RGB ( '',0.0000000000000000000, 0.0000000000000000000, 0.0000000000000000000 ) ;
#2798 = ORIENTED_EDGE ( 'NONE', *, *, #843, .F. ) ;
#2799 = PRESENTATION_STYLE_ASSIGNMENT (( #1870 ) ) ;
#2800 = MANIFOLD_SOLID_BREP ( 'Boss-Extrude7[6]', #4 ) ;
#2801 =( NAMED_UNIT ( * ) PLANE_ANGLE_UNIT ( ) SI_UNIT ( $, .RADIAN. ) );
#2802 = MECHANICAL_DESIGN_GEOMETRIC_PRESENTATION_REPRESENTATION (  '', ( #1050 ), #1632 ) ;
#2803 = SURFACE_STYLE_FILL_AREA ( #6781 ) ;
#2804 = DIRECTION ( 'NONE',  ( 1.000000000000000000, 0.0000000000000000000, 0.0000000000000000000 ) ) ;
#2805 =( GEOMETRIC_REPRESENTATION_CONTEXT ( 3 ) GLOBAL_UNCERTAINTY_ASSIGNED_CONTEXT ( ( #3150 ) ) GLOBAL_UNIT_ASSIGNED_CONTEXT ( ( #5012, #1636, #5582 ) ) REPRESENTATION_CONTEXT ( 'NONE', 'WORKASPACE' ) );
#2806 = VERTEX_POINT ( 'NONE', #415 ) ;
#2807 = CARTESIAN_POINT ( 'NONE',  ( -39.00000000000000000, -4.999999999999984000, -0.5999999999999999800 ) ) ;
#2808 = FILL_AREA_STYLE ('',( #5832 ) ) ;
#2809 = EDGE_CURVE ( 'NONE', #1139, #1532, #4840, .T. ) ;
#2810 =( NAMED_UNIT ( * ) SI_UNIT ( $, .STERADIAN. ) SOLID_ANGLE_UNIT ( ) );
#2811 = DIRECTION ( 'NONE',  ( 1.000000000000000000, -1.284980352575412900E-016, 0.0000000000000000000 ) ) ;
#2812 = AXIS2_PLACEMENT_3D ( 'NONE', #1886, #5781, #1865 ) ;
#2813 = EDGE_LOOP ( 'NONE', ( #3881, #7263, #1682, #3390 ) ) ;
#2814 = EDGE_LOOP ( 'NONE', ( #3504, #5913 ) ) ;
#2815 = SURFACE_SIDE_STYLE ('',( #2748 ) ) ;
#2816 = DIRECTION ( 'NONE',  ( -1.000000000000000000, 0.0000000000000000000, 0.0000000000000000000 ) ) ;
#2817 = DIRECTION ( 'NONE',  ( 2.891205793294675900E-015, -1.000000000000000000, 0.0000000000000000000 ) ) ;
#2818 = CARTESIAN_POINT ( 'NONE',  ( -25.01499999999999000, -28.19999999999999600, 0.2000000000000000900 ) ) ;
#2819 = ORIENTED_EDGE ( 'NONE', *, *, #1953, .T. ) ;
#2820 = ORIENTED_EDGE ( 'NONE', *, *, #904, .F. ) ;
#2821 = DIRECTION ( 'NONE',  ( 0.0000000000000000000, 0.0000000000000000000, -1.000000000000000000 ) ) ;
#2822 = CARTESIAN_POINT ( 'NONE',  ( -40.00000000000000700, 25.99999999999999300, 4.850000000000000500 ) ) ;
#2823 = CARTESIAN_POINT ( 'NONE',  ( 7.000000000000000900, -21.84455075142215100, 4.021845557562724800 ) ) ;
#2824 = DIRECTION ( 'NONE',  ( -1.000000000000000000, 0.0000000000000000000, 0.0000000000000000000 ) ) ;
#2825 = CARTESIAN_POINT ( 'NONE',  ( 7.000000000000000000, -23.80377424698219700, -1.034061401818937100 ) ) ;
#2826 = ADVANCED_FACE ( 'NONE', ( #6321 ), #1520, .F. ) ;
#2827 = VERTEX_POINT ( 'NONE', #4906 ) ;
#2828 = AXIS2_PLACEMENT_3D ( 'NONE', #4426, #6213, #3277 ) ;
#2829 = ADVANCED_FACE ( 'NONE', ( #6146 ), #2626, .T. ) ;
#2830 = VECTOR ( 'NONE', #1823, 1000.000000000000000 ) ;
#2831 = AXIS2_PLACEMENT_3D ( 'NONE', #188, #4195, #1373 ) ;
#2832 = EDGE_CURVE ( 'NONE', #439, #2096, #510, .T. ) ;
#2833 = PRESENTATION_LAYER_ASSIGNMENT (  '', '', ( #2444 ) ) ;
#2834 = FACE_OUTER_BOUND ( 'NONE', #4938, .T. ) ;
#2835 = VECTOR ( 'NONE', #1160, 1000.000000000000000 ) ;
#2836 = COLOUR_RGB ( '',0.0000000000000000000, 0.7529411764705882200, 0.0000000000000000000 ) ;
#2837 = VERTEX_POINT ( 'NONE', #7131 ) ;
#2838 = FACE_OUTER_BOUND ( 'NONE', #4714, .T. ) ;
#2839 = DIRECTION ( 'NONE',  ( -1.000000000000000000, 0.0000000000000000000, -0.0000000000000000000 ) ) ;
#2840 = DIRECTION ( 'NONE',  ( 0.0000000000000000000, 0.0000000000000000000, -1.000000000000000000 ) ) ;
#2841 = COLOUR_RGB ( '',0.5019607843137254800, 0.5019607843137254800, 1.000000000000000000 ) ;
#2842 = DIRECTION ( 'NONE',  ( 0.0000000000000000000, 0.0000000000000000000, -1.000000000000000000 ) ) ;
#2843 = ORIENTED_EDGE ( 'NONE', *, *, #2832, .F. ) ;
#2844 = DIRECTION ( 'NONE',  ( -0.0000000000000000000, -0.0000000000000000000, 1.000000000000000000 ) ) ;
#2845 = CARTESIAN_POINT ( 'NONE',  ( -39.00000000000000700, 23.45000000000000300, 4.850000000000000500 ) ) ;
#2846 = ORIENTED_EDGE ( 'NONE', *, *, #2215, .T. ) ;
#2847 = DIRECTION ( 'NONE',  ( 1.000000000000000000, 0.0000000000000000000, -0.0000000000000000000 ) ) ;
#2848 = CARTESIAN_POINT ( 'NONE',  ( 6.999999999999999100, -24.60000000140296800, 3.418952401161031100 ) ) ;
#2849 = LINE ( 'NONE', #2417, #7150 ) ;
#2850 = PRESENTATION_STYLE_ASSIGNMENT (( #4947 ) ) ;
#2851 = ORIENTED_EDGE ( 'NONE', *, *, #13, .T. ) ;
#2852 = UNCERTAINTY_MEASURE_WITH_UNIT (LENGTH_MEASURE( 1.000000000000000100E-005 ), #5255, 'distance_accuracy_value', 'NONE');
#2853 = CARTESIAN_POINT ( 'NONE',  ( 7.000000000000000900, -20.33580432442523600, 3.799999999996072300 ) ) ;
#2854 = DIRECTION ( 'NONE',  ( 0.0000000000000000000, 0.0000000000000000000, -1.000000000000000000 ) ) ;
#2855 = ORIENTED_EDGE ( 'NONE', *, *, #7306, .F. ) ;
#2856 = ORIENTED_EDGE ( 'NONE', *, *, #4457, .T. ) ;
#2857 = ORIENTED_EDGE ( 'NONE', *, *, #2940, .T. ) ;
#2858 = PRESENTATION_STYLE_ASSIGNMENT (( #5757 ) ) ;
#2859 = SURFACE_STYLE_USAGE ( .BOTH. , #6229 ) ;
#2860 = CARTESIAN_POINT ( 'NONE',  ( -38.99999999999999300, -27.00000000000000400, 4.850000000000000500 ) ) ;
#2861 = ADVANCED_FACE ( 'NONE', ( #332 ), #142, .T. ) ;
#2862 = DIRECTION ( 'NONE',  ( -0.0000000000000000000, 1.000000000000000000, 0.0000000000000000000 ) ) ;
#2863 = SURFACE_STYLE_USAGE ( .BOTH. , #6807 ) ;
#2864 =( GEOMETRIC_REPRESENTATION_CONTEXT ( 3 ) GLOBAL_UNCERTAINTY_ASSIGNED_CONTEXT ( ( #5003 ) ) GLOBAL_UNIT_ASSIGNED_CONTEXT ( ( #4066, #7247, #5248 ) ) REPRESENTATION_CONTEXT ( 'NONE', 'WORKASPACE' ) );
#2865 = UNCERTAINTY_MEASURE_WITH_UNIT (LENGTH_MEASURE( 1.000000000000000100E-005 ), #5648, 'distance_accuracy_value', 'NONE');
#2866 = CARTESIAN_POINT ( 'NONE',  ( -7.000000000000000000, -23.70822491629699900, -1.115524287202967100 ) ) ;
#2867 = FILL_AREA_STYLE_COLOUR ( '', #2293 ) ;
#2868 = ORIENTED_EDGE ( 'NONE', *, *, #3889, .F. ) ;
#2869 = VECTOR ( 'NONE', #1922, 1000.000000000000000 ) ;
#2870 = DIRECTION ( 'NONE',  ( -0.0000000000000000000, -0.0000000000000000000, 1.000000000000000000 ) ) ;
#2871 = CARTESIAN_POINT ( 'NONE',  ( -7.000000000000000000, -26.52446768126150900, 2.521247357350493000 ) ) ;
#2872 = ORIENTED_EDGE ( 'NONE', *, *, #5413, .T. ) ;
#2873 = DIRECTION ( 'NONE',  ( 1.000000000000000000, 0.0000000000000000000, -0.0000000000000000000 ) ) ;
#2874 = CARTESIAN_POINT ( 'NONE',  ( -22.47499999999998700, -28.19999999999999600, 0.2000000000000000900 ) ) ;
#2875 = CARTESIAN_POINT ( 'NONE',  ( -39.00000000000000000, 23.20000000000001700, -2.149999999999999900 ) ) ;
#2876 = STYLED_ITEM ( 'NONE', ( #6322 ), #4007 ) ;
#2877 = EDGE_CURVE ( 'NONE', #4846, #374, #3136, .T. ) ;
#2878 = ORIENTED_EDGE ( 'NONE', *, *, #5540, .T. ) ;
#2879 = CARTESIAN_POINT ( 'NONE',  ( -37.89999999999998400, -17.60000000000000100, 4.599999999999999600 ) ) ;
#2880 = UNCERTAINTY_MEASURE_WITH_UNIT (LENGTH_MEASURE( 1.000000000000000100E-005 ), #6449, 'distance_accuracy_value', 'NONE');
#2881 = FILL_AREA_STYLE ('',( #6828 ) ) ;
#2882 =( LENGTH_UNIT ( ) NAMED_UNIT ( * ) SI_UNIT ( .MILLI., .METRE. ) );
#2883 = FACE_OUTER_BOUND ( 'NONE', #3781, .T. ) ;
#2884 = DIRECTION ( 'NONE',  ( 1.000000000000000000, 0.0000000000000000000, 0.0000000000000000000 ) ) ;
#2885 = VERTEX_POINT ( 'NONE', #364 ) ;
#2886 = VECTOR ( 'NONE', #989, 1000.000000000000000 ) ;
#2887 = COLOUR_RGB ( '',1.000000000000000000, 1.000000000000000000, 1.000000000000000000 ) ;
#2888 = EDGE_CURVE ( 'NONE', #1278, #252, #4477, .T. ) ;
#2889 = DIRECTION ( 'NONE',  ( 1.000000000000000000, 0.0000000000000000000, 0.0000000000000000000 ) ) ;
#2890 = CARTESIAN_POINT ( 'NONE',  ( -36.10000000000003000, -24.17999999999997100, 0.0000000000000000000 ) ) ;
#2891 = FACE_OUTER_BOUND ( 'NONE', #2289, .T. ) ;
#2892 = VERTEX_POINT ( 'NONE', #4859 ) ;
#2893 = ADVANCED_FACE ( 'NONE', ( #5949 ), #920, .T. ) ;
#2894 = ORIENTED_EDGE ( 'NONE', *, *, #6181, .F. ) ;
#2895 = ADVANCED_FACE ( 'NONE', ( #3943 ), #6230, .T. ) ;
#2896 = VERTEX_POINT ( 'NONE', #5131 ) ;
#2897 = CARTESIAN_POINT ( 'NONE',  ( 38.89999999999999900, -24.17999999999999300, -0.5999999999999999800 ) ) ;
#2898 = SURFACE_STYLE_USAGE ( .BOTH. , #5793 ) ;
#2899 = ORIENTED_EDGE ( 'NONE', *, *, #6249, .T. ) ;
#2900 = CARTESIAN_POINT ( 'NONE',  ( 38.99999999999998600, -4.999999999999984000, -0.5999999999999999800 ) ) ;
#2901 = ORIENTED_EDGE ( 'NONE', *, *, #3785, .F. ) ;
#2902 = ORIENTED_EDGE ( 'NONE', *, *, #1699, .F. ) ;
#2903 = CARTESIAN_POINT ( 'NONE',  ( 39.00000000000000000, -25.99999999999999600, -2.649999999999999500 ) ) ;
#2904 = MECHANICAL_DESIGN_GEOMETRIC_PRESENTATION_REPRESENTATION (  '', ( #2163 ), #3271 ) ;
#2905 = ORIENTED_EDGE ( 'NONE', *, *, #1806, .F. ) ;
#2906 = PRESENTATION_STYLE_ASSIGNMENT (( #5436 ) ) ;
#2907 = EDGE_LOOP ( 'NONE', ( #3282, #5565, #3956, #5283, #1884, #4560, #2650, #3318, #7162, #7237, #5333, #4606, #1750, #1807 ) ) ;
#2908 = CARTESIAN_POINT ( 'NONE',  ( 39.00000000000000000, 26.99999999999999300, -2.149999999999999900 ) ) ;
#2909 = DIRECTION ( 'NONE',  ( 1.000000000000000000, 0.0000000000000000000, 0.0000000000000000000 ) ) ;
#2910 = DIRECTION ( 'NONE',  ( -1.000000000000000000, 4.459443382973798400E-017, 0.0000000000000000000 ) ) ;
#2911 = VECTOR ( 'NONE', #5630, 1000.000000000000000 ) ;
#2912 = ORIENTED_EDGE ( 'NONE', *, *, #3649, .T. ) ;
#2913 = DIRECTION ( 'NONE',  ( 0.0000000000000000000, 0.0000000000000000000, 1.000000000000000000 ) ) ;
#2914 = PLANE ( 'NONE',  #2503 ) ;
#2915 = SURFACE_STYLE_FILL_AREA ( #2523 ) ;
#2916 =( GEOMETRIC_REPRESENTATION_CONTEXT ( 3 ) GLOBAL_UNCERTAINTY_ASSIGNED_CONTEXT ( ( #1781 ) ) GLOBAL_UNIT_ASSIGNED_CONTEXT ( ( #1225, #5178, #1799 ) ) REPRESENTATION_CONTEXT ( 'NONE', 'WORKASPACE' ) );
#2917 = SHAPE_DEFINITION_REPRESENTATION ( #1796, #6233 ) ;
#2918 = FACE_OUTER_BOUND ( 'NONE', #190, .T. ) ;
#2919 = DIRECTION ( 'NONE',  ( 0.0000000000000000000, -0.0000000000000000000, 1.000000000000000000 ) ) ;
#2920 = SURFACE_SIDE_STYLE ('',( #1598 ) ) ;
#2921 = EDGE_CURVE ( 'NONE', #2096, #1176, #418, .T. ) ;
#2922 = CARTESIAN_POINT ( 'NONE',  ( 19.67999999999998900, -28.19999999999999900, 0.2000000000000000900 ) ) ;
#2923 = FACE_OUTER_BOUND ( 'NONE', #6401, .T. ) ;
#2924 = STYLED_ITEM ( 'NONE', ( #2551 ), #3408 ) ;
#2925 = EDGE_CURVE ( 'NONE', #5075, #1819, #4918, .T. ) ;
#2926 = VERTEX_POINT ( 'NONE', #2874 ) ;
#2927 = CARTESIAN_POINT ( 'NONE',  ( 38.90000000000000600, -24.60000000000000500, 1.899999999999999900 ) ) ;
#2928 = LINE ( 'NONE', #5900, #7067 ) ;
#2929 = ADVANCED_FACE ( 'NONE', ( #228 ), #5161, .F. ) ;
#2930 = LINE ( 'NONE', #553, #1430 ) ;
#2931 = CARTESIAN_POINT ( 'NONE',  ( -39.00000000000000700, 22.20000000000001000, -3.850000000000000500 ) ) ;
#2932 = DIRECTION ( 'NONE',  ( 1.000000000000000000, -4.459443382973797800E-017, 0.0000000000000000000 ) ) ;
#2933 = AXIS2_PLACEMENT_3D ( 'NONE', #4338, #389, #3762 ) ;
#2934 = CARTESIAN_POINT ( 'NONE',  ( 14.00000000000000000, -27.00000000000000000, -0.5999999999999999800 ) ) ;
#2935 = VECTOR ( 'NONE', #622, 1000.000000000000000 ) ;
#2936 = ORIENTED_EDGE ( 'NONE', *, *, #5854, .F. ) ;
#2937 = ORIENTED_EDGE ( 'NONE', *, *, #3458, .T. ) ;
#2938 = ORIENTED_EDGE ( 'NONE', *, *, #3290, .F. ) ;
#2939 = SURFACE_SIDE_STYLE ('',( #6728 ) ) ;
#2940 = EDGE_CURVE ( 'NONE', #4809, #4405, #3407, .T. ) ;
#2941 = PRESENTATION_LAYER_ASSIGNMENT (  '', '', ( #1149 ) ) ;
#2942 = DIRECTION ( 'NONE',  ( 0.0000000000000000000, 0.0000000000000000000, -1.000000000000000000 ) ) ;
#2943 = EDGE_CURVE ( 'NONE', #953, #4065, #1928, .T. ) ;
#2944 = ORIENTED_EDGE ( 'NONE', *, *, #6841, .F. ) ;
#2945 = AXIS2_PLACEMENT_3D ( 'NONE', #4241, #294, #3670 ) ;
#2946 = FILL_AREA_STYLE_COLOUR ( '', #1413 ) ;
#2947 = ORIENTED_EDGE ( 'NONE', *, *, #5046, .T. ) ;
#2948 = LINE ( 'NONE', #304, #2776 ) ;
#2949 =( NAMED_UNIT ( * ) SI_UNIT ( $, .STERADIAN. ) SOLID_ANGLE_UNIT ( ) );
#2950 = DIRECTION ( 'NONE',  ( -0.0000000000000000000, -0.0000000000000000000, 1.000000000000000000 ) ) ;
#2951 = STYLED_ITEM ( 'NONE', ( #3102 ), #6217 ) ;
#2952 = LINE ( 'NONE', #2504, #1456 ) ;
#2953 = DIRECTION ( 'NONE',  ( 1.000000000000000000, 0.0000000000000000000, 0.0000000000000000000 ) ) ;
#2954 = PLANE ( 'NONE',  #5885 ) ;
#2955 = LINE ( 'NONE', #3711, #2784 ) ;
#2956 = PRESENTATION_LAYER_ASSIGNMENT (  '', '', ( #3957 ) ) ;
#2957 =( GEOMETRIC_REPRESENTATION_CONTEXT ( 3 ) GLOBAL_UNCERTAINTY_ASSIGNED_CONTEXT ( ( #2252 ) ) GLOBAL_UNIT_ASSIGNED_CONTEXT ( ( #3112, #1999, #3082 ) ) REPRESENTATION_CONTEXT ( 'NONE', 'WORKASPACE' ) );
#2958 = EDGE_CURVE ( 'NONE', #6450, #5115, #5532, .T. ) ;
#2959 = DIRECTION ( 'NONE',  ( -1.000000000000000000, -0.0000000000000000000, -0.0000000000000000000 ) ) ;
#2960 = CARTESIAN_POINT ( 'NONE',  ( -39.00000000000000000, 22.70000000000001700, -0.6500000000000000200 ) ) ;
#2961 = DIRECTION ( 'NONE',  ( 0.0000000000000000000, 0.0000000000000000000, 1.000000000000000000 ) ) ;
#2962 = ORIENTED_EDGE ( 'NONE', *, *, #6622, .T. ) ;
#2963 = EDGE_LOOP ( 'NONE', ( #5983, #5704, #3154, #4634 ) ) ;
#2964 = CARTESIAN_POINT ( 'NONE',  ( 35.50000000000000000, -6.499999999999995600, 0.0000000000000000000 ) ) ;
#2965 = STYLED_ITEM ( 'NONE', ( #1213 ), #3019 ) ;
#2966 = ADVANCED_FACE ( 'NONE', ( #7024 ), #1217, .F. ) ;
#2967 = VECTOR ( 'NONE', #5239, 1000.000000000000000 ) ;
#2968 =( NAMED_UNIT ( * ) SI_UNIT ( $, .STERADIAN. ) SOLID_ANGLE_UNIT ( ) );
#2969 = DIRECTION ( 'NONE',  ( -0.0000000000000000000, -0.0000000000000000000, 1.000000000000000000 ) ) ;
#2970 = VECTOR ( 'NONE', #5187, 1000.000000000000000 ) ;
#2971 = CARTESIAN_POINT ( 'NONE',  ( -7.000000000000001800, -25.85345190671684200, -1.145420074497599300 ) ) ;
#2972 = VERTEX_POINT ( 'NONE', #4439 ) ;
#2973 = EDGE_CURVE ( 'NONE', #5394, #3398, #1022, .T. ) ;
#2974 = LINE ( 'NONE', #582, #4476 ) ;
#2975 = VECTOR ( 'NONE', #895, 1000.000000000000000 ) ;
#2976 = EDGE_LOOP ( 'NONE', ( #1529, #295, #2334, #6888 ) ) ;
#2977 = MECHANICAL_DESIGN_GEOMETRIC_PRESENTATION_REPRESENTATION (  '', ( #1858 ), #3352 ) ;
#2978 = EDGE_CURVE ( 'NONE', #2151, #4500, #6854, .T. ) ;
#2979 = VECTOR ( 'NONE', #7305, 1000.000000000000000 ) ;
#2980 = ORIENTED_EDGE ( 'NONE', *, *, #6498, .T. ) ;
#2981 = FACE_OUTER_BOUND ( 'NONE', #7154, .T. ) ;
#2982 = APPLICATION_CONTEXT ( 'automotive_design' ) ;
#2983 = COLOUR_RGB ( '',0.8039215686274510100, 0.4980392156862745200, 0.1960784313725490200 ) ;
#2984 = DIRECTION ( 'NONE',  ( -0.0000000000000000000, -0.0000000000000000000, -1.000000000000000000 ) ) ;
#2985 = PRESENTATION_STYLE_ASSIGNMENT (( #1712 ) ) ;
#2986 = VERTEX_POINT ( 'NONE', #6895 ) ;
#2987 = DIRECTION ( 'NONE',  ( 0.0000000000000000000, -1.000000000000000000, 0.0000000000000000000 ) ) ;
#2988 =( NAMED_UNIT ( * ) SI_UNIT ( $, .STERADIAN. ) SOLID_ANGLE_UNIT ( ) );
#2989 = ORIENTED_EDGE ( 'NONE', *, *, #7203, .F. ) ;
#2990 = PRESENTATION_STYLE_ASSIGNMENT (( #3048 ) ) ;
#2991 = LINE ( 'NONE', #254, #5971 ) ;
#2992 = EDGE_LOOP ( 'NONE', ( #3388, #2476, #5289, #5242 ) ) ;
#2993 = VERTEX_POINT ( 'NONE', #2351 ) ;
#2994 = DIRECTION ( 'NONE',  ( 0.0000000000000000000, 0.0000000000000000000, -1.000000000000000000 ) ) ;
#2995 = EDGE_CURVE ( 'NONE', #5960, #2026, #3849, .T. ) ;
#2996 = LINE ( 'NONE', #1013, #2465 ) ;
#2997 = SURFACE_SIDE_STYLE ('',( #7292 ) ) ;
#2998 = AXIS2_PLACEMENT_3D ( 'NONE', #2238, #7265, #3344 ) ;
#2999 = VECTOR ( 'NONE', #2765, 1000.000000000000000 ) ;
#3000 = LINE ( 'NONE', #4842, #7307 ) ;
#3001 = PRODUCT_CONTEXT ( 'NONE', #2982, 'mechanical' ) ;
#3002 = PLANE ( 'NONE',  #1361 ) ;
#3003 =( NAMED_UNIT ( * ) PLANE_ANGLE_UNIT ( ) SI_UNIT ( $, .RADIAN. ) );
#3004 = FACE_OUTER_BOUND ( 'NONE', #3646, .T. ) ;
#3005 = DIRECTION ( 'NONE',  ( 1.000000000000000000, -3.469446951953619300E-015, -0.0000000000000000000 ) ) ;
#3006 = SURFACE_STYLE_USAGE ( .BOTH. , #431 ) ;
#3007 = ORIENTED_EDGE ( 'NONE', *, *, #1913, .T. ) ;
#3008 = COLOUR_RGB ( '',0.0000000000000000000, 0.7529411764705882200, 0.0000000000000000000 ) ;
#3009 = CARTESIAN_POINT ( 'NONE',  ( 0.0000000000000000000, 0.0000000000000000000, 4.850000000000000500 ) ) ;
#3010 =( NAMED_UNIT ( * ) PLANE_ANGLE_UNIT ( ) SI_UNIT ( $, .RADIAN. ) );
#3011 = LINE ( 'NONE', #1527, #2 ) ;
#3012 = ORIENTED_EDGE ( 'NONE', *, *, #1544, .F. ) ;
#3013 =( LENGTH_UNIT ( ) NAMED_UNIT ( * ) SI_UNIT ( .MILLI., .METRE. ) );
#3014 = ORIENTED_EDGE ( 'NONE', *, *, #2630, .T. ) ;
#3015 =( GEOMETRIC_REPRESENTATION_CONTEXT ( 3 ) GLOBAL_UNCERTAINTY_ASSIGNED_CONTEXT ( ( #2865 ) ) GLOBAL_UNIT_ASSIGNED_CONTEXT ( ( #5648, #1107, #777 ) ) REPRESENTATION_CONTEXT ( 'NONE', 'WORKASPACE' ) );
#3016 = LINE ( 'NONE', #2397, #7 ) ;
#3017 = DIRECTION ( 'NONE',  ( 0.0000000000000000000, 0.0000000000000000000, 1.000000000000000000 ) ) ;
#3018 = ORIENTED_EDGE ( 'NONE', *, *, #1291, .F. ) ;
#3019 = MANIFOLD_SOLID_BREP ( 'Boss-Extrude15', #3594 ) ;
#3020 = EDGE_LOOP ( 'NONE', ( #4266, #6650 ) ) ;
#3021 = EDGE_CURVE ( 'NONE', #1180, #3360, #327, .T. ) ;
#3022 = CARTESIAN_POINT ( 'NONE',  ( 22.21999999999998800, -28.19999999999999600, 0.2000000000000000900 ) ) ;
#3023 = ORIENTED_EDGE ( 'NONE', *, *, #4612, .F. ) ;
#3024 = ORIENTED_EDGE ( 'NONE', *, *, #6090, .F. ) ;
#3025 = CARTESIAN_POINT ( 'NONE',  ( -19.67999999999998900, -28.19999999999999900, 0.2000000000000000900 ) ) ;
#3026 = FACE_OUTER_BOUND ( 'NONE', #3941, .T. ) ;
#3027 = PRESENTATION_LAYER_ASSIGNMENT (  '', '', ( #1050 ) ) ;
#3028 = PRESENTATION_LAYER_ASSIGNMENT (  '', '', ( #2285 ) ) ;
#3029 = FILL_AREA_STYLE_COLOUR ( '', #5191 ) ;
#3030 = ORIENTED_EDGE ( 'NONE', *, *, #6725, .F. ) ;
#3031 = LINE ( 'NONE', #5868, #5846 ) ;
#3032 = CARTESIAN_POINT ( 'NONE',  ( -38.69999999999999600, -25.99999999999998600, -2.649999999999999500 ) ) ;
#3033 = AXIS2_PLACEMENT_3D ( 'NONE', #1214, #6261, #6637 ) ;
#3034 = DIRECTION ( 'NONE',  ( 0.0000000000000000000, 0.0000000000000000000, -1.000000000000000000 ) ) ;
#3035 = CARTESIAN_POINT ( 'NONE',  ( 7.000000000000000000, -21.84455075137293200, 4.021845557559792900 ) ) ;
#3036 = CARTESIAN_POINT ( 'NONE',  ( 39.99999999999997900, -22.55000000000000800, 4.850000000000000500 ) ) ;
#3037 = VECTOR ( 'NONE', #7105, 1000.000000000000000 ) ;
#3038 =( LENGTH_UNIT ( ) NAMED_UNIT ( * ) SI_UNIT ( .MILLI., .METRE. ) );
#3039 = EDGE_CURVE ( 'NONE', #5377, #5066, #3317, .T. ) ;
#3040 = ORIENTED_EDGE ( 'NONE', *, *, #5034, .F. ) ;
#3041 = PLANE ( 'NONE',  #2945 ) ;
#3042 = AXIS2_PLACEMENT_3D ( 'NONE', #5591, #2213, #6142 ) ;
#3043 = VERTEX_POINT ( 'NONE', #139 ) ;
#3044 = PRESENTATION_LAYER_ASSIGNMENT (  '', '', ( #4732 ) ) ;
#3045 =( GEOMETRIC_REPRESENTATION_CONTEXT ( 3 ) GLOBAL_UNCERTAINTY_ASSIGNED_CONTEXT ( ( #6084 ) ) GLOBAL_UNIT_ASSIGNED_CONTEXT ( ( #3038, #799, #4388 ) ) REPRESENTATION_CONTEXT ( 'NONE', 'WORKASPACE' ) );
#3046 = EDGE_CURVE ( 'NONE', #4273, #1944, #1653, .T. ) ;
#3047 = DIRECTION ( 'NONE',  ( 1.000000000000000000, 0.0000000000000000000, -0.0000000000000000000 ) ) ;
#3048 = SURFACE_STYLE_USAGE ( .BOTH. , #3872 ) ;
#3049 = CARTESIAN_POINT ( 'NONE',  ( 22.21999999999998800, -28.19999999999999600, 0.2000000000000000900 ) ) ;
#3050 =( GEOMETRIC_REPRESENTATION_CONTEXT ( 3 ) GLOBAL_UNCERTAINTY_ASSIGNED_CONTEXT ( ( #4856 ) ) GLOBAL_UNIT_ASSIGNED_CONTEXT ( ( #5117, #4554, #6160 ) ) REPRESENTATION_CONTEXT ( 'NONE', 'WORKASPACE' ) );
#3051 = VECTOR ( 'NONE', #4131, 1000.000000000000000 ) ;
#3052 = SURFACE_STYLE_FILL_AREA ( #1600 ) ;
#3053 = CARTESIAN_POINT ( 'NONE',  ( -32.10000000000000100, 27.00000000000000400, 4.850000000000000500 ) ) ;
#3054 = VECTOR ( 'NONE', #6891, 1000.000000000000000 ) ;
#3055 = SURFACE_STYLE_USAGE ( .BOTH. , #6438 ) ;
#3056 = DIRECTION ( 'NONE',  ( 1.000000000000000000, 3.469446951953619300E-015, 0.0000000000000000000 ) ) ;
#3057 = SURFACE_SIDE_STYLE ('',( #742 ) ) ;
#3058 = ORIENTED_EDGE ( 'NONE', *, *, #772, .T. ) ;
#3059 = AXIS2_PLACEMENT_3D ( 'NONE', #600, #7249, #2961 ) ;
#3060 = CIRCLE ( 'NONE', #661, 0.2549999999999982800 ) ;
#3061 = PRESENTATION_STYLE_ASSIGNMENT (( #7153 ) ) ;
#3062 = EDGE_CURVE ( 'NONE', #157, #2122, #3128, .T. ) ;
#3063 = ORIENTED_EDGE ( 'NONE', *, *, #2943, .F. ) ;
#3064 = ORIENTED_EDGE ( 'NONE', *, *, #1042, .F. ) ;
#3065 = CARTESIAN_POINT ( 'NONE',  ( -39.00000000000000700, -3.999999999999992500, 1.899999999999999900 ) ) ;
#3066 = AXIS2_PLACEMENT_3D ( 'NONE', #5786, #5308, #4115 ) ;
#3067 = ORIENTED_EDGE ( 'NONE', *, *, #5708, .F. ) ;
#3068 = LINE ( 'NONE', #3358, #6065 ) ;
#3069 = VECTOR ( 'NONE', #5445, 1000.000000000000000 ) ;
#3070 = VECTOR ( 'NONE', #5752, 1000.000000000000000 ) ;
#3071 = ORIENTED_EDGE ( 'NONE', *, *, #1105, .F. ) ;
#3072 = LINE ( 'NONE', #1431, #1587 ) ;
#3073 = SURFACE_STYLE_USAGE ( .BOTH. , #6611 ) ;
#3074 = MECHANICAL_DESIGN_GEOMETRIC_PRESENTATION_REPRESENTATION (  '', ( #4070 ), #3471 ) ;
#3075 = EDGE_CURVE ( 'NONE', #4546, #4065, #6138, .T. ) ;
#3076 = LINE ( 'NONE', #7110, #6080 ) ;
#3077 = VERTEX_POINT ( 'NONE', #4109 ) ;
#3078 = PRESENTATION_STYLE_ASSIGNMENT (( #7027 ) ) ;
#3079 = DIRECTION ( 'NONE',  ( 0.0000000000000000000, 0.0000000000000000000, -1.000000000000000000 ) ) ;
#3080 = FACE_OUTER_BOUND ( 'NONE', #5561, .T. ) ;
#3081 = VERTEX_POINT ( 'NONE', #162 ) ;
#3082 =( NAMED_UNIT ( * ) SI_UNIT ( $, .STERADIAN. ) SOLID_ANGLE_UNIT ( ) );
#3083 = DIRECTION ( 'NONE',  ( -1.000000000000000000, 0.0000000000000000000, 0.0000000000000000000 ) ) ;
#3084 = SURFACE_STYLE_USAGE ( .BOTH. , #7048 ) ;
#3085 = CARTESIAN_POINT ( 'NONE',  ( 39.99999999999998600, 22.20000000000000300, -5.350000000000000500 ) ) ;
#3086 = AXIS2_PLACEMENT_3D ( 'NONE', #1141, #2275, #4899 ) ;
#3087 = VECTOR ( 'NONE', #6981, 1000.000000000000000 ) ;
#3088 = STYLED_ITEM ( 'NONE', ( #7272 ), #2893 ) ;
#3089 = VECTOR ( 'NONE', #6691, 1000.000000000000000 ) ;
#3090 = FILL_AREA_STYLE ('',( #302 ) ) ;
#3091 = VERTEX_POINT ( 'NONE', #2415 ) ;
#3092 = UNCERTAINTY_MEASURE_WITH_UNIT (LENGTH_MEASURE( 1.000000000000000100E-005 ), #6771, 'distance_accuracy_value', 'NONE');
#3093 = ORIENTED_EDGE ( 'NONE', *, *, #5921, .T. ) ;
#3094 = CARTESIAN_POINT ( 'NONE',  ( 38.69999999999999600, -25.99999999999999600, -2.649999999999999500 ) ) ;
#3095 =( NAMED_UNIT ( * ) SI_UNIT ( $, .STERADIAN. ) SOLID_ANGLE_UNIT ( ) );
#3096 = VECTOR ( 'NONE', #6243, 1000.000000000000000 ) ;
#3097 = PRESENTATION_LAYER_ASSIGNMENT (  '', '', ( #3495 ) ) ;
#3098 = ORIENTED_EDGE ( 'NONE', *, *, #6996, .F. ) ;
#3099 = ORIENTED_EDGE ( 'NONE', *, *, #2753, .T. ) ;
#3100 = EDGE_LOOP ( 'NONE', ( #2327, #6761, #4719, #4429 ) ) ;
#3101 = CARTESIAN_POINT ( 'NONE',  ( 0.0000000000000000000, 0.0000000000000000000, 0.0000000000000000000 ) ) ;
#3102 = PRESENTATION_STYLE_ASSIGNMENT (( #7090 ) ) ;
#3103 =( GEOMETRIC_REPRESENTATION_CONTEXT ( 3 ) GLOBAL_UNCERTAINTY_ASSIGNED_CONTEXT ( ( #4039 ) ) GLOBAL_UNIT_ASSIGNED_CONTEXT ( ( #6437, #4456, #6386 ) ) REPRESENTATION_CONTEXT ( 'NONE', 'WORKASPACE' ) );
#3104 = EDGE_CURVE ( 'NONE', #884, #6976, #7266, .T. ) ;
#3105 = CARTESIAN_POINT ( 'NONE',  ( 36.50000000000000000, -6.499999999999995600, -0.5999999999999999800 ) ) ;
#3106 = EDGE_CURVE ( 'NONE', #2095, #1176, #4469, .T. ) ;
#3107 = ADVANCED_FACE ( 'NONE', ( #5779 ), #1887, .F. ) ;
#3108 = EDGE_LOOP ( 'NONE', ( #2460, #1045 ) ) ;
#3109 =( NAMED_UNIT ( * ) SI_UNIT ( $, .STERADIAN. ) SOLID_ANGLE_UNIT ( ) );
#3110 = FACE_OUTER_BOUND ( 'NONE', #5469, .T. ) ;
#3111 = EDGE_CURVE ( 'NONE', #1394, #7028, #7106, .T. ) ;
#3112 =( LENGTH_UNIT ( ) NAMED_UNIT ( * ) SI_UNIT ( .MILLI., .METRE. ) );
#3113 = DIRECTION ( 'NONE',  ( -0.0000000000000000000, 0.0000000000000000000, -1.000000000000000000 ) ) ;
#3114 = CARTESIAN_POINT ( 'NONE',  ( 32.09999999999998700, 26.00000000000000400, 3.799999999999999800 ) ) ;
#3115 = DIRECTION ( 'NONE',  ( 0.0000000000000000000, 0.0000000000000000000, 1.000000000000000000 ) ) ;
#3116 = CARTESIAN_POINT ( 'NONE',  ( -27.29999999999999000, -28.19999999999999600, 0.2000000000000000900 ) ) ;
#3117 = SURFACE_SIDE_STYLE ('',( #6906 ) ) ;
#3118 = LINE ( 'NONE', #4519, #1643 ) ;
#3119 = FILL_AREA_STYLE ('',( #4769 ) ) ;
#3120 =( NAMED_UNIT ( * ) PLANE_ANGLE_UNIT ( ) SI_UNIT ( $, .RADIAN. ) );
#3121 = FILL_AREA_STYLE_COLOUR ( '', #253 ) ;
#3122 = COLOUR_RGB ( '',0.0000000000000000000, 0.7529411764705882200, 0.0000000000000000000 ) ;
#3123 = UNCERTAINTY_MEASURE_WITH_UNIT (LENGTH_MEASURE( 1.000000000000000100E-005 ), #2185, 'distance_accuracy_value', 'NONE');
#3124 = ORIENTED_EDGE ( 'NONE', *, *, #273, .T. ) ;
#3125 = EDGE_LOOP ( 'NONE', ( #4374, #6463, #4236, #3249 ) ) ;
#3126 = DIRECTION ( 'NONE',  ( -1.000000000000000000, 0.0000000000000000000, 0.0000000000000000000 ) ) ;
#3127 = DIRECTION ( 'NONE',  ( 0.0000000000000000000, 0.0000000000000000000, -1.000000000000000000 ) ) ;
#3128 = LINE ( 'NONE', #4684, #1843 ) ;
#3129 = FILL_AREA_STYLE ('',( #6653 ) ) ;
#3130 = ORIENTED_EDGE ( 'NONE', *, *, #6308, .F. ) ;
#3131 = DIRECTION ( 'NONE',  ( 0.0000000000000000000, 0.0000000000000000000, -1.000000000000000000 ) ) ;
#3132 = SURFACE_STYLE_USAGE ( .BOTH. , #2053 ) ;
#3133 = CARTESIAN_POINT ( 'NONE',  ( 7.000000000000000000, -22.90724480078917200, -0.7999999999999999300 ) ) ;
#3134 = LINE ( 'NONE', #1594, #5946 ) ;
#3135 =( GEOMETRIC_REPRESENTATION_CONTEXT ( 3 ) GLOBAL_UNCERTAINTY_ASSIGNED_CONTEXT ( ( #5989 ) ) GLOBAL_UNIT_ASSIGNED_CONTEXT ( ( #1353, #5307, #1935 ) ) REPRESENTATION_CONTEXT ( 'NONE', 'WORKASPACE' ) );
#3136 = LINE ( 'NONE', #6543, #2012 ) ;
#3137 = ORIENTED_EDGE ( 'NONE', *, *, #89, .F. ) ;
#3138 = FILL_AREA_STYLE_COLOUR ( '', #4157 ) ;
#3139 = DIRECTION ( 'NONE',  ( -0.0000000000000000000, 0.0000000000000000000, -1.000000000000000000 ) ) ;
#3140 = CIRCLE ( 'NONE', #4942, 0.3000000000000016500 ) ;
#3141 = PRESENTATION_LAYER_ASSIGNMENT (  '', '', ( #2400 ) ) ;
#3142 = DIRECTION ( 'NONE',  ( -1.000000000000000000, 0.0000000000000000000, 0.0000000000000000000 ) ) ;
#3143 = ADVANCED_FACE ( 'NONE', ( #5621 ), #6375, .T. ) ;
#3144 = MECHANICAL_DESIGN_GEOMETRIC_PRESENTATION_REPRESENTATION (  '', ( #2038 ), #3539 ) ;
#3145 = ORIENTED_EDGE ( 'NONE', *, *, #5750, .F. ) ;
#3146 = LINE ( 'NONE', #2391, #5957 ) ;
#3147 = PLANE ( 'NONE',  #335 ) ;
#3148 = ORIENTED_EDGE ( 'NONE', *, *, #5227, .F. ) ;
#3149 =( LENGTH_UNIT ( ) NAMED_UNIT ( * ) SI_UNIT ( .MILLI., .METRE. ) );
#3150 = UNCERTAINTY_MEASURE_WITH_UNIT (LENGTH_MEASURE( 1.000000000000000100E-005 ), #5012, 'distance_accuracy_value', 'NONE');
#3151 = COLOUR_RGB ( '',1.000000000000000000, 1.000000000000000000, 1.000000000000000000 ) ;
#3152 = VERTEX_POINT ( 'NONE', #1907 ) ;
#3153 = EDGE_CURVE ( 'NONE', #2279, #2788, #2791, .T. ) ;
#3154 = ORIENTED_EDGE ( 'NONE', *, *, #2877, .T. ) ;
#3155 = AXIS2_PLACEMENT_3D ( 'NONE', #3658, #5218, #4659 ) ;
#3156 = DIRECTION ( 'NONE',  ( -1.000000000000000000, -0.0000000000000000000, -0.0000000000000000000 ) ) ;
#3157 = DIRECTION ( 'NONE',  ( -1.000000000000000000, -0.0000000000000000000, -0.0000000000000000000 ) ) ;
#3158 = CARTESIAN_POINT ( 'NONE',  ( -29.83999999999999300, -28.19999999999999600, 0.2000000000000000900 ) ) ;
#3159 = AXIS2_PLACEMENT_3D ( 'NONE', #2453, #3593, #5818 ) ;
#3160 = LINE ( 'NONE', #681, #1688 ) ;
#3161 = SURFACE_STYLE_USAGE ( .BOTH. , #6551 ) ;
#3162 = LINE ( 'NONE', #6674, #4518 ) ;
#3163 =( NAMED_UNIT ( * ) PLANE_ANGLE_UNIT ( ) SI_UNIT ( $, .RADIAN. ) );
#3164 = DIRECTION ( 'NONE',  ( 0.0000000000000000000, -0.0000000000000000000, -1.000000000000000000 ) ) ;
#3165 = CIRCLE ( 'NONE', #86, 0.2549999999999982800 ) ;
#3166 = STYLED_ITEM ( 'NONE', ( #7194 ), #5048 ) ;
#3167 = ORIENTED_EDGE ( 'NONE', *, *, #5223, .T. ) ;
#3168 = DIRECTION ( 'NONE',  ( -3.265361837132815600E-016, 1.000000000000000000, 0.0000000000000000000 ) ) ;
#3169 = PLANE ( 'NONE',  #3337 ) ;
#3170 = CARTESIAN_POINT ( 'NONE',  ( 37.89999999999998400, -17.60000000000000100, 4.299999999999999800 ) ) ;
#3171 = VECTOR ( 'NONE', #4349, 1000.000000000000000 ) ;
#3172 = ORIENTED_EDGE ( 'NONE', *, *, #5614, .T. ) ;
#3173 = FACE_OUTER_BOUND ( 'NONE', #1097, .T. ) ;
#3174 = CARTESIAN_POINT ( 'NONE',  ( 24.75999999999999100, -28.19999999999999600, 0.2000000000000000900 ) ) ;
#3175 = AXIS2_PLACEMENT_3D ( 'NONE', #2098, #6003, #2645 ) ;
#3176 = ADVANCED_FACE ( 'NONE', ( #1298 ), #6396, .F. ) ;
#3177 = CARTESIAN_POINT ( 'NONE',  ( 37.89999999999997000, 24.89999999999997400, 4.299999999999999800 ) ) ;
#3178 = CARTESIAN_POINT ( 'NONE',  ( 36.50000000000000000, -6.499999999999995600, -0.5999999999999999800 ) ) ;
#3179 = CARTESIAN_POINT ( 'NONE',  ( -40.00000000000000700, -19.54999999999999700, 4.850000000000000500 ) ) ;
#3180 = FILL_AREA_STYLE ('',( #950 ) ) ;
#3181 = VERTEX_POINT ( 'NONE', #4151 ) ;
#3182 = ORIENTED_EDGE ( 'NONE', *, *, #3506, .T. ) ;
#3183 = AXIS2_PLACEMENT_3D ( 'NONE', #5336, #2514, #5874 ) ;
#3184 = EDGE_CURVE ( 'NONE', #5664, #159, #3589, .T. ) ;
#3185 = DIRECTION ( 'NONE',  ( -1.000000000000000000, 1.734723475976807100E-016, 0.0000000000000000000 ) ) ;
#3186 = EDGE_LOOP ( 'NONE', ( #3689, #6739, #2206, #474 ) ) ;
#3187 = EDGE_CURVE ( 'NONE', #1860, #131, #585, .T. ) ;
#3188 = FACE_OUTER_BOUND ( 'NONE', #5784, .T. ) ;
#3189 = MECHANICAL_DESIGN_GEOMETRIC_PRESENTATION_REPRESENTATION (  '', ( #2444 ), #3588 ) ;
#3190 = EDGE_CURVE ( 'NONE', #2623, #1705, #4912, .T. ) ;
#3191 = FILL_AREA_STYLE_COLOUR ( '', #1797 ) ;
#3192 = CARTESIAN_POINT ( 'NONE',  ( -7.000000000000000900, -22.83165912628943800, 3.800000000184947000 ) ) ;
#3193 = VERTEX_POINT ( 'NONE', #66 ) ;
#3194 = FILL_AREA_STYLE_COLOUR ( '', #1498 ) ;
#3195 = VERTEX_POINT ( 'NONE', #1371 ) ;
#3196 = ORIENTED_EDGE ( 'NONE', *, *, #2630, .F. ) ;
#3197 = VECTOR ( 'NONE', #2114, 1000.000000000000000 ) ;
#3198 = EDGE_CURVE ( 'NONE', #3081, #1940, #2099, .T. ) ;
#3199 = SURFACE_STYLE_USAGE ( .BOTH. , #1509 ) ;
#3200 = CARTESIAN_POINT ( 'NONE',  ( 37.89999999999998400, -17.60000000000000100, 4.599999999999999600 ) ) ;
#3201 = AXIS2_PLACEMENT_3D ( 'NONE', #5251, #4569, #5130 ) ;
#3202 = DIRECTION ( 'NONE',  ( -1.000000000000000000, 0.0000000000000000000, 0.0000000000000000000 ) ) ;
#3203 = CARTESIAN_POINT ( 'NONE',  ( -32.37999999999998800, -28.19999999999999600, -13.29999999999999900 ) ) ;
#3204 = FACE_BOUND ( 'NONE', #4238, .T. ) ;
#3205 = VERTEX_POINT ( 'NONE', #1927 ) ;
#3206 = SURFACE_SIDE_STYLE ('',( #3858 ) ) ;
#3207 = DIRECTION ( 'NONE',  ( 1.000000000000000000, 0.0000000000000000000, 0.0000000000000000000 ) ) ;
#3208 = PRESENTATION_STYLE_ASSIGNMENT (( #6183 ) ) ;
#3209 = ORIENTED_EDGE ( 'NONE', *, *, #4094, .T. ) ;
#3210 = DIRECTION ( 'NONE',  ( -0.0000000000000000000, 1.000000000000000000, -0.0000000000000000000 ) ) ;
#3211 = CARTESIAN_POINT ( 'NONE',  ( -29.83999999999999300, -28.19999999999999600, -13.29999999999999900 ) ) ;
#3212 = ADVANCED_FACE ( 'NONE', ( #1914 ), #850, .F. ) ;
#3213 = CARTESIAN_POINT ( 'NONE',  ( -7.000000000000000000, -20.81951302301503000, 3.932733293973400100 ) ) ;
#3214 = DIRECTION ( 'NONE',  ( -0.0000000000000000000, -0.0000000000000000000, -1.000000000000000000 ) ) ;
#3215 = ORIENTED_EDGE ( 'NONE', *, *, #2710, .F. ) ;
#3216 = DIRECTION ( 'NONE',  ( 1.000000000000000000, -6.938893903907125800E-015, 0.0000000000000000000 ) ) ;
#3217 = VECTOR ( 'NONE', #630, 1000.000000000000000 ) ;
#3218 = DIRECTION ( 'NONE',  ( 1.000000000000000000, -0.0000000000000000000, -0.0000000000000000000 ) ) ;
#3219 = DIRECTION ( 'NONE',  ( -1.000000000000000000, 0.0000000000000000000, 0.0000000000000000000 ) ) ;
#3220 = DIRECTION ( 'NONE',  ( 0.0000000000000000000, 0.0000000000000000000, 1.000000000000000000 ) ) ;
#3221 = CARTESIAN_POINT ( 'NONE',  ( -24.75999999999999100, -28.19999999999999600, 0.2000000000000000900 ) ) ;
#3222 = ORIENTED_EDGE ( 'NONE', *, *, #6454, .F. ) ;
#3223 = CARTESIAN_POINT ( 'NONE',  ( 37.89999999999997000, 24.89999999999997400, 4.299999999999999800 ) ) ;
#3224 = CIRCLE ( 'NONE', #2423, 0.2549999999999982800 ) ;
#3225 = SURFACE_STYLE_FILL_AREA ( #4871 ) ;
#3226 = VECTOR ( 'NONE', #2174, 1000.000000000000000 ) ;
#3227 = LINE ( 'NONE', #680, #57 ) ;
#3228 = DIRECTION ( 'NONE',  ( 1.000000000000000000, 0.0000000000000000000, -0.0000000000000000000 ) ) ;
#3229 = ORIENTED_EDGE ( 'NONE', *, *, #3046, .T. ) ;
#3230 = DIRECTION ( 'NONE',  ( -0.0000000000000000000, -0.0000000000000000000, 1.000000000000000000 ) ) ;
#3231 =( NAMED_UNIT ( * ) PLANE_ANGLE_UNIT ( ) SI_UNIT ( $, .RADIAN. ) );
#3232 = DIRECTION ( 'NONE',  ( 0.0000000000000000000, 0.0000000000000000000, -1.000000000000000000 ) ) ;
#3233 = VERTEX_POINT ( 'NONE', #1447 ) ;
#3234 = UNCERTAINTY_MEASURE_WITH_UNIT (LENGTH_MEASURE( 1.000000000000000100E-005 ), #7070, 'distance_accuracy_value', 'NONE');
#3235 = SURFACE_SIDE_STYLE ('',( #926 ) ) ;
#3236 = COLOUR_RGB ( '',0.7921568627450980000, 0.8196078431372548800, 0.9333333333333333500 ) ;
#3237 = ORIENTED_EDGE ( 'NONE', *, *, #2273, .F. ) ;
#3238 = EDGE_LOOP ( 'NONE', ( #3702, #480 ) ) ;
#3239 = STYLED_ITEM ( 'NONE', ( #5398 ), #353 ) ;
#3240 = CARTESIAN_POINT ( 'NONE',  ( -37.89999999999998400, -17.60000000000000100, 4.299999999999999800 ) ) ;
#3241 = CARTESIAN_POINT ( 'NONE',  ( 37.50000000000000000, -6.499999999999995600, -0.5999999999999999800 ) ) ;
#3242 = FILL_AREA_STYLE ('',( #5170 ) ) ;
#3243 = DIRECTION ( 'NONE',  ( -1.000000000000000000, 0.0000000000000000000, 0.0000000000000000000 ) ) ;
#3244 = AXIS2_PLACEMENT_3D ( 'NONE', #1581, #3551, #6933 ) ;
#3245 = ORIENTED_EDGE ( 'NONE', *, *, #1249, .F. ) ;
#3246 = LINE ( 'NONE', #6512, #6256 ) ;
#3247 = SURFACE_STYLE_FILL_AREA ( #2073 ) ;
#3248 = CYLINDRICAL_SURFACE ( 'NONE', #3466, 0.2549999999999982800 ) ;
#3249 = ORIENTED_EDGE ( 'NONE', *, *, #6181, .T. ) ;
#3250 = PLANE ( 'NONE',  #6336 ) ;
#3251 = CARTESIAN_POINT ( 'NONE',  ( -32.37999999999998800, -28.19999999999999600, 0.2000000000000000900 ) ) ;
#3252 = CARTESIAN_POINT ( 'NONE',  ( 38.89999999999996300, 25.99999999999998900, 4.599999999999999600 ) ) ;
#3253 =( NAMED_UNIT ( * ) SI_UNIT ( $, .STERADIAN. ) SOLID_ANGLE_UNIT ( ) );
#3254 = EDGE_CURVE ( 'NONE', #5465, #4846, #7183, .T. ) ;
#3255 = ADVANCED_FACE ( 'NONE', ( #1207 ), #3638, .F. ) ;
#3256 = VECTOR ( 'NONE', #3131, 1000.000000000000000 ) ;
#3257 = ORIENTED_EDGE ( 'NONE', *, *, #1517, .T. ) ;
#3258 = UNCERTAINTY_MEASURE_WITH_UNIT (LENGTH_MEASURE( 1.000000000000000100E-005 ), #5176, 'distance_accuracy_value', 'NONE');
#3259 = PLANE ( 'NONE',  #6845 ) ;
#3260 = DIRECTION ( 'NONE',  ( 0.0000000000000000000, 0.0000000000000000000, -1.000000000000000000 ) ) ;
#3261 = CARTESIAN_POINT ( 'NONE',  ( -7.000000000000001800, -24.60000000140966100, 3.418952401158941200 ) ) ;
#3262 = VECTOR ( 'NONE', #4594, 1000.000000000000000 ) ;
#3263 =( GEOMETRIC_REPRESENTATION_CONTEXT ( 3 ) GLOBAL_UNCERTAINTY_ASSIGNED_CONTEXT ( ( #2568 ) ) GLOBAL_UNIT_ASSIGNED_CONTEXT ( ( #1602, #5545, #2176 ) ) REPRESENTATION_CONTEXT ( 'NONE', 'WORKASPACE' ) );
#3264 = AXIS2_PLACEMENT_3D ( 'NONE', #5234, #5801, #2429 ) ;
#3265 = ORIENTED_EDGE ( 'NONE', *, *, #483, .F. ) ;
#3266 = FACE_OUTER_BOUND ( 'NONE', #3283, .T. ) ;
#3267 = VECTOR ( 'NONE', #5090, 1000.000000000000000 ) ;
#3268 = DIRECTION ( 'NONE',  ( -1.284980352575413200E-016, -1.000000000000000000, 0.0000000000000000000 ) ) ;
#3269 = CARTESIAN_POINT ( 'NONE',  ( -37.89999999999998400, 24.90000000000000200, 4.299999999999999800 ) ) ;
#3270 = CARTESIAN_POINT ( 'NONE',  ( -38.90000000000002700, -24.17999999999997100, 0.0000000000000000000 ) ) ;
#3271 =( GEOMETRIC_REPRESENTATION_CONTEXT ( 3 ) GLOBAL_UNCERTAINTY_ASSIGNED_CONTEXT ( ( #6983 ) ) GLOBAL_UNIT_ASSIGNED_CONTEXT ( ( #732, #3727, #7097 ) ) REPRESENTATION_CONTEXT ( 'NONE', 'WORKASPACE' ) );
#3272 = ORIENTED_EDGE ( 'NONE', *, *, #1459, .T. ) ;
#3273 = CARTESIAN_POINT ( 'NONE',  ( 7.000000000000000000, -25.34907461931459900, 3.293677694282700000 ) ) ;
#3274 = FILL_AREA_STYLE_COLOUR ( '', #2338 ) ;
#3275 = CARTESIAN_POINT ( 'NONE',  ( -32.10000000000000100, 25.99999999999999300, 4.850000000000000500 ) ) ;
#3276 = ORIENTED_EDGE ( 'NONE', *, *, #1876, .F. ) ;
#3277 = DIRECTION ( 'NONE',  ( -1.000000000000000000, 0.0000000000000000000, -0.0000000000000000000 ) ) ;
#3278 = DIRECTION ( 'NONE',  ( -1.000000000000000000, -4.462311192223297300E-016, 0.0000000000000000000 ) ) ;
#3279 = CARTESIAN_POINT ( 'NONE',  ( 32.09999999999998700, 26.99999999999998900, 4.850000000000000500 ) ) ;
#3280 = LINE ( 'NONE', #599, #6105 ) ;
#3281 = EDGE_CURVE ( 'NONE', #1257, #6949, #3668, .T. ) ;
#3282 = ORIENTED_EDGE ( 'NONE', *, *, #2314, .F. ) ;
#3283 = EDGE_LOOP ( 'NONE', ( #6554, #1618, #608, #2851 ) ) ;
#3284 = DIRECTION ( 'NONE',  ( -1.000000000000000000, 0.0000000000000000000, 0.0000000000000000000 ) ) ;
#3285 = VECTOR ( 'NONE', #3600, 1000.000000000000000 ) ;
#3286 = CARTESIAN_POINT ( 'NONE',  ( -39.00000000000000700, 23.45000000000000300, 1.899999999999999900 ) ) ;
#3287 = CARTESIAN_POINT ( 'NONE',  ( -38.99999999999999300, -22.54999999999999700, 1.899999999999999900 ) ) ;
#3288 = DIRECTION ( 'NONE',  ( -1.000000000000000000, 1.591489427501658100E-016, 0.0000000000000000000 ) ) ;
#3289 = SURFACE_STYLE_USAGE ( .BOTH. , #6677 ) ;
#3290 = EDGE_CURVE ( 'NONE', #240, #6950, #668, .T. ) ;
#3291 = ORIENTED_EDGE ( 'NONE', *, *, #6071, .T. ) ;
#3292 = CYLINDRICAL_SURFACE ( 'NONE', #6644, 1.000000000000000900 ) ;
#3293 = AXIS2_PLACEMENT_3D ( 'NONE', #3105, #2621, #7057 ) ;
#3294 = EDGE_CURVE ( 'NONE', #1192, #4104, #6485, .T. ) ;
#3295 = CARTESIAN_POINT ( 'NONE',  ( -27.29999999999999000, -28.19999999999999600, -13.29999999999999900 ) ) ;
#3296 = DIRECTION ( 'NONE',  ( 0.0000000000000000000, 0.0000000000000000000, 1.000000000000000000 ) ) ;
#3297 = ADVANCED_FACE ( 'NONE', ( #6307 ), #4743, .T. ) ;
#3298 = DIRECTION ( 'NONE',  ( 1.000000000000000000, -3.469446951953619300E-015, -0.0000000000000000000 ) ) ;
#3299 = CARTESIAN_POINT ( 'NONE',  ( -40.00000000000000700, 17.20000000000001400, -5.350000000000000500 ) ) ;
#3300 =( NAMED_UNIT ( * ) SI_UNIT ( $, .STERADIAN. ) SOLID_ANGLE_UNIT ( ) );
#3301 = AXIS2_PLACEMENT_3D ( 'NONE', #1621, #807, #4368 ) ;
#3302 =( NAMED_UNIT ( * ) PLANE_ANGLE_UNIT ( ) SI_UNIT ( $, .RADIAN. ) );
#3303 = LINE ( 'NONE', #209, #1833 ) ;
#3304 = SURFACE_SIDE_STYLE ('',( #5817 ) ) ;
#3305 = CARTESIAN_POINT ( 'NONE',  ( -6.999999999999994700, -27.58815242273842500, -0.1095300849482222200 ) ) ;
#3306 = CARTESIAN_POINT ( 'NONE',  ( -7.000000000000000000, -24.60000000140296500, 3.418952401161033300 ) ) ;
#3307 = EDGE_CURVE ( 'NONE', #3729, #2993, #5774, .T. ) ;
#3308 =( GEOMETRIC_REPRESENTATION_CONTEXT ( 3 ) GLOBAL_UNCERTAINTY_ASSIGNED_CONTEXT ( ( #4423 ) ) GLOBAL_UNIT_ASSIGNED_CONTEXT ( ( #1840, #5233, #6325 ) ) REPRESENTATION_CONTEXT ( 'NONE', 'WORKASPACE' ) );
#3309 = VECTOR ( 'NONE', #7155, 1000.000000000000000 ) ;
#3310 = ORIENTED_EDGE ( 'NONE', *, *, #7199, .F. ) ;
#3311 = STYLED_ITEM ( 'NONE', ( #712 ), #6951 ) ;
#3312 = ORIENTED_EDGE ( 'NONE', *, *, #1153, .T. ) ;
#3313 = AXIS2_PLACEMENT_3D ( 'NONE', #6687, #4555, #2789 ) ;
#3314 = DIRECTION ( 'NONE',  ( 0.0000000000000000000, 0.0000000000000000000, -1.000000000000000000 ) ) ;
#3315 = DIRECTION ( 'NONE',  ( -0.0000000000000000000, 0.0000000000000000000, -1.000000000000000000 ) ) ;
#3316 = EDGE_CURVE ( 'NONE', #433, #4288, #2955, .T. ) ;
#3317 = LINE ( 'NONE', #6287, #4670 ) ;
#3318 = ORIENTED_EDGE ( 'NONE', *, *, #409, .F. ) ;
#3319 = DIRECTION ( 'NONE',  ( 0.0000000000000000000, 0.0000000000000000000, -1.000000000000000000 ) ) ;
#3320 = PRESENTATION_LAYER_ASSIGNMENT (  '', '', ( #2573 ) ) ;
#3321 = LINE ( 'NONE', #3387, #5785 ) ;
#3322 = VECTOR ( 'NONE', #949, 1000.000000000000000 ) ;
#3323 = DIRECTION ( 'NONE',  ( 0.0000000000000000000, 0.0000000000000000000, -1.000000000000000000 ) ) ;
#3324 = EDGE_LOOP ( 'NONE', ( #6814, #984, #6626, #4727 ) ) ;
#3325 = SURFACE_SIDE_STYLE ('',( #900 ) ) ;
#3326 = VERTEX_POINT ( 'NONE', #148 ) ;
#3327 = PRESENTATION_LAYER_ASSIGNMENT (  '', '', ( #3840 ) ) ;
#3328 = UNCERTAINTY_MEASURE_WITH_UNIT (LENGTH_MEASURE( 1.000000000000000100E-005 ), #2182, 'distance_accuracy_value', 'NONE');
#3329 = LINE ( 'NONE', #1638, #340 ) ;
#3330 = AXIS2_PLACEMENT_3D ( 'NONE', #3563, #4183, #6199 ) ;
#3331 = FILL_AREA_STYLE_COLOUR ( '', #2836 ) ;
#3332 = SURFACE_STYLE_USAGE ( .BOTH. , #4946 ) ;
#3333 = ORIENTED_EDGE ( 'NONE', *, *, #4169, .T. ) ;
#3334 = CARTESIAN_POINT ( 'NONE',  ( -32.37999999999998800, -28.19999999999999600, 0.2000000000000000900 ) ) ;
#3335 = SURFACE_SIDE_STYLE ('',( #6713 ) ) ;
#3336 = ORIENTED_EDGE ( 'NONE', *, *, #6055, .F. ) ;
#3337 = AXIS2_PLACEMENT_3D ( 'NONE', #5611, #461, #7189 ) ;
#3338 = ADVANCED_FACE ( 'NONE', ( #1289 ), #3400, .F. ) ;
#3339 = MANIFOLD_SOLID_BREP ( 'Boss-Extrude16[2]', #4209 ) ;
#3340 = AXIS2_PLACEMENT_3D ( 'NONE', #2667, #6617, #3219 ) ;
#3341 = EDGE_CURVE ( 'NONE', #6823, #1752, #2251, .T. ) ;
#3342 = ORIENTED_EDGE ( 'NONE', *, *, #6073, .F. ) ;
#3343 = AXIS2_PLACEMENT_3D ( 'NONE', #643, #1247, #5192 ) ;
#3344 = DIRECTION ( 'NONE',  ( 0.0000000000000000000, -0.0000000000000000000, -1.000000000000000000 ) ) ;
#3345 = SURFACE_STYLE_FILL_AREA ( #1389 ) ;
#3346 = ORIENTED_EDGE ( 'NONE', *, *, #6289, .T. ) ;
#3347 = PLANE ( 'NONE',  #1589 ) ;
#3348 = LINE ( 'NONE', #4269, #6167 ) ;
#3349 = DIRECTION ( 'NONE',  ( 0.0000000000000000000, 0.0000000000000000000, -1.000000000000000000 ) ) ;
#3350 = CARTESIAN_POINT ( 'NONE',  ( 7.000000000000000900, -22.83165912649420900, 3.800000000159908800 ) ) ;
#3351 = PRESENTATION_STYLE_ASSIGNMENT (( #1198 ) ) ;
#3352 =( GEOMETRIC_REPRESENTATION_CONTEXT ( 3 ) GLOBAL_UNCERTAINTY_ASSIGNED_CONTEXT ( ( #2194 ) ) GLOBAL_UNIT_ASSIGNED_CONTEXT ( ( #5612, #2579, #3988 ) ) REPRESENTATION_CONTEXT ( 'NONE', 'WORKASPACE' ) );
#3353 = CIRCLE ( 'NONE', #3155, 1.000000000000000900 ) ;
#3354 = DIRECTION ( 'NONE',  ( 1.000000000000000000, -1.284980352575412900E-016, -0.0000000000000000000 ) ) ;
#3355 = VECTOR ( 'NONE', #2969, 1000.000000000000000 ) ;
#3356 = SURFACE_STYLE_USAGE ( .BOTH. , #6690 ) ;
#3357 = CARTESIAN_POINT ( 'NONE',  ( 0.0000000000000000000, 0.0000000000000000000, 4.299999999999999800 ) ) ;
#3358 = CARTESIAN_POINT ( 'NONE',  ( -40.00000000000000700, 22.20000000000001400, -5.350000000000000500 ) ) ;
#3359 = DIRECTION ( 'NONE',  ( 0.0000000000000000000, -0.0000000000000000000, 1.000000000000000000 ) ) ;
#3360 = VERTEX_POINT ( 'NONE', #260 ) ;
#3361 = PRESENTATION_STYLE_ASSIGNMENT (( #3161 ) ) ;
#3362 = CARTESIAN_POINT ( 'NONE',  ( -6.999999999999994700, -25.71387636285662400, -1.306407278796765500 ) ) ;
#3363 = UNCERTAINTY_MEASURE_WITH_UNIT (LENGTH_MEASURE( 1.000000000000000100E-005 ), #3149, 'distance_accuracy_value', 'NONE');
#3364 = CARTESIAN_POINT ( 'NONE',  ( -40.00000000000000700, 12.00000000000000400, 4.850000000000000500 ) ) ;
#3365 = CARTESIAN_POINT ( 'NONE',  ( -40.00000000000000700, -26.99999999999999600, 1.899999999999999900 ) ) ;
#3366 = ORIENTED_EDGE ( 'NONE', *, *, #1652, .T. ) ;
#3367 =( LENGTH_UNIT ( ) NAMED_UNIT ( * ) SI_UNIT ( .MILLI., .METRE. ) );
#3368 = EDGE_CURVE ( 'NONE', #6642, #2764, #4564, .T. ) ;
#3369 = ADVANCED_FACE ( 'NONE', ( #6570 ), #6068, .T. ) ;
#3370 = COLOUR_RGB ( '',0.8039215686274510100, 0.4980392156862745200, 0.1960784313725490200 ) ;
#3371 =( LENGTH_UNIT ( ) NAMED_UNIT ( * ) SI_UNIT ( .MILLI., .METRE. ) );
#3372 = PLANE ( 'NONE',  #2485 ) ;
#3373 = VERTEX_POINT ( 'NONE', #5891 ) ;
#3374 = ADVANCED_FACE ( 'NONE', ( #4604 ), #361, .F. ) ;
#3375 = CARTESIAN_POINT ( 'NONE',  ( 38.99999999999997200, 16.20000000000000600, -0.6500000000000008000 ) ) ;
#3376 = ORIENTED_EDGE ( 'NONE', *, *, #4069, .F. ) ;
#3377 = STYLED_ITEM ( 'NONE', ( #4016 ), #5705 ) ;
#3378 =( NAMED_UNIT ( * ) SI_UNIT ( $, .STERADIAN. ) SOLID_ANGLE_UNIT ( ) );
#3379 = SURFACE_SIDE_STYLE ('',( #7261 ) ) ;
#3380 = SURFACE_STYLE_FILL_AREA ( #1620 ) ;
#3381 = CARTESIAN_POINT ( 'NONE',  ( 28.49999999999998200, -24.00000000000000000, -0.7999999999999999300 ) ) ;
#3382 = ORIENTED_EDGE ( 'NONE', *, *, #3368, .T. ) ;
#3383 = ORIENTED_EDGE ( 'NONE', *, *, #2438, .T. ) ;
#3384 = ORIENTED_EDGE ( 'NONE', *, *, #4581, .F. ) ;
#3385 = CARTESIAN_POINT ( 'NONE',  ( 27.04499999999999100, -28.19999999999999600, -13.29999999999999900 ) ) ;
#3386 = VECTOR ( 'NONE', #5655, 1000.000000000000000 ) ;
#3387 = CARTESIAN_POINT ( 'NONE',  ( -39.00000000000000700, 17.20000000000001000, -3.850000000000000500 ) ) ;
#3388 = ORIENTED_EDGE ( 'NONE', *, *, #2199, .T. ) ;
#3389 = VECTOR ( 'NONE', #736, 1000.000000000000000 ) ;
#3390 = ORIENTED_EDGE ( 'NONE', *, *, #146, .F. ) ;
#3391 = PRESENTATION_LAYER_ASSIGNMENT (  '', '', ( #3775 ) ) ;
#3392 =( NAMED_UNIT ( * ) SI_UNIT ( $, .STERADIAN. ) SOLID_ANGLE_UNIT ( ) );
#3393 = PLANE ( 'NONE',  #2658 ) ;
#3394 =( NAMED_UNIT ( * ) PLANE_ANGLE_UNIT ( ) SI_UNIT ( $, .RADIAN. ) );
#3395 = DIRECTION ( 'NONE',  ( -0.0000000000000000000, -0.0000000000000000000, -1.000000000000000000 ) ) ;
#3396 = DIRECTION ( 'NONE',  ( -1.000000000000000000, 0.0000000000000000000, 0.0000000000000000000 ) ) ;
#3397 = VECTOR ( 'NONE', #3915, 1000.000000000000000 ) ;
#3398 = VERTEX_POINT ( 'NONE', #1949 ) ;
#3399 = CLOSED_SHELL ( 'NONE', ( #1609, #1007, #4870, #2893, #3338, #2020 ) ) ;
#3400 = PLANE ( 'NONE',  #4203 ) ;
#3401 = EDGE_CURVE ( 'NONE', #5990, #1405, #4779, .T. ) ;
#3402 = SURFACE_STYLE_FILL_AREA ( #4800 ) ;
#3403 = CARTESIAN_POINT ( 'NONE',  ( 38.90000000000003400, 25.99999999999998900, 4.299999999999999800 ) ) ;
#3404 = CARTESIAN_POINT ( 'NONE',  ( -7.000000000000000000, -24.59999999999999800, 3.523828854549352100 ) ) ;
#3405 = VERTEX_POINT ( 'NONE', #915 ) ;
#3406 = ADVANCED_FACE ( 'NONE', ( #1777 ), #6886, .F. ) ;
#3407 = LINE ( 'NONE', #3445, #2705 ) ;
#3408 = ADVANCED_FACE ( 'NONE', ( #256 ), #1441, .F. ) ;
#3409 = ORIENTED_EDGE ( 'NONE', *, *, #875, .F. ) ;
#3410 = AXIS2_PLACEMENT_3D ( 'NONE', #6227, #3992, #5692 ) ;
#3411 = PRESENTATION_STYLE_ASSIGNMENT (( #3592 ) ) ;
#3412 = CARTESIAN_POINT ( 'NONE',  ( 35.99999999999999300, -24.37999999999999200, -2.149999999999999900 ) ) ;
#3413 = MECHANICAL_DESIGN_GEOMETRIC_PRESENTATION_REPRESENTATION (  '', ( #2285 ), #3798 ) ;
#3414 = CARTESIAN_POINT ( 'NONE',  ( 0.0000000000000000000, 0.0000000000000000000, 4.850000000000000500 ) ) ;
#3415 = ORIENTED_EDGE ( 'NONE', *, *, #1996, .F. ) ;
#3416 =( LENGTH_UNIT ( ) NAMED_UNIT ( * ) SI_UNIT ( .MILLI., .METRE. ) );
#3417 = PRESENTATION_STYLE_ASSIGNMENT (( #3732 ) ) ;
#3418 =( LENGTH_UNIT ( ) NAMED_UNIT ( * ) SI_UNIT ( .MILLI., .METRE. ) );
#3419 = LINE ( 'NONE', #7117, #1755 ) ;
#3420 = PLANE ( 'NONE',  #916 ) ;
#3421 = LINE ( 'NONE', #5006, #2111 ) ;
#3422 = AXIS2_PLACEMENT_3D ( 'NONE', #11, #5650, #1713 ) ;
#3423 = ORIENTED_EDGE ( 'NONE', *, *, #4480, .T. ) ;
#3424 =( NAMED_UNIT ( * ) PLANE_ANGLE_UNIT ( ) SI_UNIT ( $, .RADIAN. ) );
#3425 = UNCERTAINTY_MEASURE_WITH_UNIT (LENGTH_MEASURE( 1.000000000000000100E-005 ), #3416, 'distance_accuracy_value', 'NONE');
#3426 = FILL_AREA_STYLE_COLOUR ( '', #4493 ) ;
#3427 = CARTESIAN_POINT ( 'NONE',  ( -40.00000000000000700, 22.20000000000001400, -5.350000000000000500 ) ) ;
#3428 = EDGE_CURVE ( 'NONE', #4500, #131, #2032, .T. ) ;
#3429 = CARTESIAN_POINT ( 'NONE',  ( 38.89999999999996300, -18.50000000000001100, 4.599999999999999600 ) ) ;
#3430 = VECTOR ( 'NONE', #6178, 1000.000000000000000 ) ;
#3431 = ORIENTED_EDGE ( 'NONE', *, *, #4051, .T. ) ;
#3432 = EDGE_LOOP ( 'NONE', ( #796, #2454 ) ) ;
#3433 = AXIS2_PLACEMENT_3D ( 'NONE', #4428, #1038, #7238 ) ;
#3434 = CARTESIAN_POINT ( 'NONE',  ( -7.000000000000000000, -22.90724480078917200, -0.7999999999999999300 ) ) ;
#3435 = DIRECTION ( 'NONE',  ( 0.0000000000000000000, -1.000000000000000000, 0.0000000000000000000 ) ) ;
#3436 = CARTESIAN_POINT ( 'NONE',  ( 30.09499999999998800, -28.19999999999999600, 0.2000000000000000900 ) ) ;
#3437 = DIRECTION ( 'NONE',  ( 0.0000000000000000000, 0.0000000000000000000, -1.000000000000000000 ) ) ;
#3438 = ORIENTED_EDGE ( 'NONE', *, *, #760, .T. ) ;
#3439 = EDGE_CURVE ( 'NONE', #191, #297, #6339, .T. ) ;
#3440 = CARTESIAN_POINT ( 'NONE',  ( 7.000000000000000000, -24.66178007831438600, -1.323920199351380300 ) ) ;
#3441 = EDGE_CURVE ( 'NONE', #6436, #4384, #522, .T. ) ;
#3442 = EDGE_LOOP ( 'NONE', ( #3738, #6252, #7134, #2394 ) ) ;
#3443 = DIRECTION ( 'NONE',  ( -0.0000000000000000000, -0.0000000000000000000, 1.000000000000000000 ) ) ;
#3444 = DIRECTION ( 'NONE',  ( 1.000000000000000000, 0.0000000000000000000, 0.0000000000000000000 ) ) ;
#3445 = CARTESIAN_POINT ( 'NONE',  ( -38.90000000000002700, -24.17999999999997100, -0.5999999999999999800 ) ) ;
#3446 = COLOUR_RGB ( '',1.000000000000000000, 1.000000000000000000, 1.000000000000000000 ) ;
#3447 = DIRECTION ( 'NONE',  ( 1.000000000000000000, 0.0000000000000000000, -0.0000000000000000000 ) ) ;
#3448 = SURFACE_STYLE_FILL_AREA ( #5217 ) ;
#3449 = STYLED_ITEM ( 'NONE', ( #6779 ), #1453 ) ;
#3450 = VERTEX_POINT ( 'NONE', #7016 ) ;
#3451 = PLANE ( 'NONE',  #2191 ) ;
#3452 = EDGE_CURVE ( 'NONE', #4986, #2827, #6161, .T. ) ;
#3453 = VECTOR ( 'NONE', #1385, 1000.000000000000000 ) ;
#3454 = DIRECTION ( 'NONE',  ( -0.0000000000000000000, -1.000000000000000000, -0.0000000000000000000 ) ) ;
#3455 = ADVANCED_FACE ( 'NONE', ( #348 ), #1137, .T. ) ;
#3456 = SURFACE_STYLE_USAGE ( .BOTH. , #63 ) ;
#3457 = SURFACE_STYLE_FILL_AREA ( #498 ) ;
#3458 = EDGE_CURVE ( 'NONE', #2076, #65, #7126, .T. ) ;
#3459 = VERTEX_POINT ( 'NONE', #2964 ) ;
#3460 = PRESENTATION_STYLE_ASSIGNMENT (( #6876 ) ) ;
#3461 = DIRECTION ( 'NONE',  ( 0.0000000000000000000, 0.0000000000000000000, -1.000000000000000000 ) ) ;
#3462 = CARTESIAN_POINT ( 'NONE',  ( -40.00000000000000700, -3.999999999999993300, 4.850000000000000500 ) ) ;
#3463 = LINE ( 'NONE', #4824, #466 ) ;
#3464 = ORIENTED_EDGE ( 'NONE', *, *, #803, .T. ) ;
#3465 = FILL_AREA_STYLE_COLOUR ( '', #5758 ) ;
#3466 = AXIS2_PLACEMENT_3D ( 'NONE', #1173, #5124, #1869 ) ;
#3467 = CARTESIAN_POINT ( 'NONE',  ( 7.000000000000000900, -23.16467137658341000, -0.7999999999999999300 ) ) ;
#3468 = ORIENTED_EDGE ( 'NONE', *, *, #7038, .T. ) ;
#3469 = EDGE_LOOP ( 'NONE', ( #6221, #6047, #3222, #4982 ) ) ;
#3470 = DIRECTION ( 'NONE',  ( 1.000000000000000000, -0.0000000000000000000, -0.0000000000000000000 ) ) ;
#3471 =( GEOMETRIC_REPRESENTATION_CONTEXT ( 3 ) GLOBAL_UNCERTAINTY_ASSIGNED_CONTEXT ( ( #3363 ) ) GLOBAL_UNIT_ASSIGNED_CONTEXT ( ( #3149, #3120, #2722 ) ) REPRESENTATION_CONTEXT ( 'NONE', 'WORKASPACE' ) );
#3472 = EDGE_CURVE ( 'NONE', #4880, #4771, #2631, .T. ) ;
#3473 = CARTESIAN_POINT ( 'NONE',  ( -40.00000000000000700, 23.20000000000001700, -0.6500000000000000200 ) ) ;
#3474 = DIRECTION ( 'NONE',  ( -0.0000000000000000000, 1.000000000000000000, -0.0000000000000000000 ) ) ;
#3475 = ORIENTED_EDGE ( 'NONE', *, *, #530, .F. ) ;
#3476 = ORIENTED_EDGE ( 'NONE', *, *, #5353, .T. ) ;
#3477 = CARTESIAN_POINT ( 'NONE',  ( 32.09999999999998700, 26.99999999999998900, 1.899999999999999900 ) ) ;
#3478 = DIRECTION ( 'NONE',  ( 0.0000000000000000000, 0.0000000000000000000, -1.000000000000000000 ) ) ;
#3479 = UNCERTAINTY_MEASURE_WITH_UNIT (LENGTH_MEASURE( 1.000000000000000100E-005 ), #7282, 'distance_accuracy_value', 'NONE');
#3480 = PLANE ( 'NONE',  #6580 ) ;
#3481 = ORIENTED_EDGE ( 'NONE', *, *, #2680, .F. ) ;
#3482 = FILL_AREA_STYLE_COLOUR ( '', #5189 ) ;
#3483 =( NAMED_UNIT ( * ) PLANE_ANGLE_UNIT ( ) SI_UNIT ( $, .RADIAN. ) );
#3484 =( GEOMETRIC_REPRESENTATION_CONTEXT ( 3 ) GLOBAL_UNCERTAINTY_ASSIGNED_CONTEXT ( ( #5926 ) ) GLOBAL_UNIT_ASSIGNED_CONTEXT ( ( #4850, #2043, #5419 ) ) REPRESENTATION_CONTEXT ( 'NONE', 'WORKASPACE' ) );
#3485 = ORIENTED_EDGE ( 'NONE', *, *, #262, .T. ) ;
#3486 = CARTESIAN_POINT ( 'NONE',  ( 38.99999999999998600, 23.44999999999998900, 1.899999999999999900 ) ) ;
#3487 = CARTESIAN_POINT ( 'NONE',  ( -39.00000000000000000, 27.00000000000000400, 0.0000000000000000000 ) ) ;
#3488 = FACE_OUTER_BOUND ( 'NONE', #624, .T. ) ;
#3489 = AXIS2_PLACEMENT_3D ( 'NONE', #3740, #5984, #4883 ) ;
#3490 = CARTESIAN_POINT ( 'NONE',  ( 35.50000000000000000, -6.499999999999995600, -0.5999999999999999800 ) ) ;
#3491 = LINE ( 'NONE', #4031, #314 ) ;
#3492 = CARTESIAN_POINT ( 'NONE',  ( -39.00000000000000700, 16.20000000000001700, -0.6500000000000008000 ) ) ;
#3493 = SURFACE_STYLE_FILL_AREA ( #199 ) ;
#3494 = CARTESIAN_POINT ( 'NONE',  ( -39.00000000000000000, -19.54999999999999700, 4.850000000000000500 ) ) ;
#3495 = STYLED_ITEM ( 'NONE', ( #3351 ), #383 ) ;
#3496 = EDGE_CURVE ( 'NONE', #4873, #3621, #6958, .T. ) ;
#3497 = UNCERTAINTY_MEASURE_WITH_UNIT (LENGTH_MEASURE( 1.000000000000000100E-005 ), #2349, 'distance_accuracy_value', 'NONE');
#3498 = ORIENTED_EDGE ( 'NONE', *, *, #5723, .F. ) ;
#3499 = CARTESIAN_POINT ( 'NONE',  ( 22.47499999999998700, -28.19999999999999600, -13.29999999999999900 ) ) ;
#3500 = FILL_AREA_STYLE ('',( #113 ) ) ;
#3501 = CARTESIAN_POINT ( 'NONE',  ( 36.10000000000000100, -24.17999999999999300, -0.0000000000000000000 ) ) ;
#3502 = DIRECTION ( 'NONE',  ( -0.0000000000000000000, -0.0000000000000000000, -1.000000000000000000 ) ) ;
#3503 = EDGE_CURVE ( 'NONE', #6976, #3450, #3965, .T. ) ;
#3504 = ORIENTED_EDGE ( 'NONE', *, *, #6123, .T. ) ;
#3505 = FACE_OUTER_BOUND ( 'NONE', #556, .T. ) ;
#3506 = EDGE_CURVE ( 'NONE', #2993, #2986, #5472, .T. ) ;
#3507 = SURFACE_SIDE_STYLE ('',( #5651 ) ) ;
#3508 =( LENGTH_UNIT ( ) NAMED_UNIT ( * ) SI_UNIT ( .MILLI., .METRE. ) );
#3509 = SURFACE_SIDE_STYLE ('',( #3973 ) ) ;
#3510 = SURFACE_STYLE_FILL_AREA ( #2434 ) ;
#3511 =( NAMED_UNIT ( * ) PLANE_ANGLE_UNIT ( ) SI_UNIT ( $, .RADIAN. ) );
#3512 = VERTEX_POINT ( 'NONE', #5719 ) ;
#3513 = ORIENTED_EDGE ( 'NONE', *, *, #537, .T. ) ;
#3514 = LINE ( 'NONE', #1551, #5019 ) ;
#3515 = EDGE_LOOP ( 'NONE', ( #3333, #2677, #5360, #1475 ) ) ;
#3516 = DIRECTION ( 'NONE',  ( -1.000000000000000000, 0.0000000000000000000, 0.0000000000000000000 ) ) ;
#3517 =( NAMED_UNIT ( * ) PLANE_ANGLE_UNIT ( ) SI_UNIT ( $, .RADIAN. ) );
#3518 = DIRECTION ( 'NONE',  ( -1.000000000000000000, 0.0000000000000000000, 0.0000000000000000000 ) ) ;
#3519 = CARTESIAN_POINT ( 'NONE',  ( 7.000000000000000000, -25.33035709902910100, 3.190937747002674700 ) ) ;
#3520 = STYLED_ITEM ( 'NONE', ( #588 ), #5636 ) ;
#3521 = VERTEX_POINT ( 'NONE', #1254 ) ;
#3522 = COLOUR_RGB ( '',1.000000000000000000, 1.000000000000000000, 1.000000000000000000 ) ;
#3523 = CARTESIAN_POINT ( 'NONE',  ( 38.89999999999996300, -18.50000000000001100, 3.799999999999999800 ) ) ;
#3524 = DIRECTION ( 'NONE',  ( -0.0000000000000000000, 0.0000000000000000000, -1.000000000000000000 ) ) ;
#3525 = VECTOR ( 'NONE', #3127, 1000.000000000000000 ) ;
#3526 = ADVANCED_FACE ( 'NONE', ( #2287 ), #4660, .F. ) ;
#3527 = PRESENTATION_STYLE_ASSIGNMENT (( #3055 ) ) ;
#3528 = ORIENTED_EDGE ( 'NONE', *, *, #6903, .F. ) ;
#3529 = CARTESIAN_POINT ( 'NONE',  ( -19.67999999999998900, -28.19999999999999900, 0.2000000000000000900 ) ) ;
#3530 = DIRECTION ( 'NONE',  ( -0.0000000000000000000, 0.0000000000000000000, -1.000000000000000000 ) ) ;
#3531 = ORIENTED_EDGE ( 'NONE', *, *, #4759, .F. ) ;
#3532 = DIRECTION ( 'NONE',  ( -0.0000000000000000000, 0.0000000000000000000, -1.000000000000000000 ) ) ;
#3533 = DIRECTION ( 'NONE',  ( 1.000000000000000000, -3.118604001756057900E-015, 0.0000000000000000000 ) ) ;
#3534 = EDGE_CURVE ( 'NONE', #2107, #2806, #5287, .T. ) ;
#3535 = VECTOR ( 'NONE', #697, 1000.000000000000000 ) ;
#3536 = MECHANICAL_DESIGN_GEOMETRIC_PRESENTATION_REPRESENTATION (  '', ( #2400 ), #3913 ) ;
#3537 = SURFACE_STYLE_FILL_AREA ( #2296 ) ;
#3538 = UNCERTAINTY_MEASURE_WITH_UNIT (LENGTH_MEASURE( 1.000000000000000100E-005 ), #2046, 'distance_accuracy_value', 'NONE');
#3539 =( GEOMETRIC_REPRESENTATION_CONTEXT ( 3 ) GLOBAL_UNCERTAINTY_ASSIGNED_CONTEXT ( ( #4601 ) ) GLOBAL_UNIT_ASSIGNED_CONTEXT ( ( #4750, #233, #746 ) ) REPRESENTATION_CONTEXT ( 'NONE', 'WORKASPACE' ) );
#3540 = ORIENTED_EDGE ( 'NONE', *, *, #4958, .T. ) ;
#3541 = FACE_OUTER_BOUND ( 'NONE', #5887, .T. ) ;
#3542 =( NAMED_UNIT ( * ) PLANE_ANGLE_UNIT ( ) SI_UNIT ( $, .RADIAN. ) );
#3543 = CIRCLE ( 'NONE', #5917, 0.5000000000000004400 ) ;
#3544 = DIRECTION ( 'NONE',  ( 0.0000000000000000000, 0.0000000000000000000, -1.000000000000000000 ) ) ;
#3545 = ORIENTED_EDGE ( 'NONE', *, *, #1276, .F. ) ;
#3546 = EDGE_CURVE ( 'NONE', #1824, #2764, #773, .T. ) ;
#3547 = CARTESIAN_POINT ( 'NONE',  ( 32.37999999999998800, -28.19999999999999600, -13.29999999999999900 ) ) ;
#3548 = DIRECTION ( 'NONE',  ( 1.000000000000000000, -2.701009694008263800E-016, 0.0000000000000000000 ) ) ;
#3549 = AXIS2_PLACEMENT_3D ( 'NONE', #1163, #592, #3396 ) ;
#3550 = CARTESIAN_POINT ( 'NONE',  ( -39.00000000000000000, -19.54999999999999700, 4.850000000000000500 ) ) ;
#3551 = DIRECTION ( 'NONE',  ( -0.0000000000000000000, -0.0000000000000000000, 1.000000000000000000 ) ) ;
#3552 = PRESENTATION_STYLE_ASSIGNMENT (( #6898 ) ) ;
#3553 = ORIENTED_EDGE ( 'NONE', *, *, #4199, .T. ) ;
#3554 = ORIENTED_EDGE ( 'NONE', *, *, #1830, .T. ) ;
#3555 = CARTESIAN_POINT ( 'NONE',  ( 7.000000000000000900, -22.83165912628943800, 3.800000000184947000 ) ) ;
#3556 = STYLED_ITEM ( 'NONE', ( #6606 ), #1727 ) ;
#3557 = CARTESIAN_POINT ( 'NONE',  ( -32.12499999999998600, -28.19999999999999600, -13.29999999999999900 ) ) ;
#3558 = AXIS2_PLACEMENT_3D ( 'NONE', #5605, #2219, #6155 ) ;
#3559 = CARTESIAN_POINT ( 'NONE',  ( -6.999999999999994700, -27.91544923818409500, 1.268894953814910100 ) ) ;
#3560 = ORIENTED_EDGE ( 'NONE', *, *, #1679, .T. ) ;
#3561 = CARTESIAN_POINT ( 'NONE',  ( 38.90000000000000600, 25.90000000000000600, 3.799999999999999800 ) ) ;
#3562 = ORIENTED_EDGE ( 'NONE', *, *, #1905, .F. ) ;
#3563 = CARTESIAN_POINT ( 'NONE',  ( -40.00000000000000700, 27.00000000000000400, 1.899999999999999900 ) ) ;
#3564 = CLOSED_SHELL ( 'NONE', ( #383, #154, #5942, #6815, #1727, #2205, #5606, #3212, #3408, #2064, #4351, #4577, #4042, #6441, #3859, #703, #2929, #3255, #4096, #7108, #3406, #573 ) ) ;
#3565 = PRESENTATION_LAYER_ASSIGNMENT (  '', '', ( #3166 ) ) ;
#3566 =( NAMED_UNIT ( * ) SI_UNIT ( $, .STERADIAN. ) SOLID_ANGLE_UNIT ( ) );
#3567 = LINE ( 'NONE', #4359, #6558 ) ;
#3568 = SURFACE_STYLE_USAGE ( .BOTH. , #2997 ) ;
#3569 = UNCERTAINTY_MEASURE_WITH_UNIT (LENGTH_MEASURE( 1.000000000000000100E-005 ), #5380, 'distance_accuracy_value', 'NONE');
#3570 = LINE ( 'NONE', #4097, #2086 ) ;
#3571 = APPLICATION_PROTOCOL_DEFINITION ( 'draft international standard', 'automotive_design', 1998, #6943 ) ;
#3572 = SURFACE_STYLE_USAGE ( .BOTH. , #5139 ) ;
#3573 = AXIS2_PLACEMENT_3D ( 'NONE', #4244, #4000, #5421 ) ;
#3574 = ORIENTED_EDGE ( 'NONE', *, *, #6830, .T. ) ;
#3575 = PRESENTATION_STYLE_ASSIGNMENT (( #3084 ) ) ;
#3576 = CARTESIAN_POINT ( 'NONE',  ( -38.90000000000003400, -18.50000000000001100, 4.599999999999999600 ) ) ;
#3577 = B_SPLINE_CURVE_WITH_KNOTS ( 'NONE', 3,
 ( #3751, #3273, #4919, #5440, #6561, #6615, #2184, #1510, #4298, #4327, #402 ),
 .UNSPECIFIED., .F., .F.,
 ( 4, 1, 1, 1, 1, 1, 1, 1, 4 ),
 ( 0.3811754989484788000, 0.5000000000000000000, 0.6250000000000000000, 0.7500000000000000000, 0.8125000000000000000, 0.8750000000000000000, 0.9375000000000000000, 0.9687500000000000000, 1.000000000000000000 ),
 .UNSPECIFIED. ) ;
#3578 = PRESENTATION_STYLE_ASSIGNMENT (( #1363 ) ) ;
#3579 = STYLED_ITEM ( 'NONE', ( #6425 ), #429 ) ;
#3580 = EDGE_CURVE ( 'NONE', #1597, #5559, #6605, .T. ) ;
#3581 = EDGE_CURVE ( 'NONE', #3596, #1752, #3783, .T. ) ;
#3582 = DIRECTION ( 'NONE',  ( 1.000000000000000000, 0.0000000000000000000, -0.0000000000000000000 ) ) ;
#3583 =( NAMED_UNIT ( * ) PLANE_ANGLE_UNIT ( ) SI_UNIT ( $, .RADIAN. ) );
#3584 = SURFACE_SIDE_STYLE ('',( #1469 ) ) ;
#3585 = ORIENTED_EDGE ( 'NONE', *, *, #6335, .F. ) ;
#3586 = ORIENTED_EDGE ( 'NONE', *, *, #4214, .F. ) ;
#3587 = STYLED_ITEM ( 'NONE', ( #3208 ), #2261 ) ;
#3588 =( GEOMETRIC_REPRESENTATION_CONTEXT ( 3 ) GLOBAL_UNCERTAINTY_ASSIGNED_CONTEXT ( ( #2880 ) ) GLOBAL_UNIT_ASSIGNED_CONTEXT ( ( #6449, #1425, #5847 ) ) REPRESENTATION_CONTEXT ( 'NONE', 'WORKASPACE' ) );
#3589 = LINE ( 'NONE', #876, #6392 ) ;
#3590 = SURFACE_SIDE_STYLE ('',( #3493 ) ) ;
#3591 =( LENGTH_UNIT ( ) NAMED_UNIT ( * ) SI_UNIT ( .MILLI., .METRE. ) );
#3592 = SURFACE_STYLE_USAGE ( .BOTH. , #6907 ) ;
#3593 = DIRECTION ( 'NONE',  ( -0.0000000000000000000, -0.0000000000000000000, 1.000000000000000000 ) ) ;
#3594 = CLOSED_SHELL ( 'NONE', ( #1841, #1046, #1726, #1939, #5395, #4239, #6670, #3176, #2605, #1203, #1087, #2261, #5907, #5081, #1803, #4497, #5048, #5638, #7273, #5526, #6147, #973, #6177, #4007, #6636, #6742, #3716, #2347, #3526, #6711, #313, #6594, #6772, #6108, #6480, #5672, #1338, #6934, #2829, #4307, #3636, #2786, #6519, #639, #571, #3107, #34, #7139, #4156, #2171, #5014, #857, #2966, #6062, #602, #3374, #4941, #308, #3897, #7073, #3972, #5568, #2636, #6391, #2713, #4805, #6775, #1563, #4040, #3930, #3143, #6855, #2675, #5769, #1646, #2571, #1762, #3788, #2826, #603, #5266, #3919, #2265, #1491, #1243, #4382, #4792, #2234, #1453 ) ) ;
#3595 = VECTOR ( 'NONE', #6246, 1000.000000000000000 ) ;
#3596 = VERTEX_POINT ( 'NONE', #726 ) ;
#3597 = AXIS2_PLACEMENT_3D ( 'NONE', #6648, #484, #4010 ) ;
#3598 = VECTOR ( 'NONE', #263, 1000.000000000000000 ) ;
#3599 = UNCERTAINTY_MEASURE_WITH_UNIT (LENGTH_MEASURE( 1.000000000000000100E-005 ), #6358, 'distance_accuracy_value', 'NONE');
#3600 = DIRECTION ( 'NONE',  ( -0.0000000000000000000, -0.0000000000000000000, 1.000000000000000000 ) ) ;
#3601 = ORIENTED_EDGE ( 'NONE', *, *, #2561, .F. ) ;
#3602 = LINE ( 'NONE', #922, #5275 ) ;
#3603 = CARTESIAN_POINT ( 'NONE',  ( -35.79999999999999700, -29.99999999999998600, -0.5999999999999999800 ) ) ;
#3604 = FACE_OUTER_BOUND ( 'NONE', #6190, .T. ) ;
#3605 = DIRECTION ( 'NONE',  ( 1.000000000000000000, 0.0000000000000000000, 0.0000000000000000000 ) ) ;
#3606 = EDGE_CURVE ( 'NONE', #6940, #1139, #4935, .T. ) ;
#3607 = ORIENTED_EDGE ( 'NONE', *, *, #1282, .F. ) ;
#3608 = ORIENTED_EDGE ( 'NONE', *, *, #4734, .T. ) ;
#3609 = CARTESIAN_POINT ( 'NONE',  ( -30.09499999999998800, -28.19999999999999600, 0.2000000000000000900 ) ) ;
#3610 = EDGE_LOOP ( 'NONE', ( #3513, #4573, #1971, #197 ) ) ;
#3611 = FILL_AREA_STYLE_COLOUR ( '', #6021 ) ;
#3612 = LINE ( 'NONE', #5013, #2118 ) ;
#3613 = FACE_OUTER_BOUND ( 'NONE', #6292, .T. ) ;
#3614 = EDGE_LOOP ( 'NONE', ( #414, #978 ) ) ;
#3615 = ORIENTED_EDGE ( 'NONE', *, *, #904, .T. ) ;
#3616 = CARTESIAN_POINT ( 'NONE',  ( -50.00000000000000700, 23.20000000000001700, -2.149999999999999900 ) ) ;
#3617 =( NAMED_UNIT ( * ) PLANE_ANGLE_UNIT ( ) SI_UNIT ( $, .RADIAN. ) );
#3618 = DIRECTION ( 'NONE',  ( 0.0000000000000000000, 0.0000000000000000000, -1.000000000000000000 ) ) ;
#3619 = SURFACE_STYLE_FILL_AREA ( #7145 ) ;
#3620 = DIRECTION ( 'NONE',  ( -1.000000000000000000, 0.0000000000000000000, 0.0000000000000000000 ) ) ;
#3621 = VERTEX_POINT ( 'NONE', #1195 ) ;
#3622 = CIRCLE ( 'NONE', #3183, 1.000000000000000900 ) ;
#3623 = AXIS2_PLACEMENT_3D ( 'NONE', #2922, #2193, #3516 ) ;
#3624 = UNCERTAINTY_MEASURE_WITH_UNIT (LENGTH_MEASURE( 1.000000000000000100E-005 ), #5496, 'distance_accuracy_value', 'NONE');
#3625 = VECTOR ( 'NONE', #3056, 1000.000000000000000 ) ;
#3626 = PLANE ( 'NONE',  #5439 ) ;
#3627 = DIRECTION ( 'NONE',  ( 0.0000000000000000000, 0.0000000000000000000, -1.000000000000000000 ) ) ;
#3628 = CYLINDRICAL_SURFACE ( 'NONE', #4933, 0.2549999999999982800 ) ;
#3629 = ORIENTED_EDGE ( 'NONE', *, *, #1448, .T. ) ;
#3630 = FACE_OUTER_BOUND ( 'NONE', #6058, .T. ) ;
#3631 = DIRECTION ( 'NONE',  ( 1.000000000000000000, 0.0000000000000000000, 0.0000000000000000000 ) ) ;
#3632 = CARTESIAN_POINT ( 'NONE',  ( 39.99999999999999300, 26.00000000000000700, 4.850000000000000500 ) ) ;
#3633 = DIRECTION ( 'NONE',  ( -1.000000000000000000, 0.0000000000000000000, -0.0000000000000000000 ) ) ;
#3634 = VECTOR ( 'NONE', #6077, 1000.000000000000000 ) ;
#3635 = UNCERTAINTY_MEASURE_WITH_UNIT (LENGTH_MEASURE( 1.000000000000000100E-005 ), #1864, 'distance_accuracy_value', 'NONE');
#3636 = ADVANCED_FACE ( 'NONE', ( #3613 ), #3945, .F. ) ;
#3637 = ORIENTED_EDGE ( 'NONE', *, *, #3184, .T. ) ;
#3638 = PLANE ( 'NONE',  #6984 ) ;
#3639 = MECHANICAL_DESIGN_GEOMETRIC_PRESENTATION_REPRESENTATION (  '', ( #2876 ), #4015 ) ;
#3640 = DIRECTION ( 'NONE',  ( -1.000000000000000000, -0.0000000000000000000, -0.0000000000000000000 ) ) ;
#3641 = CARTESIAN_POINT ( 'NONE',  ( -28.49999999999998200, -24.00000000000000000, -0.5999999999999999800 ) ) ;
#3642 = DIRECTION ( 'NONE',  ( -1.000000000000000000, 0.0000000000000000000, 0.0000000000000000000 ) ) ;
#3643 = VECTOR ( 'NONE', #1096, 1000.000000000000000 ) ;
#3644 = FILL_AREA_STYLE_COLOUR ( '', #4950 ) ;
#3645 =( NAMED_UNIT ( * ) PLANE_ANGLE_UNIT ( ) SI_UNIT ( $, .RADIAN. ) );
#3646 = EDGE_LOOP ( 'NONE', ( #5177, #3827, #768, #4026 ) ) ;
#3647 = ORIENTED_EDGE ( 'NONE', *, *, #2145, .T. ) ;
#3648 = COLOUR_RGB ( '',0.7921568627450980000, 0.8196078431372548800, 0.9333333333333333500 ) ;
#3649 = EDGE_CURVE ( 'NONE', #4718, #1674, #1938, .T. ) ;
#3650 =( NAMED_UNIT ( * ) PLANE_ANGLE_UNIT ( ) SI_UNIT ( $, .RADIAN. ) );
#3651 = DIRECTION ( 'NONE',  ( -1.000000000000000000, 0.0000000000000000000, -0.0000000000000000000 ) ) ;
#3652 = VERTEX_POINT ( 'NONE', #3375 ) ;
#3653 = DIRECTION ( 'NONE',  ( 1.284980352575412700E-016, 1.000000000000000000, -0.0000000000000000000 ) ) ;
#3654 = ORIENTED_EDGE ( 'NONE', *, *, #4829, .T. ) ;
#3655 = UNCERTAINTY_MEASURE_WITH_UNIT (LENGTH_MEASURE( 1.000000000000000100E-005 ), #472, 'distance_accuracy_value', 'NONE');
#3656 = CARTESIAN_POINT ( 'NONE',  ( 24.50499999999999200, -28.19999999999999600, -13.29999999999999900 ) ) ;
#3657 = MECHANICAL_DESIGN_GEOMETRIC_PRESENTATION_REPRESENTATION (  '', ( #6193 ), #2156 ) ;
#3658 = CARTESIAN_POINT ( 'NONE',  ( -36.50000000000000000, -6.499999999999995600, -0.5999999999999999800 ) ) ;
#3659 = VERTEX_POINT ( 'NONE', #6806 ) ;
#3660 = PRODUCT_DEFINITION ( 'UNKNOWN', '', #4030, #4979 ) ;
#3661 = EDGE_LOOP ( 'NONE', ( #517, #2240, #3745, #4249 ) ) ;
#3662 =( NAMED_UNIT ( * ) SI_UNIT ( $, .STERADIAN. ) SOLID_ANGLE_UNIT ( ) );
#3663 = DIRECTION ( 'NONE',  ( -0.0000000000000000000, -0.0000000000000000000, -1.000000000000000000 ) ) ;
#3664 = FILL_AREA_STYLE ('',( #2018 ) ) ;
#3665 = LINE ( 'NONE', #5998, #665 ) ;
#3666 = CARTESIAN_POINT ( 'NONE',  ( 39.99999999999998600, -26.99999999999999600, 1.899999999999999900 ) ) ;
#3667 = DIRECTION ( 'NONE',  ( -0.0000000000000000000, -0.0000000000000000000, 1.000000000000000000 ) ) ;
#3668 = LINE ( 'NONE', #3032, #5184 ) ;
#3669 = PLANE ( 'NONE',  #5397 ) ;
#3670 = DIRECTION ( 'NONE',  ( -4.336808689942017700E-016, -1.000000000000000000, 0.0000000000000000000 ) ) ;
#3671 = STYLED_ITEM ( 'NONE', ( #3552 ), #6670 ) ;
#3672 = CARTESIAN_POINT ( 'NONE',  ( 32.12499999999998600, -28.19999999999999600, -13.29999999999999900 ) ) ;
#3673 = ORIENTED_EDGE ( 'NONE', *, *, #3809, .T. ) ;
#3674 = ORIENTED_EDGE ( 'NONE', *, *, #4169, .F. ) ;
#3675 = STYLED_ITEM ( 'NONE', ( #2576 ), #528 ) ;
#3676 = DIRECTION ( 'NONE',  ( -0.0000000000000000000, -0.0000000000000000000, 1.000000000000000000 ) ) ;
#3677 = ADVANCED_FACE ( 'NONE', ( #6251 ), #4130, .F. ) ;
#3678 = SURFACE_SIDE_STYLE ('',( #543 ) ) ;
#3679 = MECHANICAL_DESIGN_GEOMETRIC_PRESENTATION_REPRESENTATION (  '', ( #2924 ), #4067 ) ;
#3680 = EDGE_CURVE ( 'NONE', #3405, #4273, #4227, .T. ) ;
#3681 = FILL_AREA_STYLE ('',( #5088 ) ) ;
#3682 = CARTESIAN_POINT ( 'NONE',  ( 38.99999999999998600, -19.55000000000000800, 4.850000000000000500 ) ) ;
#3683 = VECTOR ( 'NONE', #3214, 1000.000000000000000 ) ;
#3684 = CYLINDRICAL_SURFACE ( 'NONE', #306, 0.2549999999999982800 ) ;
#3685 = CARTESIAN_POINT ( 'NONE',  ( -50.00000000000000700, 22.20000000000001400, -0.6500000000000000200 ) ) ;
#3686 = LINE ( 'NONE', #7275, #1035 ) ;
#3687 = STYLED_ITEM ( 'NONE', ( #625 ), #4620 ) ;
#3688 = CARTESIAN_POINT ( 'NONE',  ( -40.00000000000000700, 27.00000000000000400, 4.850000000000000500 ) ) ;
#3689 = ORIENTED_EDGE ( 'NONE', *, *, #1028, .F. ) ;
#3690 = VECTOR ( 'NONE', #6912, 1000.000000000000000 ) ;
#3691 = DIRECTION ( 'NONE',  ( 1.000000000000000000, -0.0000000000000000000, -0.0000000000000000000 ) ) ;
#3692 = DIRECTION ( 'NONE',  ( 1.000000000000000000, 0.0000000000000000000, 0.0000000000000000000 ) ) ;
#3693 = DIRECTION ( 'NONE',  ( 1.000000000000000000, -0.0000000000000000000, 0.0000000000000000000 ) ) ;
#3694 = FILL_AREA_STYLE_COLOUR ( '', #6192 ) ;
#3695 = EDGE_CURVE ( 'NONE', #3152, #6976, #1393, .T. ) ;
#3696 = EDGE_LOOP ( 'NONE', ( #2160, #2894, #51, #1158 ) ) ;
#3697 = AXIS2_PLACEMENT_3D ( 'NONE', #4017, #2323, #5109 ) ;
#3698 = EDGE_LOOP ( 'NONE', ( #1787, #2459, #3831, #2947 ) ) ;
#3699 = FACE_OUTER_BOUND ( 'NONE', #649, .T. ) ;
#3700 = AXIS2_PLACEMENT_3D ( 'NONE', #2036, #3142, #7096 ) ;
#3701 = CYLINDRICAL_SURFACE ( 'NONE', #3159, 0.3000000000000016500 ) ;
#3702 = ORIENTED_EDGE ( 'NONE', *, *, #6924, .T. ) ;
#3703 = EDGE_CURVE ( 'NONE', #4873, #813, #5722, .T. ) ;
#3704 = SURFACE_STYLE_USAGE ( .BOTH. , #6503 ) ;
#3705 = DIRECTION ( 'NONE',  ( 1.000000000000000000, 0.0000000000000000000, 0.0000000000000000000 ) ) ;
#3706 = CARTESIAN_POINT ( 'NONE',  ( 38.99999999999995700, 22.20000000000000300, -5.350000000000000500 ) ) ;
#3707 = PLANE ( 'NONE',  #6469 ) ;
#3708 = MECHANICAL_DESIGN_GEOMETRIC_PRESENTATION_REPRESENTATION (  '', ( #2573 ), #4099 ) ;
#3709 = FACE_OUTER_BOUND ( 'NONE', #5624, .T. ) ;
#3710 = CARTESIAN_POINT ( 'NONE',  ( 19.67999999999998900, -28.19999999999999900, -13.29999999999999900 ) ) ;
#3711 = CARTESIAN_POINT ( 'NONE',  ( -40.00000000000000700, -22.54999999999999700, 4.850000000000000500 ) ) ;
#3712 = SURFACE_SIDE_STYLE ('',( #4720 ) ) ;
#3713 = CARTESIAN_POINT ( 'NONE',  ( -7.000000000000000000, -23.16467137671669700, -0.7999999999999999300 ) ) ;
#3714 = AXIS2_PLACEMENT_3D ( 'NONE', #4012, #55, #3447 ) ;
#3715 = PRESENTATION_LAYER_ASSIGNMENT (  '', '', ( #2951 ) ) ;
#3716 = ADVANCED_FACE ( 'NONE', ( #2542 ), #3626, .T. ) ;
#3717 = ORIENTED_EDGE ( 'NONE', *, *, #1282, .T. ) ;
#3718 = CARTESIAN_POINT ( 'NONE',  ( -39.00000000000000000, -24.37999999999999200, 0.0000000000000000000 ) ) ;
#3719 = DIRECTION ( 'NONE',  ( -1.000000000000000000, 0.0000000000000000000, 0.0000000000000000000 ) ) ;
#3720 =( GEOMETRIC_REPRESENTATION_CONTEXT ( 3 ) GLOBAL_UNCERTAINTY_ASSIGNED_CONTEXT ( ( #4671 ) ) GLOBAL_UNIT_ASSIGNED_CONTEXT ( ( #994, #6647, #2693 ) ) REPRESENTATION_CONTEXT ( 'NONE', 'WORKASPACE' ) );
#3721 = PRESENTATION_LAYER_ASSIGNMENT (  '', '', ( #924 ) ) ;
#3722 = SURFACE_SIDE_STYLE ('',( #356 ) ) ;
#3723 = COLOUR_RGB ( '',0.7921568627450980000, 0.8196078431372548800, 0.9333333333333333500 ) ;
#3724 = PRESENTATION_LAYER_ASSIGNMENT (  '', '', ( #2965 ) ) ;
#3725 = LINE ( 'NONE', #1856, #2224 ) ;
#3726 = PLANE ( 'NONE',  #7198 ) ;
#3727 =( NAMED_UNIT ( * ) PLANE_ANGLE_UNIT ( ) SI_UNIT ( $, .RADIAN. ) );
#3728 = LINE ( 'NONE', #669, #5240 ) ;
#3729 = VERTEX_POINT ( 'NONE', #6998 ) ;
#3730 = VERTEX_POINT ( 'NONE', #6371 ) ;
#3732 = SURFACE_STYLE_USAGE ( .BOTH. , #7213 ) ;
#3731 = CARTESIAN_POINT ( 'NONE',  ( -50.00000000000000700, 17.20000000000001700, -0.6500000000000008000 ) ) ;
#3733 = PRESENTATION_STYLE_ASSIGNMENT (( #447 ) ) ;
#3734 = PRESENTATION_LAYER_ASSIGNMENT (  '', '', ( #4123 ) ) ;
#3735 = FILL_AREA_STYLE_COLOUR ( '', #713 ) ;
#3736 = DIRECTION ( 'NONE',  ( -1.000000000000000000, 3.661685437418065000E-016, -0.0000000000000000000 ) ) ;
#3737 = DIRECTION ( 'NONE',  ( 0.0000000000000000000, 0.0000000000000000000, -1.000000000000000000 ) ) ;
#3738 = ORIENTED_EDGE ( 'NONE', *, *, #3075, .F. ) ;
#3739 = ORIENTED_EDGE ( 'NONE', *, *, #6498, .F. ) ;
#3740 = CARTESIAN_POINT ( 'NONE',  ( 28.49999999999998200, -24.00000000000000000, -0.7999999999999999300 ) ) ;
#3741 = CARTESIAN_POINT ( 'NONE',  ( -36.10000000000003000, -24.17999999999997100, -0.5999999999999999800 ) ) ;
#3742 = DIRECTION ( 'NONE',  ( -0.0000000000000000000, 0.0000000000000000000, -1.000000000000000000 ) ) ;
#3743 = LINE ( 'NONE', #6095, #3389 ) ;
#3744 = CARTESIAN_POINT ( 'NONE',  ( -29.83999999999999300, -28.19999999999999600, 0.2000000000000000900 ) ) ;
#3745 = ORIENTED_EDGE ( 'NONE', *, *, #6550, .F. ) ;
#3746 = ADVANCED_FACE ( 'NONE', ( #1040 ), #5843, .T. ) ;
#3747 = CARTESIAN_POINT ( 'NONE',  ( -14.00000000000000000, -26.99999999999998900, -0.5999999999999999800 ) ) ;
#3748 = SURFACE_STYLE_FILL_AREA ( #4817 ) ;
#3749 = EDGE_CURVE ( 'NONE', #2972, #6851, #6877, .T. ) ;
#3750 = COLOUR_RGB ( '',0.7921568627450980000, 0.8196078431372548800, 0.9333333333333333500 ) ;
#3751 = CARTESIAN_POINT ( 'NONE',  ( 7.000000000000000000, -24.59999999999999800, 3.523828854549350800 ) ) ;
#3752 =( NAMED_UNIT ( * ) SI_UNIT ( $, .STERADIAN. ) SOLID_ANGLE_UNIT ( ) );
#3753 = PRESENTATION_LAYER_ASSIGNMENT (  '', '', ( #3377 ) ) ;
#3754 = FILL_AREA_STYLE_COLOUR ( '', #6520 ) ;
#3755 = ORIENTED_EDGE ( 'NONE', *, *, #2888, .F. ) ;
#3756 = DIRECTION ( 'NONE',  ( -1.000000000000000000, -0.0000000000000000000, -0.0000000000000000000 ) ) ;
#3757 =( LENGTH_UNIT ( ) NAMED_UNIT ( * ) SI_UNIT ( .MILLI., .METRE. ) );
#3758 = CIRCLE ( 'NONE', #1524, 0.3000000000000016500 ) ;
#3759 = VERTEX_POINT ( 'NONE', #2511 ) ;
#3760 = CARTESIAN_POINT ( 'NONE',  ( -29.83999999999999300, -28.19999999999999600, 0.2000000000000000900 ) ) ;
#3761 = DIRECTION ( 'NONE',  ( -1.000000000000000000, 0.0000000000000000000, 0.0000000000000000000 ) ) ;
#3762 = DIRECTION ( 'NONE',  ( 1.000000000000000000, 0.0000000000000000000, 0.0000000000000000000 ) ) ;
#3763 = EDGE_CURVE ( 'NONE', #3205, #3181, #2721, .T. ) ;
#3764 = LINE ( 'NONE', #5659, #6583 ) ;
#3765 = CARTESIAN_POINT ( 'NONE',  ( 39.00000000000000700, -22.55000000000000800, 4.850000000000000500 ) ) ;
#3766 = LINE ( 'NONE', #6288, #6585 ) ;
#3767 = ORIENTED_EDGE ( 'NONE', *, *, #1623, .F. ) ;
#3768 = VECTOR ( 'NONE', #1002, 1000.000000000000000 ) ;
#3769 = VECTOR ( 'NONE', #1923, 1000.000000000000000 ) ;
#3770 = CARTESIAN_POINT ( 'NONE',  ( 39.99999999999999300, 27.00000000000000400, -2.149999999999999900 ) ) ;
#3771 = AXIS2_PLACEMENT_3D ( 'NONE', #4348, #6608, #5432 ) ;
#3772 = LINE ( 'NONE', #4487, #2448 ) ;
#3773 = CARTESIAN_POINT ( 'NONE',  ( -7.000000000000000900, -22.57080197071194000, 3.831896257177512600 ) ) ;
#3774 = CARTESIAN_POINT ( 'NONE',  ( 0.0000000000000000000, 0.0000000000000000000, -5.350000000000000500 ) ) ;
#3775 = STYLED_ITEM ( 'NONE', ( #2452 ), #3859 ) ;
#3776 = ORIENTED_EDGE ( 'NONE', *, *, #4612, .T. ) ;
#3777 = VECTOR ( 'NONE', #3478, 1000.000000000000000 ) ;
#3778 = LINE ( 'NONE', #6284, #6776 ) ;
#3779 = SURFACE_SIDE_STYLE ('',( #3619 ) ) ;
#3780 = CARTESIAN_POINT ( 'NONE',  ( -7.000000000000003600, -20.81951302300318200, 3.932733293972369800 ) ) ;
#3781 = EDGE_LOOP ( 'NONE', ( #631, #6488, #1302, #1741 ) ) ;
#3782 = DIRECTION ( 'NONE',  ( 1.000000000000000000, -1.284980352575413200E-016, 0.0000000000000000000 ) ) ;
#3783 = CIRCLE ( 'NONE', #882, 0.2549999999999982800 ) ;
#3784 = COLOUR_RGB ( '',0.5019607843137254800, 1.000000000000000000, 0.5019607843137254800 ) ;
#3785 = EDGE_CURVE ( 'NONE', #583, #2892, #5378, .T. ) ;
#3786 = ORIENTED_EDGE ( 'NONE', *, *, #6897, .T. ) ;
#3787 = EDGE_CURVE ( 'NONE', #2321, #5216, #3868, .T. ) ;
#3788 = ADVANCED_FACE ( 'NONE', ( #860 ), #805, .F. ) ;
#3789 = CARTESIAN_POINT ( 'NONE',  ( -7.000000000000000900, -20.84568443057522600, 3.800000003164111000 ) ) ;
#3790 = VECTOR ( 'NONE', #6758, 1000.000000000000000 ) ;
#3791 = CYLINDRICAL_SURFACE ( 'NONE', #1981, 0.3000000000000016500 ) ;
#3792 = FILL_AREA_STYLE_COLOUR ( '', #6866 ) ;
#3793 = PLANE ( 'NONE',  #891 ) ;
#3794 = FILL_AREA_STYLE ('',( #2607 ) ) ;
#3795 = ORIENTED_EDGE ( 'NONE', *, *, #1700, .T. ) ;
#3796 = MANIFOLD_SOLID_BREP ( 'Boss-Extrude7[12]', #5442 ) ;
#3797 = COLOUR_RGB ( '',1.000000000000000000, 1.000000000000000000, 1.000000000000000000 ) ;
#3798 =( GEOMETRIC_REPRESENTATION_CONTEXT ( 3 ) GLOBAL_UNCERTAINTY_ASSIGNED_CONTEXT ( ( #6323 ) ) GLOBAL_UNIT_ASSIGNED_CONTEXT ( ( #5167, #1790, #5717 ) ) REPRESENTATION_CONTEXT ( 'NONE', 'WORKASPACE' ) );
#3799 = CARTESIAN_POINT ( 'NONE',  ( 35.99999999999999300, -24.37999999999999200, -2.149999999999999900 ) ) ;
#3800 = CARTESIAN_POINT ( 'NONE',  ( 39.30000000000000400, -25.99999999999999600, -2.149999999999999900 ) ) ;
#3801 = DIRECTION ( 'NONE',  ( -0.0000000000000000000, 0.0000000000000000000, -1.000000000000000000 ) ) ;
#3802 = SURFACE_STYLE_FILL_AREA ( #2022 ) ;
#3803 = ORIENTED_EDGE ( 'NONE', *, *, #4581, .T. ) ;
#3804 = LINE ( 'NONE', #2652, #5306 ) ;
#3805 = CARTESIAN_POINT ( 'NONE',  ( 7.000000000000000000, -20.33580432443955000, 3.799999999999999400 ) ) ;
#3806 = DIRECTION ( 'NONE',  ( 1.000000000000000000, 0.0000000000000000000, -0.0000000000000000000 ) ) ;
#3807 = DIRECTION ( 'NONE',  ( -0.0000000000000000000, 1.000000000000000000, -0.0000000000000000000 ) ) ;
#3808 = VECTOR ( 'NONE', #4990, 1000.000000000000000 ) ;
#3809 = EDGE_CURVE ( 'NONE', #2384, #3233, #6154, .T. ) ;
#3810 = FILL_AREA_STYLE_COLOUR ( '', #1092 ) ;
#3811 = VERTEX_POINT ( 'NONE', #5354 ) ;
#3812 = ORIENTED_EDGE ( 'NONE', *, *, #5456, .T. ) ;
#3813 = FACE_BOUND ( 'NONE', #363, .T. ) ;
#3814 = CARTESIAN_POINT ( 'NONE',  ( -19.99999999999999600, -10.99999999999999600, -0.5999999999999999800 ) ) ;
#3815 = SURFACE_STYLE_FILL_AREA ( #4162 ) ;
#3816 = ORIENTED_EDGE ( 'NONE', *, *, #3153, .F. ) ;
#3817 = ORIENTED_EDGE ( 'NONE', *, *, #5679, .T. ) ;
#3818 = EDGE_CURVE ( 'NONE', #2381, #3326, #5208, .T. ) ;
#3819 = EDGE_LOOP ( 'NONE', ( #1575, #5210, #3974, #6198 ) ) ;
#3820 = EDGE_CURVE ( 'NONE', #4288, #890, #3146, .T. ) ;
#3821 = VECTOR ( 'NONE', #913, 1000.000000000000000 ) ;
#3822 = CARTESIAN_POINT ( 'NONE',  ( 38.89999999999999900, -24.17999999999999300, -0.0000000000000000000 ) ) ;
#3823 = STYLED_ITEM ( 'NONE', ( #3578 ), #3339 ) ;
#3824 = VECTOR ( 'NONE', #1695, 1000.000000000000000 ) ;
#3825 = DIRECTION ( 'NONE',  ( 0.0000000000000000000, 0.0000000000000000000, 1.000000000000000000 ) ) ;
#3826 = FILL_AREA_STYLE_COLOUR ( '', #3522 ) ;
#3827 = ORIENTED_EDGE ( 'NONE', *, *, #6093, .T. ) ;
#3828 = ADVANCED_FACE ( 'NONE', ( #151 ), #946, .T. ) ;
#3829 = CARTESIAN_POINT ( 'NONE',  ( -27.04499999999999100, -28.19999999999999600, 0.2000000000000000900 ) ) ;
#3830 = VERTEX_POINT ( 'NONE', #3350 ) ;
#3831 = ORIENTED_EDGE ( 'NONE', *, *, #6707, .F. ) ;
#3832 = SURFACE_STYLE_FILL_AREA ( #4299 ) ;
#3833 =( NAMED_UNIT ( * ) SI_UNIT ( $, .STERADIAN. ) SOLID_ANGLE_UNIT ( ) );
#3834 = FILL_AREA_STYLE ('',( #5519 ) ) ;
#3835 = STYLED_ITEM ( 'NONE', ( #5747 ), #4536 ) ;
#3836 = FILL_AREA_STYLE_COLOUR ( '', #7152 ) ;
#3837 = CARTESIAN_POINT ( 'NONE',  ( -36.10000000000003000, -24.47999999999997600, -0.5999999999999999800 ) ) ;
#3838 = EDGE_CURVE ( 'NONE', #286, #7060, #3955, .T. ) ;
#3839 = VERTEX_POINT ( 'NONE', #6260 ) ;
#3840 = STYLED_ITEM ( 'NONE', ( #2701 ), #2132 ) ;
#3841 = FILL_AREA_STYLE_COLOUR ( '', #4586 ) ;
#3842 = CARTESIAN_POINT ( 'NONE',  ( -38.89999999999999100, -24.60000000000000100, 1.899999999999999900 ) ) ;
#3843 = FILL_AREA_STYLE_COLOUR ( '', #3446 ) ;
#3844 = EDGE_CURVE ( 'NONE', #5213, #2837, #5464, .T. ) ;
#3845 = DIRECTION ( 'NONE',  ( -0.0000000000000000000, 1.000000000000000000, -0.0000000000000000000 ) ) ;
#3846 = DIRECTION ( 'NONE',  ( 1.000000000000000000, 4.391705002472927100E-016, 0.0000000000000000000 ) ) ;
#3847 = PLANE ( 'NONE',  #4572 ) ;
#3848 = ORIENTED_EDGE ( 'NONE', *, *, #2973, .T. ) ;
#3849 = LINE ( 'NONE', #1820, #6678 ) ;
#3850 =( NAMED_UNIT ( * ) SI_UNIT ( $, .STERADIAN. ) SOLID_ANGLE_UNIT ( ) );
#3851 = AXIS2_PLACEMENT_3D ( 'NONE', #2244, #2821, #5063 ) ;
#3852 = CARTESIAN_POINT ( 'NONE',  ( 38.89999999999989200, -18.50000000000001100, 4.299999999999999800 ) ) ;
#3853 = VECTOR ( 'NONE', #4591, 1000.000000000000000 ) ;
#3854 = ORIENTED_EDGE ( 'NONE', *, *, #5243, .F. ) ;
#3855 = DIRECTION ( 'NONE',  ( 0.0000000000000000000, 0.0000000000000000000, -1.000000000000000000 ) ) ;
#3856 = CARTESIAN_POINT ( 'NONE',  ( -7.000000000000000000, -26.52446768126150900, 3.799999999999999800 ) ) ;
#3857 = VECTOR ( 'NONE', #4513, 1000.000000000000000 ) ;
#3858 = SURFACE_STYLE_FILL_AREA ( #7151 ) ;
#3859 = ADVANCED_FACE ( 'NONE', ( #2277 ), #1763, .F. ) ;
#3860 = VECTOR ( 'NONE', #399, 1000.000000000000000 ) ;
#3861 = DIRECTION ( 'NONE',  ( 0.0000000000000000000, 0.0000000000000000000, -1.000000000000000000 ) ) ;
#3862 = PRESENTATION_LAYER_ASSIGNMENT (  '', '', ( #3088 ) ) ;
#3863 = CARTESIAN_POINT ( 'NONE',  ( 2.981154417974959700E-015, 23.20000000000001000, -2.149999999999999900 ) ) ;
#3864 =( NAMED_UNIT ( * ) PLANE_ANGLE_UNIT ( ) SI_UNIT ( $, .RADIAN. ) );
#3865 = EDGE_CURVE ( 'NONE', #1176, #5259, #1759, .T. ) ;
#3866 = CYLINDRICAL_SURFACE ( 'NONE', #3422, 0.5000000000000004400 ) ;
#3867 = ORIENTED_EDGE ( 'NONE', *, *, #3039, .T. ) ;
#3868 = CIRCLE ( 'NONE', #6559, 0.2549999999999982800 ) ;
#3869 = LINE ( 'NONE', #1556, #2723 ) ;
#3870 = AXIS2_PLACEMENT_3D ( 'NONE', #4641, #6139, #5656 ) ;
#3871 = DIRECTION ( 'NONE',  ( 1.000000000000000000, 0.0000000000000000000, 0.0000000000000000000 ) ) ;
#3872 = SURFACE_SIDE_STYLE ('',( #1487 ) ) ;
#3873 = CARTESIAN_POINT ( 'NONE',  ( -36.00000000000000700, -27.00000000000000000, -2.149999999999999900 ) ) ;
#3874 = AXIS2_PLACEMENT_3D ( 'NONE', #1492, #3544, #4127 ) ;
#3875 = ORIENTED_EDGE ( 'NONE', *, *, #4735, .T. ) ;
#3876 = EDGE_CURVE ( 'NONE', #3995, #5816, #6245, .T. ) ;
#3877 = ORIENTED_EDGE ( 'NONE', *, *, #4556, .T. ) ;
#3878 = VECTOR ( 'NONE', #3323, 1000.000000000000000 ) ;
#3879 = LINE ( 'NONE', #6387, #6069 ) ;
#3880 =( LENGTH_UNIT ( ) NAMED_UNIT ( * ) SI_UNIT ( .MILLI., .METRE. ) );
#3881 = ORIENTED_EDGE ( 'NONE', *, *, #1623, .T. ) ;
#3882 = UNCERTAINTY_MEASURE_WITH_UNIT (LENGTH_MEASURE( 1.000000000000000100E-005 ), #178, 'distance_accuracy_value', 'NONE');
#3883 = EDGE_CURVE ( 'NONE', #4669, #809, #237, .T. ) ;
#3884 = DIRECTION ( 'NONE',  ( -1.000000000000000000, 0.0000000000000000000, 0.0000000000000000000 ) ) ;
#3885 = PLANE ( 'NONE',  #1989 ) ;
#3886 = CARTESIAN_POINT ( 'NONE',  ( 20.00000000000000000, -18.99999999999999600, -0.7999999999999999300 ) ) ;
#3887 = PLANE ( 'NONE',  #4584 ) ;
#3888 = FILL_AREA_STYLE_COLOUR ( '', #3008 ) ;
#3889 = EDGE_CURVE ( 'NONE', #4360, #4065, #3227, .T. ) ;
#3890 = SURFACE_STYLE_FILL_AREA ( #158 ) ;
#3891 = PRESENTATION_STYLE_ASSIGNMENT (( #3929 ) ) ;
#3892 = SURFACE_STYLE_USAGE ( .BOTH. , #3936 ) ;
#3893 = DIRECTION ( 'NONE',  ( 1.000000000000000000, 0.0000000000000000000, -0.0000000000000000000 ) ) ;
#3894 = DIRECTION ( 'NONE',  ( 0.0000000000000000000, 0.0000000000000000000, 1.000000000000000000 ) ) ;
#3895 = PLANE ( 'NONE',  #1314 ) ;
#3896 = ORIENTED_EDGE ( 'NONE', *, *, #4521, .F. ) ;
#3897 = ADVANCED_FACE ( 'NONE', ( #1564 ), #1387, .F. ) ;
#3898 = CARTESIAN_POINT ( 'NONE',  ( -6.999999999999997300, -23.47590573562303700, 3.800000000000002000 ) ) ;
#3899 = AXIS2_PLACEMENT_3D ( 'NONE', #6724, #5600, #3894 ) ;
#3900 = LINE ( 'NONE', #352, #6721 ) ;
#3901 = CARTESIAN_POINT ( 'NONE',  ( 7.000000000000000000, -24.60000000000000500, 2.521247357350493000 ) ) ;
#3902 = VERTEX_POINT ( 'NONE', #5802 ) ;
#3903 = DIRECTION ( 'NONE',  ( 1.000000000000000000, 0.0000000000000000000, 0.0000000000000000000 ) ) ;
#3904 = DIRECTION ( 'NONE',  ( 1.000000000000000000, 0.0000000000000000000, 0.0000000000000000000 ) ) ;
#3905 = CARTESIAN_POINT ( 'NONE',  ( 7.000000000000000000, -24.43789702601973300, -1.172479684601381200 ) ) ;
#3906 = EDGE_LOOP ( 'NONE', ( #5305, #3336, #5683, #610 ) ) ;
#3907 = ORIENTED_EDGE ( 'NONE', *, *, #716, .T. ) ;
#3908 = DIRECTION ( 'NONE',  ( -1.000000000000000000, -0.0000000000000000000, 3.011672701348624300E-018 ) ) ;
#3909 = VECTOR ( 'NONE', #309, 1000.000000000000000 ) ;
#3910 = UNCERTAINTY_MEASURE_WITH_UNIT (LENGTH_MEASURE( 1.000000000000000100E-005 ), #2882, 'distance_accuracy_value', 'NONE');
#3911 = CARTESIAN_POINT ( 'NONE',  ( -19.67999999999998900, -28.19999999999999900, -13.29999999999999900 ) ) ;
#3912 = CARTESIAN_POINT ( 'NONE',  ( -24.75999999999999100, -28.19999999999999600, 0.2000000000000000900 ) ) ;
#3913 =( GEOMETRIC_REPRESENTATION_CONTEXT ( 3 ) GLOBAL_UNCERTAINTY_ASSIGNED_CONTEXT ( ( #2177 ) ) GLOBAL_UNIT_ASSIGNED_CONTEXT ( ( #1947, #6467, #4765 ) ) REPRESENTATION_CONTEXT ( 'NONE', 'WORKASPACE' ) );
#3914 = ORIENTED_EDGE ( 'NONE', *, *, #6743, .T. ) ;
#3915 = DIRECTION ( 'NONE',  ( 1.000000000000000000, -0.0000000000000000000, -0.0000000000000000000 ) ) ;
#3916 = FILL_AREA_STYLE ('',( #5057 ) ) ;
#3917 = DIRECTION ( 'NONE',  ( 8.673617379884027600E-016, -1.000000000000000000, 0.0000000000000000000 ) ) ;
#3918 =( NAMED_UNIT ( * ) PLANE_ANGLE_UNIT ( ) SI_UNIT ( $, .RADIAN. ) );
#3919 = ADVANCED_FACE ( 'NONE', ( #2891 ), #3002, .F. ) ;
#3920 = LINE ( 'NONE', #6676, #6929 ) ;
#3921 = CARTESIAN_POINT ( 'NONE',  ( 0.0000000000000000000, 0.0000000000000000000, -0.5999999999999999800 ) ) ;
#3922 = EDGE_CURVE ( 'NONE', #3995, #975, #853, .T. ) ;
#3923 = DIRECTION ( 'NONE',  ( -1.000000000000000000, 0.0000000000000000000, 0.0000000000000000000 ) ) ;
#3924 = DIRECTION ( 'NONE',  ( -0.0000000000000000000, -0.0000000000000000000, 1.000000000000000000 ) ) ;
#3925 = ORIENTED_EDGE ( 'NONE', *, *, #5540, .F. ) ;
#3926 = SURFACE_STYLE_USAGE ( .BOTH. , #5040 ) ;
#3927 = ORIENTED_EDGE ( 'NONE', *, *, #3960, .F. ) ;
#3928 = DIRECTION ( 'NONE',  ( -0.0000000000000000000, 0.0000000000000000000, -1.000000000000000000 ) ) ;
#3929 = SURFACE_STYLE_USAGE ( .BOTH. , #3335 ) ;
#3930 = ADVANCED_FACE ( 'NONE', ( #2367 ), #2192, .T. ) ;
#3931 = MECHANICAL_DESIGN_GEOMETRIC_PRESENTATION_REPRESENTATION (  '', ( #4566 ), #5934 ) ;
#3932 = COLOUR_RGB ( '',0.9098039215686274400, 0.5490196078431373000, 0.03137254901960784300 ) ;
#3933 = ORIENTED_EDGE ( 'NONE', *, *, #6980, .T. ) ;
#3934 = AXIS2_PLACEMENT_3D ( 'NONE', #2740, #1608, #6131 ) ;
#3935 = ORIENTED_EDGE ( 'NONE', *, *, #3787, .T. ) ;
#3936 = SURFACE_SIDE_STYLE ('',( #6977 ) ) ;
#3937 = DIRECTION ( 'NONE',  ( 0.0000000000000000000, -1.000000000000000000, -0.0000000000000000000 ) ) ;
#3938 = ORIENTED_EDGE ( 'NONE', *, *, #5707, .T. ) ;
#3939 = CARTESIAN_POINT ( 'NONE',  ( 36.10000000000000100, -24.47999999999999300, -0.5999999999999999800 ) ) ;
#3940 = MECHANICAL_DESIGN_GEOMETRIC_PRESENTATION_REPRESENTATION (  '', ( #3166 ), #4324 ) ;
#3941 = EDGE_LOOP ( 'NONE', ( #432, #6883, #6414, #641, #3531, #6107, #1294, #6858 ) ) ;
#3942 =( NAMED_UNIT ( * ) SI_UNIT ( $, .STERADIAN. ) SOLID_ANGLE_UNIT ( ) );
#3943 = FACE_OUTER_BOUND ( 'NONE', #2235, .T. ) ;
#3944 = DIRECTION ( 'NONE',  ( 0.0000000000000000000, 0.0000000000000000000, -1.000000000000000000 ) ) ;
#3945 = PLANE ( 'NONE',  #2403 ) ;
#3946 = DIRECTION ( 'NONE',  ( -0.0000000000000000000, -0.0000000000000000000, -1.000000000000000000 ) ) ;
#3947 = ORIENTED_EDGE ( 'NONE', *, *, #5129, .T. ) ;
#3948 = DIRECTION ( 'NONE',  ( 1.000000000000000000, -1.284980352575413200E-016, -0.0000000000000000000 ) ) ;
#3949 = CIRCLE ( 'NONE', #5603, 0.2549999999999982800 ) ;
#3950 = VECTOR ( 'NONE', #6660, 1000.000000000000000 ) ;
#3951 = STYLED_ITEM ( 'NONE', ( #4975 ), #6400 ) ;
#3952 = LINE ( 'NONE', #5640, #5459 ) ;
#3953 = FILL_AREA_STYLE ('',( #1116 ) ) ;
#3954 = ORIENTED_EDGE ( 'NONE', *, *, #2372, .F. ) ;
#3955 = LINE ( 'NONE', #5302, #6769 ) ;
#3956 = ORIENTED_EDGE ( 'NONE', *, *, #2222, .F. ) ;
#3957 = STYLED_ITEM ( 'NONE', ( #1867 ), #1007 ) ;
#3958 = LINE ( 'NONE', #1791, #6599 ) ;
#3959 = PRESENTATION_LAYER_ASSIGNMENT (  '', '', ( #3579 ) ) ;
#3960 = EDGE_CURVE ( 'NONE', #3652, #672, #5198, .T. ) ;
#3961 = CARTESIAN_POINT ( 'NONE',  ( -16.00000000000000000, -14.00000000000000000, -0.7999999999999999300 ) ) ;
#3962 = ORIENTED_EDGE ( 'NONE', *, *, #52, .T. ) ;
#3963 = LINE ( 'NONE', #6635, #954 ) ;
#3964 = DIRECTION ( 'NONE',  ( -1.000000000000000000, 0.0000000000000000000, 0.0000000000000000000 ) ) ;
#3965 = LINE ( 'NONE', #1687, #6782 ) ;
#3966 = EDGE_LOOP ( 'NONE', ( #5265, #7050, #700, #6659, #6517, #6985, #2936, #5829, #4380, #3954, #4261, #1711 ) ) ;
#3967 = VERTEX_POINT ( 'NONE', #4323 ) ;
#3968 =( NAMED_UNIT ( * ) PLANE_ANGLE_UNIT ( ) SI_UNIT ( $, .RADIAN. ) );
#3969 = CIRCLE ( 'NONE', #5962, 0.2549999999999982800 ) ;
#3970 = FACE_OUTER_BOUND ( 'NONE', #478, .T. ) ;
#3971 = CARTESIAN_POINT ( 'NONE',  ( -6.999999999999997300, -23.47590573562303700, 3.800000000000002000 ) ) ;
#3972 = ADVANCED_FACE ( 'NONE', ( #676 ), #2914, .F. ) ;
#3973 = SURFACE_STYLE_FILL_AREA ( #2470 ) ;
#3974 = ORIENTED_EDGE ( 'NONE', *, *, #3316, .T. ) ;
#3975 = ADVANCED_FACE ( 'NONE', ( #6685 ), #2016, .T. ) ;
#3976 = DIRECTION ( 'NONE',  ( 1.000000000000000000, -0.0000000000000000000, -0.0000000000000000000 ) ) ;
#3977 = CARTESIAN_POINT ( 'NONE',  ( 35.99999999999999300, -25.49999999999999600, 0.0000000000000000000 ) ) ;
#3978 = STYLED_ITEM ( 'NONE', ( #4528 ), #4382 ) ;
#3979 = SURFACE_STYLE_FILL_AREA ( #5428 ) ;
#3980 = DIRECTION ( 'NONE',  ( -0.0000000000000000000, -0.0000000000000000000, 1.000000000000000000 ) ) ;
#3981 = CARTESIAN_POINT ( 'NONE',  ( 39.00000000000000700, -26.99999999999999600, 1.899999999999999900 ) ) ;
#3982 = CARTESIAN_POINT ( 'NONE',  ( -40.00000000000000700, -22.54999999999999700, 4.850000000000000500 ) ) ;
#3983 = CARTESIAN_POINT ( 'NONE',  ( 38.99999999999997200, 17.20000000000000300, -5.350000000000000500 ) ) ;
#3984 = EDGE_LOOP ( 'NONE', ( #5414, #591, #1324, #7297 ) ) ;
#3985 = PRESENTATION_STYLE_ASSIGNMENT (( #3892 ) ) ;
#3986 = DIRECTION ( 'NONE',  ( -1.000000000000000000, -0.0000000000000000000, -0.0000000000000000000 ) ) ;
#3987 = EDGE_CURVE ( 'NONE', #1231, #1051, #5017, .T. ) ;
#3988 =( NAMED_UNIT ( * ) SI_UNIT ( $, .STERADIAN. ) SOLID_ANGLE_UNIT ( ) );
#3989 = DIRECTION ( 'NONE',  ( -1.000000000000000000, 0.0000000000000000000, 0.0000000000000000000 ) ) ;
#3990 = ORIENTED_EDGE ( 'NONE', *, *, #6076, .T. ) ;
#3991 = PRESENTATION_STYLE_ASSIGNMENT (( #6214 ) ) ;
#3992 = DIRECTION ( 'NONE',  ( 3.717264591378872200E-016, 1.000000000000000000, 0.0000000000000000000 ) ) ;
#3993 = COLOUR_RGB ( '',1.000000000000000000, 1.000000000000000000, 1.000000000000000000 ) ;
#3994 = LINE ( 'NONE', #192, #2487 ) ;
#3995 = VERTEX_POINT ( 'NONE', #5219 ) ;
#3996 = CARTESIAN_POINT ( 'NONE',  ( 0.0000000000000000000, 0.0000000000000000000, 1.899999999999999900 ) ) ;
#3997 = AXIS2_PLACEMENT_3D ( 'NONE', #6124, #2994, #2775 ) ;
#3998 = CARTESIAN_POINT ( 'NONE',  ( -32.10000000000000100, 25.99999999999999300, 4.850000000000000500 ) ) ;
#3999 = VECTOR ( 'NONE', #5925, 1000.000000000000000 ) ;
#4000 = DIRECTION ( 'NONE',  ( 0.0000000000000000000, 0.0000000000000000000, -1.000000000000000000 ) ) ;
#4001 = FACE_OUTER_BOUND ( 'NONE', #7119, .T. ) ;
#4002 = CARTESIAN_POINT ( 'NONE',  ( -36.50000000000000000, -6.499999999999995600, -0.5999999999999999800 ) ) ;
#4003 = ORIENTED_EDGE ( 'NONE', *, *, #6073, .T. ) ;
#4004 = ORIENTED_EDGE ( 'NONE', *, *, #5938, .F. ) ;
#4005 = CARTESIAN_POINT ( 'NONE',  ( -39.00000000000000000, -4.999999999999984000, -0.5999999999999999800 ) ) ;
#4006 = DIRECTION ( 'NONE',  ( -0.005213693475534725500, 0.9999864086078086300, 0.0000000000000000000 ) ) ;
#4007 = ADVANCED_FACE ( 'NONE', ( #511 ), #2416, .F. ) ;
#4008 = CARTESIAN_POINT ( 'NONE',  ( 38.89999999999996300, 25.99999999999998900, 4.599999999999999600 ) ) ;
#4009 = VECTOR ( 'NONE', #3443, 1000.000000000000000 ) ;
#4010 = DIRECTION ( 'NONE',  ( 2.891205793294675900E-015, -1.000000000000000000, 0.0000000000000000000 ) ) ;
#4011 = DIRECTION ( 'NONE',  ( -1.000000000000000000, -0.0000000000000000000, -0.0000000000000000000 ) ) ;
#4012 = CARTESIAN_POINT ( 'NONE',  ( -32.37999999999998800, -28.19999999999999600, 0.2000000000000000900 ) ) ;
#4013 = AXIS2_PLACEMENT_3D ( 'NONE', #2186, #7236, #2747 ) ;
#4014 = ORIENTED_EDGE ( 'NONE', *, *, #6909, .T. ) ;
#4015 =( GEOMETRIC_REPRESENTATION_CONTEXT ( 3 ) GLOBAL_UNCERTAINTY_ASSIGNED_CONTEXT ( ( #4098 ) ) GLOBAL_UNIT_ASSIGNED_CONTEXT ( ( #1846, #6264, #5805 ) ) REPRESENTATION_CONTEXT ( 'NONE', 'WORKASPACE' ) );
#4016 = PRESENTATION_STYLE_ASSIGNMENT (( #858 ) ) ;
#4017 = CARTESIAN_POINT ( 'NONE',  ( 36.50000000000000000, -6.499999999999995600, -0.0000000000000000000 ) ) ;
#4018 = FILL_AREA_STYLE ('',( #640 ) ) ;
#4019 = CARTESIAN_POINT ( 'NONE',  ( -40.00000000000000700, 22.20000000000001400, 1.899999999999999900 ) ) ;
#4020 =( NAMED_UNIT ( * ) PLANE_ANGLE_UNIT ( ) SI_UNIT ( $, .RADIAN. ) );
#4021 = EDGE_CURVE ( 'NONE', #3205, #5216, #7277, .T. ) ;
#4022 = CARTESIAN_POINT ( 'NONE',  ( 39.00000000000000000, -25.99999999999999600, -2.649999999999999500 ) ) ;
#4023 = FILL_AREA_STYLE_COLOUR ( '', #2741 ) ;
#4024 = FILL_AREA_STYLE ('',( #3465 ) ) ;
#4025 = LINE ( 'NONE', #6254, #2521 ) ;
#4026 = ORIENTED_EDGE ( 'NONE', *, *, #1015, .F. ) ;
#4027 = VECTOR ( 'NONE', #4638, 1000.000000000000000 ) ;
#4028 = MECHANICAL_DESIGN_GEOMETRIC_PRESENTATION_REPRESENTATION (  '', ( #1255 ), #441 ) ;
#4029 = VECTOR ( 'NONE', #2050, 1000.000000000000000 ) ;
#4031 = CARTESIAN_POINT ( 'NONE',  ( 16.00000000000000000, -14.00000000000000000, -0.7999999999999999300 ) ) ;
#4030 = PRODUCT_DEFINITION_FORMATION_WITH_SPECIFIED_SOURCE ( 'ANY', '', #212, .NOT_KNOWN. ) ;
#4032 = CARTESIAN_POINT ( 'NONE',  ( -35.50000000000000000, -6.499999999999995600, -0.5999999999999999800 ) ) ;
#4033 = ORIENTED_EDGE ( 'NONE', *, *, #3254, .F. ) ;
#4034 = CARTESIAN_POINT ( 'NONE',  ( 14.00000000000000200, -29.99999999999999600, -0.5999999999999999800 ) ) ;
#4035 = DIRECTION ( 'NONE',  ( 1.000000000000000000, 0.0000000000000000000, -0.0000000000000000000 ) ) ;
#4036 = LINE ( 'NONE', #1986, #3857 ) ;
#4037 = LINE ( 'NONE', #6066, #5369 ) ;
#4038 = STYLED_ITEM ( 'NONE', ( #849 ), #5500 ) ;
#4039 = UNCERTAINTY_MEASURE_WITH_UNIT (LENGTH_MEASURE( 1.000000000000000100E-005 ), #6437, 'distance_accuracy_value', 'NONE');
#4040 = ADVANCED_FACE ( 'NONE', ( #5787 ), #2954, .T. ) ;
#4041 = EDGE_LOOP ( 'NONE', ( #6222, #730 ) ) ;
#4042 = ADVANCED_FACE ( 'NONE', ( #4301 ), #98, .F. ) ;
#4043 = CARTESIAN_POINT ( 'NONE',  ( -50.00000000000000700, 22.70000000000001700, -0.6500000000000000200 ) ) ;
#4044 = DIRECTION ( 'NONE',  ( 1.000000000000000000, 0.0000000000000000000, 0.0000000000000000000 ) ) ;
#4045 = FACE_OUTER_BOUND ( 'NONE', #4202, .T. ) ;
#4046 = SURFACE_STYLE_USAGE ( .BOTH. , #97 ) ;
#4047 = VECTOR ( 'NONE', #6445, 1000.000000000000000 ) ;
#4048 = CYLINDRICAL_SURFACE ( 'NONE', #4983, 0.3000000000000016500 ) ;
#4049 = VECTOR ( 'NONE', #5467, 1000.000000000000000 ) ;
#4050 = ORIENTED_EDGE ( 'NONE', *, *, #2647, .T. ) ;
#4051 = EDGE_CURVE ( 'NONE', #657, #7060, #2267, .T. ) ;
#4052 = ORIENTED_EDGE ( 'NONE', *, *, #2062, .T. ) ;
#4053 = AXIS2_PLACEMENT_3D ( 'NONE', #2354, #6294, #2919 ) ;
#4054 =( NAMED_UNIT ( * ) SI_UNIT ( $, .STERADIAN. ) SOLID_ANGLE_UNIT ( ) );
#4055 = DIRECTION ( 'NONE',  ( -0.0000000000000000000, -1.000000000000000000, -0.0000000000000000000 ) ) ;
#4056 =( NAMED_UNIT ( * ) PLANE_ANGLE_UNIT ( ) SI_UNIT ( $, .RADIAN. ) );
#4057 = ORIENTED_EDGE ( 'NONE', *, *, #667, .T. ) ;
#4058 = CARTESIAN_POINT ( 'NONE',  ( -40.00000000000000700, 27.00000000000000400, -2.149999999999999900 ) ) ;
#4059 = ORIENTED_EDGE ( 'NONE', *, *, #166, .T. ) ;
#4060 = VECTOR ( 'NONE', #572, 1000.000000000000000 ) ;
#4061 = COLOUR_RGB ( '',0.0000000000000000000, 0.7529411764705882200, 0.0000000000000000000 ) ;
#4062 = ORIENTED_EDGE ( 'NONE', *, *, #5046, .F. ) ;
#4063 = AXIS2_PLACEMENT_3D ( 'NONE', #3744, #7115, #3228 ) ;
#4064 = EDGE_CURVE ( 'NONE', #1443, #4580, #3766, .T. ) ;
#4065 = VERTEX_POINT ( 'NONE', #3306 ) ;
#4066 =( LENGTH_UNIT ( ) NAMED_UNIT ( * ) SI_UNIT ( .MILLI., .METRE. ) );
#4067 =( GEOMETRIC_REPRESENTATION_CONTEXT ( 3 ) GLOBAL_UNCERTAINTY_ASSIGNED_CONTEXT ( ( #138 ) ) GLOBAL_UNIT_ASSIGNED_CONTEXT ( ( #889, #4855, #2582 ) ) REPRESENTATION_CONTEXT ( 'NONE', 'WORKASPACE' ) );
#4068 = DIRECTION ( 'NONE',  ( -0.0000000000000000000, -0.0000000000000000000, 1.000000000000000000 ) ) ;
#4069 = EDGE_CURVE ( 'NONE', #1267, #6101, #754, .T. ) ;
#4070 = STYLED_ITEM ( 'NONE', ( #4703 ), #4792 ) ;
#4071 = DIRECTION ( 'NONE',  ( 1.000000000000000000, -1.284980352575413200E-016, -0.0000000000000000000 ) ) ;
#4072 =( NAMED_UNIT ( * ) PLANE_ANGLE_UNIT ( ) SI_UNIT ( $, .RADIAN. ) );
#4073 = SURFACE_STYLE_FILL_AREA ( #5196 ) ;
#4074 = LINE ( 'NONE', #527, #878 ) ;
#4075 = SURFACE_STYLE_USAGE ( .BOTH. , #435 ) ;
#4076 = LINE ( 'NONE', #5050, #1690 ) ;
#4077 =( NAMED_UNIT ( * ) SI_UNIT ( $, .STERADIAN. ) SOLID_ANGLE_UNIT ( ) );
#4078 = PRESENTATION_LAYER_ASSIGNMENT (  '', '', ( #3687 ) ) ;
#4079 = PRESENTATION_STYLE_ASSIGNMENT (( #6750 ) ) ;
#4080 =( LENGTH_UNIT ( ) NAMED_UNIT ( * ) SI_UNIT ( .MILLI., .METRE. ) );
#4081 = VERTEX_POINT ( 'NONE', #1464 ) ;
#4082 = VECTOR ( 'NONE', #7074, 1000.000000000000000 ) ;
#4083 =( LENGTH_UNIT ( ) NAMED_UNIT ( * ) SI_UNIT ( .MILLI., .METRE. ) );
#4084 = SURFACE_STYLE_FILL_AREA ( #5542 ) ;
#4085 =( NAMED_UNIT ( * ) SI_UNIT ( $, .STERADIAN. ) SOLID_ANGLE_UNIT ( ) );
#4086 = CARTESIAN_POINT ( 'NONE',  ( -35.80000000000002600, -24.47999999999997900, -0.5999999999999999800 ) ) ;
#4087 = EDGE_CURVE ( 'NONE', #3193, #1576, #5823, .T. ) ;
#4088 = MECHANICAL_DESIGN_GEOMETRIC_PRESENTATION_REPRESENTATION (  '', ( #6817 ), #5224 ) ;
#4089 = CARTESIAN_POINT ( 'NONE',  ( 39.00000000000000000, 16.20000000000000600, -2.149999999999999900 ) ) ;
#4090 = VECTOR ( 'NONE', #5393, 1000.000000000000000 ) ;
#4091 = PRESENTATION_LAYER_ASSIGNMENT (  '', '', ( #3311 ) ) ;
#4092 = CARTESIAN_POINT ( 'NONE',  ( 39.00000000000000700, -22.55000000000000800, 4.850000000000000500 ) ) ;
#4093 = ADVANCED_FACE ( 'NONE', ( #5273 ), #5295, .T. ) ;
#4094 = EDGE_CURVE ( 'NONE', #3659, #1605, #6403, .T. ) ;
#4095 = ORIENTED_EDGE ( 'NONE', *, *, #1268, .F. ) ;
#4096 = ADVANCED_FACE ( 'NONE', ( #2106 ), #5841, .F. ) ;
#4097 = CARTESIAN_POINT ( 'NONE',  ( 6.999999999999999100, -20.84568440936456600, 3.800000000004798200 ) ) ;
#4098 = UNCERTAINTY_MEASURE_WITH_UNIT (LENGTH_MEASURE( 1.000000000000000100E-005 ), #1846, 'distance_accuracy_value', 'NONE');
#4099 =( GEOMETRIC_REPRESENTATION_CONTEXT ( 3 ) GLOBAL_UNCERTAINTY_ASSIGNED_CONTEXT ( ( #301 ) ) GLOBAL_UNIT_ASSIGNED_CONTEXT ( ( #1397, #4798, #830 ) ) REPRESENTATION_CONTEXT ( 'NONE', 'WORKASPACE' ) );
#4100 = DIRECTION ( 'NONE',  ( 0.0000000000000000000, 0.0000000000000000000, -1.000000000000000000 ) ) ;
#4101 = CARTESIAN_POINT ( 'NONE',  ( -7.000000000000001800, -27.80484785924798500, 1.237233028282289600 ) ) ;
#4102 = VERTEX_POINT ( 'NONE', #827 ) ;
#4103 = CARTESIAN_POINT ( 'NONE',  ( -7.000000000000000000, -25.85345190671684200, -1.145420074497599300 ) ) ;
#4104 = VERTEX_POINT ( 'NONE', #3688 ) ;
#4105 = DIRECTION ( 'NONE',  ( 1.000000000000000000, 0.0000000000000000000, -0.0000000000000000000 ) ) ;
#4106 = CARTESIAN_POINT ( 'NONE',  ( 38.90000000000000600, 25.90000000000000600, 3.799999999999999800 ) ) ;
#4107 = MECHANICAL_DESIGN_GEOMETRIC_PRESENTATION_REPRESENTATION (  '', ( #2951 ), #4470 ) ;
#4108 = EDGE_LOOP ( 'NONE', ( #2456, #3545, #1191, #4402 ) ) ;
#4109 = CARTESIAN_POINT ( 'NONE',  ( -38.90000000000002000, -18.50000000000001100, 4.299999999999999800 ) ) ;
#4110 = FACE_OUTER_BOUND ( 'NONE', #4506, .T. ) ;
#4111 = AXIS2_PLACEMENT_3D ( 'NONE', #7169, #4472, #5533 ) ;
#4112 = EDGE_CURVE ( 'NONE', #6405, #208, #4389, .T. ) ;
#4113 = EDGE_CURVE ( 'NONE', #3811, #2202, #5863, .T. ) ;
#4114 = PLANE ( 'NONE',  #7064 ) ;
#4115 = DIRECTION ( 'NONE',  ( -1.000000000000000000, 0.0000000000000000000, 0.0000000000000000000 ) ) ;
#4116 = LINE ( 'NONE', #6270, #2603 ) ;
#4117 = MECHANICAL_DESIGN_GEOMETRIC_PRESENTATION_REPRESENTATION (  '', ( #2965 ), #4486 ) ;
#4118 = DIRECTION ( 'NONE',  ( 5.068353820619276800E-047, 2.312964634635744600E-015, 1.000000000000000000 ) ) ;
#4119 = DIRECTION ( 'NONE',  ( 0.0000000000000000000, 0.0000000000000000000, -1.000000000000000000 ) ) ;
#4120 = CARTESIAN_POINT ( 'NONE',  ( -38.89999999999999100, 25.90000000000000600, 3.799999999999999800 ) ) ;
#4121 = B_SPLINE_SURFACE_WITH_KNOTS ( 'NONE', 3, 1, ( 
 ( #2853, #6536 ),
 ( #6385, #3780 ),
 ( #3035, #282 ),
 ( #1170, #6798 ),
 ( #525, #359 ) ),
 .UNSPECIFIED., .F., .F., .F.,
 ( 4, 1, 4 ),
 ( 2, 2 ),
 ( 0.1465324380172942900, 0.2500000000000000000, 0.3230701931310814300 ),
 ( 0.0000000000000000000, 1.000000000000000000 ),
 .UNSPECIFIED. ) ;
#4122 = UNCERTAINTY_MEASURE_WITH_UNIT (LENGTH_MEASURE( 1.000000000000000100E-005 ), #4083, 'distance_accuracy_value', 'NONE');
#4123 = STYLED_ITEM ( 'NONE', ( #636 ), #4271 ) ;
#4124 = FACE_OUTER_BOUND ( 'NONE', #3186, .T. ) ;
#4125 = VERTEX_POINT ( 'NONE', #3523 ) ;
#4126 = ORIENTED_EDGE ( 'NONE', *, *, #6744, .T. ) ;
#4127 = DIRECTION ( 'NONE',  ( -1.000000000000000000, 0.0000000000000000000, 0.0000000000000000000 ) ) ;
#4128 = SURFACE_SIDE_STYLE ('',( #3890 ) ) ;
#4129 = COLOUR_RGB ( '',0.8039215686274510100, 0.4980392156862745200, 0.1960784313725490200 ) ;
#4130 = PLANE ( 'NONE',  #4699 ) ;
#4131 = DIRECTION ( 'NONE',  ( -0.0000000000000000000, -1.000000000000000000, -0.0000000000000000000 ) ) ;
#4132 = CARTESIAN_POINT ( 'NONE',  ( -13.99999999999999100, -29.99999999999999300, -0.5999999999999999800 ) ) ;
#4133 = CARTESIAN_POINT ( 'NONE',  ( 39.99999999999997900, -22.55000000000000800, 4.850000000000000500 ) ) ;
#4134 = ORIENTED_EDGE ( 'NONE', *, *, #1545, .T. ) ;
#4135 = DIRECTION ( 'NONE',  ( -0.0000000000000000000, 0.0000000000000000000, -1.000000000000000000 ) ) ;
#4136 = VERTEX_POINT ( 'NONE', #1952 ) ;
#4137 = DIRECTION ( 'NONE',  ( -0.0000000000000000000, 0.0000000000000000000, 1.000000000000000000 ) ) ;
#4138 = EDGE_CURVE ( 'NONE', #140, #884, #49, .T. ) ;
#4139 =( LENGTH_UNIT ( ) NAMED_UNIT ( * ) SI_UNIT ( .MILLI., .METRE. ) );
#4140 = VERTEX_POINT ( 'NONE', #3499 ) ;
#4141 = DIRECTION ( 'NONE',  ( 1.000000000000000000, -4.336808689942021700E-016, 0.0000000000000000000 ) ) ;
#4142 = ORIENTED_EDGE ( 'NONE', *, *, #4441, .F. ) ;
#4143 = VERTEX_POINT ( 'NONE', #6493 ) ;
#4144 = MECHANICAL_DESIGN_GEOMETRIC_PRESENTATION_REPRESENTATION (  '', ( #3377 ), #4525 ) ;
#4145 = UNCERTAINTY_MEASURE_WITH_UNIT (LENGTH_MEASURE( 1.000000000000000100E-005 ), #896, 'distance_accuracy_value', 'NONE');
#4146 = EDGE_LOOP ( 'NONE', ( #391, #1568 ) ) ;
#4147 = VECTOR ( 'NONE', #6638, 1000.000000000000000 ) ;
#4148 = EDGE_LOOP ( 'NONE', ( #6557, #80 ) ) ;
#4149 = CARTESIAN_POINT ( 'NONE',  ( 0.0000000000000000000, 0.0000000000000000000, 4.850000000000000500 ) ) ;
#4150 = DIRECTION ( 'NONE',  ( 1.000000000000000000, 0.0000000000000000000, 0.0000000000000000000 ) ) ;
#4151 = CARTESIAN_POINT ( 'NONE',  ( 32.12499999999998600, -28.19999999999999600, 0.2000000000000000900 ) ) ;
#4152 = LINE ( 'NONE', #1189, #7130 ) ;
#4153 = ORIENTED_EDGE ( 'NONE', *, *, #1806, .T. ) ;
#4154 = VERTEX_POINT ( 'NONE', #6928 ) ;
#4155 = SURFACE_STYLE_USAGE ( .BOTH. , #4589 ) ;
#4156 = ADVANCED_FACE ( 'NONE', ( #2883 ), #6696, .F. ) ;
#4157 = COLOUR_RGB ( '',1.000000000000000000, 1.000000000000000000, 1.000000000000000000 ) ;
#4158 = PRESENTATION_LAYER_ASSIGNMENT (  '', '', ( #6012 ) ) ;
#4159 = CARTESIAN_POINT ( 'NONE',  ( 7.000000000000000000, -27.91544923818409500, 1.268894953814910100 ) ) ;
#4160 = DIRECTION ( 'NONE',  ( 0.0000000000000000000, -1.000000000000000000, 0.0000000000000000000 ) ) ;
#4161 = AXIS2_PLACEMENT_3D ( 'NONE', #546, #5627, #205 ) ;
#4162 = FILL_AREA_STYLE ('',( #2520 ) ) ;
#4163 = ORIENTED_EDGE ( 'NONE', *, *, #4260, .T. ) ;
#4164 = CARTESIAN_POINT ( 'NONE',  ( 38.89999999999999900, -24.17999999999999300, -0.5999999999999999800 ) ) ;
#4165 = DIRECTION ( 'NONE',  ( 1.387778780781446500E-015, -1.000000000000000000, 0.0000000000000000000 ) ) ;
#4166 = LINE ( 'NONE', #5005, #5661 ) ;
#4167 = UNCERTAINTY_MEASURE_WITH_UNIT (LENGTH_MEASURE( 1.000000000000000100E-005 ), #4706, 'distance_accuracy_value', 'NONE');
#4168 = ORIENTED_EDGE ( 'NONE', *, *, #1615, .F. ) ;
#4169 = EDGE_CURVE ( 'NONE', #2295, #5025, #2706, .T. ) ;
#4170 = DIRECTION ( 'NONE',  ( -0.0000000000000000000, 0.0000000000000000000, -1.000000000000000000 ) ) ;
#4171 = VERTEX_POINT ( 'NONE', #4565 ) ;
#4172 = ORIENTED_EDGE ( 'NONE', *, *, #5483, .T. ) ;
#4173 = LINE ( 'NONE', #5244, #6989 ) ;
#4174 = ORIENTED_EDGE ( 'NONE', *, *, #1905, .T. ) ;
#4175 = FILL_AREA_STYLE ('',( #215 ) ) ;
#4176 = LINE ( 'NONE', #5444, #2328 ) ;
#4177 = AXIS2_PLACEMENT_3D ( 'NONE', #2197, #6009, #417 ) ;
#4178 = SURFACE_SIDE_STYLE ('',( #46 ) ) ;
#4179 = STYLED_ITEM ( 'NONE', ( #1956 ), #7315 ) ;
#4180 = CIRCLE ( 'NONE', #3042, 0.2549999999999982800 ) ;
#4181 = VERTEX_POINT ( 'NONE', #2040 ) ;
#4182 = ORIENTED_EDGE ( 'NONE', *, *, #1998, .F. ) ;
#4183 = DIRECTION ( 'NONE',  ( 0.0000000000000000000, -1.000000000000000000, 0.0000000000000000000 ) ) ;
#4184 = CLOSED_SHELL ( 'NONE', ( #931, #353, #1805, #7173 ) ) ;
#4185 = DIRECTION ( 'NONE',  ( -0.9999864086078086300, 0.005213693475535443600, 0.0000000000000000000 ) ) ;
#4186 = AXIS2_PLACEMENT_3D ( 'NONE', #5527, #1580, #4966 ) ;
#4187 = CARTESIAN_POINT ( 'NONE',  ( 38.99999999999998600, 23.44999999999998900, 4.850000000000000500 ) ) ;
#4188 = CARTESIAN_POINT ( 'NONE',  ( -38.90000000000003400, 25.99999999999998900, 4.299999999999999800 ) ) ;
#4189 = DIRECTION ( 'NONE',  ( -0.0000000000000000000, -0.0000000000000000000, -1.000000000000000000 ) ) ;
#4190 = SURFACE_STYLE_USAGE ( .BOTH. , #2057 ) ;
#4191 = EDGE_CURVE ( 'NONE', #5324, #373, #1216, .T. ) ;
#4192 = EDGE_LOOP ( 'NONE', ( #4230, #1379, #5404, #4668, #1918, #5068 ) ) ;
#4193 = FACE_OUTER_BOUND ( 'NONE', #111, .T. ) ;
#4194 = CARTESIAN_POINT ( 'NONE',  ( -20.00000000000000000, -18.99999999999999600, -0.5999999999999999800 ) ) ;
#4195 = DIRECTION ( 'NONE',  ( 0.0000000000000000000, 0.0000000000000000000, -1.000000000000000000 ) ) ;
#4196 = UNCERTAINTY_MEASURE_WITH_UNIT (LENGTH_MEASURE( 1.000000000000000100E-005 ), #2104, 'distance_accuracy_value', 'NONE');
#4197 = PRESENTATION_LAYER_ASSIGNMENT (  '', '', ( #7071 ) ) ;
#4198 = EDGE_CURVE ( 'NONE', #566, #3811, #1376, .T. ) ;
#4199 = EDGE_CURVE ( 'NONE', #4599, #2522, #2526, .T. ) ;
#4200 = PLANE ( 'NONE',  #6684 ) ;
#4201 = SURFACE_STYLE_FILL_AREA ( #6560 ) ;
#4202 = EDGE_LOOP ( 'NONE', ( #226, #7192, #5579, #2379 ) ) ;
#4203 = AXIS2_PLACEMENT_3D ( 'NONE', #6686, #2842, #6180 ) ;
#4204 = SURFACE_STYLE_FILL_AREA ( #6433 ) ;
#4205 = CARTESIAN_POINT ( 'NONE',  ( 38.69999999999999600, -25.99999999999999600, -2.149999999999999900 ) ) ;
#4206 = AXIS2_PLACEMENT_3D ( 'NONE', #1161, #9, #2131 ) ;
#4207 = CARTESIAN_POINT ( 'NONE',  ( -7.000000000000000000, -21.21347195759980400, 3.854781685845293500 ) ) ;
#4208 =( LENGTH_UNIT ( ) NAMED_UNIT ( * ) SI_UNIT ( .MILLI., .METRE. ) );
#4209 = CLOSED_SHELL ( 'NONE', ( #2861, #3975, #3746, #4656 ) ) ;
#4210 = CARTESIAN_POINT ( 'NONE',  ( 39.00000000000000700, -26.99999999999999600, 4.850000000000000500 ) ) ;
#4211 = AXIS2_PLACEMENT_3D ( 'NONE', #1801, #329, #6506 ) ;
#4212 = VECTOR ( 'NONE', #945, 1000.000000000000000 ) ;
#4213 = ORIENTED_EDGE ( 'NONE', *, *, #4462, .F. ) ;
#4214 = EDGE_CURVE ( 'NONE', #3621, #6436, #5535, .T. ) ;
#4215 = LINE ( 'NONE', #3805, #2711 ) ;
#4216 = DIRECTION ( 'NONE',  ( 1.000000000000000000, 0.0000000000000000000, 0.0000000000000000000 ) ) ;
#4217 = CARTESIAN_POINT ( 'NONE',  ( 39.00000000000000700, -22.55000000000000800, 4.850000000000000500 ) ) ;
#4218 = EDGE_LOOP ( 'NONE', ( #621, #1018, #948, #5481 ) ) ;
#4219 = AXIS2_PLACEMENT_3D ( 'NONE', #5321, #1945, #5857 ) ;
#4220 = VERTEX_POINT ( 'NONE', #2699 ) ;
#4221 =( LENGTH_UNIT ( ) NAMED_UNIT ( * ) SI_UNIT ( .MILLI., .METRE. ) );
#4222 = CARTESIAN_POINT ( 'NONE',  ( -22.21999999999998800, -28.19999999999999600, 0.2000000000000000900 ) ) ;
#4223 = ORIENTED_EDGE ( 'NONE', *, *, #438, .F. ) ;
#4224 = CARTESIAN_POINT ( 'NONE',  ( -38.90000000000002700, -24.17999999999997100, 0.0000000000000000000 ) ) ;
#4225 = STYLED_ITEM ( 'NONE', ( #6621 ), #4837 ) ;
#4226 = EDGE_CURVE ( 'NONE', #157, #4718, #1025, .T. ) ;
#4227 = LINE ( 'NONE', #4723, #7204 ) ;
#4228 = ADVANCED_FACE ( 'NONE', ( #844 ), #3147, .T. ) ;
#4229 = LINE ( 'NONE', #376, #4049 ) ;
#4230 = ORIENTED_EDGE ( 'NONE', *, *, #4191, .T. ) ;
#4231 = DIRECTION ( 'NONE',  ( -1.000000000000000000, -0.0000000000000000000, -0.0000000000000000000 ) ) ;
#4232 = CARTESIAN_POINT ( 'NONE',  ( -40.00000000000000700, 17.20000000000002100, 1.900000000000022800 ) ) ;
#4233 = FILL_AREA_STYLE ('',( #3836 ) ) ;
#4234 = ORIENTED_EDGE ( 'NONE', *, *, #1876, .T. ) ;
#4235 = CARTESIAN_POINT ( 'NONE',  ( 19.93499999999998800, -28.19999999999999900, -13.29999999999999900 ) ) ;
#4236 = ORIENTED_EDGE ( 'NONE', *, *, #2940, .F. ) ;
#4237 = ORIENTED_EDGE ( 'NONE', *, *, #6529, .T. ) ;
#4238 = EDGE_LOOP ( 'NONE', ( #3384, #6137, #3476, #6538 ) ) ;
#4239 = ADVANCED_FACE ( 'NONE', ( #1888 ), #6548, .F. ) ;
#4240 = SURFACE_SIDE_STYLE ('',( #124 ) ) ;
#4241 = CARTESIAN_POINT ( 'NONE',  ( -20.00000000000000000, -18.99999999999999600, -0.5999999999999999800 ) ) ;
#4242 = STYLED_ITEM ( 'NONE', ( #7296 ), #1177 ) ;
#4243 = VECTOR ( 'NONE', #6117, 1000.000000000000000 ) ;
#4244 = CARTESIAN_POINT ( 'NONE',  ( -22.21999999999998800, -28.19999999999999600, 0.2000000000000000900 ) ) ;
#4245 = MECHANICAL_DESIGN_GEOMETRIC_PRESENTATION_REPRESENTATION (  '', ( #3088 ), #4649 ) ;
#4246 = UNCERTAINTY_MEASURE_WITH_UNIT (LENGTH_MEASURE( 1.000000000000000100E-005 ), #4139, 'distance_accuracy_value', 'NONE');
#4247 = DIRECTION ( 'NONE',  ( 1.000000000000000000, 0.0000000000000000000, 0.0000000000000000000 ) ) ;
#4248 = VECTOR ( 'NONE', #519, 1000.000000000000000 ) ;
#4249 = ORIENTED_EDGE ( 'NONE', *, *, #2832, .T. ) ;
#4250 = CIRCLE ( 'NONE', #2329, 0.2549999999999982800 ) ;
#4251 = MECHANICAL_DESIGN_GEOMETRIC_PRESENTATION_REPRESENTATION (  '', ( #3495 ), #4653 ) ;
#4252 = FACE_OUTER_BOUND ( 'NONE', #2039, .T. ) ;
#4253 = ADVANCED_FACE ( 'NONE', ( #4356 ), #6641, .T. ) ;
#4254 = DIRECTION ( 'NONE',  ( 0.0000000000000000000, 0.0000000000000000000, 1.000000000000000000 ) ) ;
#4255 = AXIS2_PLACEMENT_3D ( 'NONE', #4164, #1365, #1099 ) ;
#4256 = EDGE_CURVE ( 'NONE', #1394, #4527, #5322, .T. ) ;
#4257 = LINE ( 'NONE', #4826, #4090 ) ;
#4258 = COLOUR_RGB ( '',0.7921568627450980000, 0.8196078431372548800, 0.9333333333333333500 ) ;
#4259 = DIRECTION ( 'NONE',  ( 0.0000000000000000000, 0.0000000000000000000, -1.000000000000000000 ) ) ;
#4260 = EDGE_CURVE ( 'NONE', #4580, #7160, #812, .T. ) ;
#4261 = ORIENTED_EDGE ( 'NONE', *, *, #4556, .F. ) ;
#4262 = FACE_OUTER_BOUND ( 'NONE', #2464, .T. ) ;
#4263 = CARTESIAN_POINT ( 'NONE',  ( -40.00000000000000700, 23.20000000000001400, -2.149999999999999900 ) ) ;
#4264 = CARTESIAN_POINT ( 'NONE',  ( -32.37999999999998800, -28.19999999999999600, -13.29999999999999900 ) ) ;
#4265 = ORIENTED_EDGE ( 'NONE', *, *, #6100, .F. ) ;
#4266 = ORIENTED_EDGE ( 'NONE', *, *, #1181, .F. ) ;
#4267 = ORIENTED_EDGE ( 'NONE', *, *, #5578, .F. ) ;
#4268 = CARTESIAN_POINT ( 'NONE',  ( -7.000000000000000000, -24.60000000140296500, 3.418952401161033300 ) ) ;
#4269 = CARTESIAN_POINT ( 'NONE',  ( 14.00000000000000000, -27.00000000000000000, -0.5999999999999999800 ) ) ;
#4270 =( NAMED_UNIT ( * ) PLANE_ANGLE_UNIT ( ) SI_UNIT ( $, .RADIAN. ) );
#4271 = ADVANCED_FACE ( 'NONE', ( #2149 ), #5149, .F. ) ;
#4272 = FILL_AREA_STYLE ('',( #6919 ) ) ;
#4273 = VERTEX_POINT ( 'NONE', #4034 ) ;
#4274 = EDGE_CURVE ( 'NONE', #4143, #985, #1614, .T. ) ;
#4275 =( LENGTH_UNIT ( ) NAMED_UNIT ( * ) SI_UNIT ( .MILLI., .METRE. ) );
#4276 = CARTESIAN_POINT ( 'NONE',  ( 38.89999999999999900, -24.17999999999999300, -0.0000000000000000000 ) ) ;
#4277 = PRESENTATION_LAYER_ASSIGNMENT (  '', '', ( #3520 ) ) ;
#4278 = PLANE ( 'NONE',  #6789 ) ;
#4279 =( LENGTH_UNIT ( ) NAMED_UNIT ( * ) SI_UNIT ( .MILLI., .METRE. ) );
#4280 = LINE ( 'NONE', #1566, #7093 ) ;
#4281 = DIRECTION ( 'NONE',  ( 1.000000000000000000, 5.782411586589365500E-016, 0.0000000000000000000 ) ) ;
#4282 = PRESENTATION_STYLE_ASSIGNMENT (( #293 ) ) ;
#4283 = CARTESIAN_POINT ( 'NONE',  ( 37.89999999999997000, 24.89999999999997400, 4.599999999999999600 ) ) ;
#4284 = COLOUR_RGB ( '',0.0000000000000000000, 0.0000000000000000000, 0.0000000000000000000 ) ;
#4285 =( NAMED_UNIT ( * ) PLANE_ANGLE_UNIT ( ) SI_UNIT ( $, .RADIAN. ) );
#4286 =( NAMED_UNIT ( * ) SI_UNIT ( $, .STERADIAN. ) SOLID_ANGLE_UNIT ( ) );
#4287 = VERTEX_POINT ( 'NONE', #1281 ) ;
#4288 = VERTEX_POINT ( 'NONE', #5495 ) ;
#4289 = EDGE_CURVE ( 'NONE', #685, #3081, #2930, .T. ) ;
#4290 = VECTOR ( 'NONE', #2984, 1000.000000000000000 ) ;
#4291 = CARTESIAN_POINT ( 'NONE',  ( 20.00000000000000000, -18.99999999999999600, -0.5999999999999999800 ) ) ;
#4292 = SURFACE_STYLE_USAGE ( .BOTH. , #908 ) ;
#4293 = SURFACE_STYLE_FILL_AREA ( #1734 ) ;
#4294 = EDGE_LOOP ( 'NONE', ( #1715, #6959, #4452, #4568 ) ) ;
#4295 = COLOUR_RGB ( '',0.0000000000000000000, 0.7529411764705882200, 0.0000000000000000000 ) ;
#4296 = ORIENTED_EDGE ( 'NONE', *, *, #3496, .F. ) ;
#4298 = CARTESIAN_POINT ( 'NONE',  ( 7.000000000000000000, -23.70822491629699900, -1.115524287202967100 ) ) ;
#4297 = DIRECTION ( 'NONE',  ( 1.000000000000000000, 0.0000000000000000000, 0.0000000000000000000 ) ) ;
#4299 = FILL_AREA_STYLE ('',( #3274 ) ) ;
#4300 = CARTESIAN_POINT ( 'NONE',  ( -24.75999999999999100, -28.19999999999999600, 0.2000000000000000900 ) ) ;
#4301 = FACE_OUTER_BOUND ( 'NONE', #2310, .T. ) ;
#4302 = EDGE_LOOP ( 'NONE', ( #19, #119 ) ) ;
#4303 = DIRECTION ( 'NONE',  ( -1.000000000000000000, -0.0000000000000000000, -0.0000000000000000000 ) ) ;
#4304 = STYLED_ITEM ( 'NONE', ( #1562 ), #2755 ) ;
#4305 = DIRECTION ( 'NONE',  ( 1.000000000000000000, -1.284980352575413200E-016, 0.0000000000000000000 ) ) ;
#4306 = EDGE_CURVE ( 'NONE', #5061, #297, #105, .T. ) ;
#4307 = ADVANCED_FACE ( 'NONE', ( #4436 ), #995, .F. ) ;
#4308 = VERTEX_POINT ( 'NONE', #6487 ) ;
#4309 = CARTESIAN_POINT ( 'NONE',  ( 39.00000000000000000, 23.20000000000000600, -2.149999999999999900 ) ) ;
#4310 = ORIENTED_EDGE ( 'NONE', *, *, #1049, .F. ) ;
#4311 = FILL_AREA_STYLE_COLOUR ( '', #1471 ) ;
#4312 = CARTESIAN_POINT ( 'NONE',  ( 27.29999999999999000, -28.19999999999999600, 0.2000000000000000900 ) ) ;
#4313 = CARTESIAN_POINT ( 'NONE',  ( 32.09999999999998700, 26.00000000000000400, 4.850000000000000500 ) ) ;
#4314 = ORIENTED_EDGE ( 'NONE', *, *, #2973, .F. ) ;
#4315 = PLANE ( 'NONE',  #419 ) ;
#4316 = ORIENTED_EDGE ( 'NONE', *, *, #6969, .F. ) ;
#4317 = AXIS2_PLACEMENT_3D ( 'NONE', #1683, #5625, #2242 ) ;
#4318 = PRESENTATION_STYLE_ASSIGNMENT (( #3568 ) ) ;
#4319 = EDGE_LOOP ( 'NONE', ( #2856, #4172, #4696, #2702 ) ) ;
#4320 = DIRECTION ( 'NONE',  ( -1.000000000000000000, 0.0000000000000000000, 0.0000000000000000000 ) ) ;
#4321 = CARTESIAN_POINT ( 'NONE',  ( 39.99999999999999300, 27.00000000000000400, -2.149999999999999900 ) ) ;
#4322 = DIRECTION ( 'NONE',  ( -1.000000000000000000, 0.0000000000000000000, 0.0000000000000000000 ) ) ;
#4323 = CARTESIAN_POINT ( 'NONE',  ( 14.00000000000000000, -27.00000000000000000, -0.0000000000000000000 ) ) ;
#4324 =( GEOMETRIC_REPRESENTATION_CONTEXT ( 3 ) GLOBAL_UNCERTAINTY_ASSIGNED_CONTEXT ( ( #1751 ) ) GLOBAL_UNIT_ASSIGNED_CONTEXT ( ( #1844, #1266, #4077 ) ) REPRESENTATION_CONTEXT ( 'NONE', 'WORKASPACE' ) );
#4325 = CLOSED_SHELL ( 'NONE', ( #81, #6471, #2132, #4271 ) ) ;
#4326 = COLOUR_RGB ( '',0.7921568627450980000, 0.8196078431372548800, 0.9333333333333333500 ) ;
#4327 = CARTESIAN_POINT ( 'NONE',  ( 7.000000000000000000, -23.16202887258642600, -0.9127674319942440400 ) ) ;
#4328 = DIRECTION ( 'NONE',  ( 2.701009694008263800E-016, 1.000000000000000000, 0.0000000000000000000 ) ) ;
#4329 = EDGE_CURVE ( 'NONE', #775, #1890, #5755, .T. ) ;
#4330 =( LENGTH_UNIT ( ) NAMED_UNIT ( * ) SI_UNIT ( .MILLI., .METRE. ) );
#4331 = LINE ( 'NONE', #1835, #1328 ) ;
#4332 = AXIS2_PLACEMENT_3D ( 'NONE', #1515, #7147, #3782 ) ;
#4333 = LINE ( 'NONE', #2879, #1504 ) ;
#4334 = VECTOR ( 'NONE', #3034, 1000.000000000000000 ) ;
#4335 = ORIENTED_EDGE ( 'NONE', *, *, #7046, .T. ) ;
#4336 = CYLINDRICAL_SURFACE ( 'NONE', #1417, 0.2549999999999982800 ) ;
#4337 = CARTESIAN_POINT ( 'NONE',  ( 0.0000000000000000000, 0.0000000000000000000, 4.850000000000000500 ) ) ;
#4338 = CARTESIAN_POINT ( 'NONE',  ( -36.50000000000000000, -6.499999999999995600, 0.0000000000000000000 ) ) ;
#4339 = DIRECTION ( 'NONE',  ( -0.0000000000000000000, -0.0000000000000000000, 1.000000000000000000 ) ) ;
#4340 = MANIFOLD_SOLID_BREP ( 'Boss-Extrude7[11]', #4184 ) ;
#4341 = MECHANICAL_DESIGN_GEOMETRIC_PRESENTATION_REPRESENTATION (  '', ( #3579 ), #4733 ) ;
#4342 = DIRECTION ( 'NONE',  ( 1.000000000000000000, 0.0000000000000000000, 0.0000000000000000000 ) ) ;
#4343 = EDGE_CURVE ( 'NONE', #4405, #5391, #3725, .T. ) ;
#4344 = VECTOR ( 'NONE', #427, 1000.000000000000000 ) ;
#4345 =( GEOMETRIC_REPRESENTATION_CONTEXT ( 3 ) GLOBAL_UNCERTAINTY_ASSIGNED_CONTEXT ( ( #7037 ) ) GLOBAL_UNIT_ASSIGNED_CONTEXT ( ( #3367, #7252, #4987 ) ) REPRESENTATION_CONTEXT ( 'NONE', 'WORKASPACE' ) );
#4346 = STYLED_ITEM ( 'NONE', ( #5701 ), #3255 ) ;
#4347 = EDGE_LOOP ( 'NONE', ( #2066, #750, #2604, #3867 ) ) ;
#4348 = CARTESIAN_POINT ( 'NONE',  ( -36.50000000000000000, -6.499999999999995600, -0.5999999999999999800 ) ) ;
#4349 = DIRECTION ( 'NONE',  ( -0.0000000000000000000, -0.0000000000000000000, 1.000000000000000000 ) ) ;
#4350 = CARTESIAN_POINT ( 'NONE',  ( 7.000000000000000900, -21.86636897226918600, 3.888184654869864900 ) ) ;
#4351 = ADVANCED_FACE ( 'NONE', ( #2759 ), #6819, .F. ) ;
#4352 = CARTESIAN_POINT ( 'NONE',  ( 27.29999999999999000, -28.19999999999999600, 0.2000000000000000900 ) ) ;
#4353 = ORIENTED_EDGE ( 'NONE', *, *, #4721, .T. ) ;
#4354 = CLOSED_SHELL ( 'NONE', ( #1418, #4253, #7315, #6555 ) ) ;
#4355 = LINE ( 'NONE', #1290, #5824 ) ;
#4356 = FACE_OUTER_BOUND ( 'NONE', #6693, .T. ) ;
#4357 = ORIENTED_EDGE ( 'NONE', *, *, #6793, .T. ) ;
#4358 = CARTESIAN_POINT ( 'NONE',  ( 14.00000000000000000, -27.00000000000000000, -0.5999999999999999800 ) ) ;
#4359 = CARTESIAN_POINT ( 'NONE',  ( 39.00000000000000000, 26.99999999999999300, -2.149999999999999900 ) ) ;
#4360 = VERTEX_POINT ( 'NONE', #4379 ) ;
#4361 = PRESENTATION_LAYER_ASSIGNMENT (  '', '', ( #3978 ) ) ;
#4362 = FILL_AREA_STYLE_COLOUR ( '', #783 ) ;
#4363 = VERTEX_POINT ( 'NONE', #2424 ) ;
#4364 = VERTEX_POINT ( 'NONE', #224 ) ;
#4365 = ORIENTED_EDGE ( 'NONE', *, *, #6969, .T. ) ;
#4366 = ORIENTED_EDGE ( 'NONE', *, *, #2358, .F. ) ;
#4367 = SURFACE_STYLE_FILL_AREA ( #3681 ) ;
#4368 = DIRECTION ( 'NONE',  ( -1.000000000000000000, 3.182978855003314300E-016, 0.0000000000000000000 ) ) ;
#4369 = PLANE ( 'NONE',  #6476 ) ;
#4370 = EDGE_CURVE ( 'NONE', #5797, #1624, #1706, .T. ) ;
#4371 = CARTESIAN_POINT ( 'NONE',  ( -38.90000000000003400, 25.99999999999998900, 4.599999999999999600 ) ) ;
#4372 = FILL_AREA_STYLE_COLOUR ( '', #2841 ) ;
#4373 = PLANE ( 'NONE',  #902 ) ;
#4374 = ORIENTED_EDGE ( 'NONE', *, *, #232, .T. ) ;
#4375 = DIRECTION ( 'NONE',  ( -1.000000000000000000, 0.0000000000000000000, 0.0000000000000000000 ) ) ;
#4376 = VECTOR ( 'NONE', #206, 1000.000000000000000 ) ;
#4377 = STYLED_ITEM ( 'NONE', ( #2509 ), #5942 ) ;
#4378 = CARTESIAN_POINT ( 'NONE',  ( 39.00000000000000700, -26.99999999999999600, 4.850000000000000500 ) ) ;
#4379 = CARTESIAN_POINT ( 'NONE',  ( -7.000000000000000000, -24.59999999999999800, 3.523828854549352100 ) ) ;
#4380 = ORIENTED_EDGE ( 'NONE', *, *, #1560, .T. ) ;
#4381 = FILL_AREA_STYLE ('',( #3810 ) ) ;
#4382 = ADVANCED_FACE ( 'NONE', ( #3173 ), #4121, .F. ) ;
#4383 = DIRECTION ( 'NONE',  ( 1.000000000000000000, 0.0000000000000000000, -0.0000000000000000000 ) ) ;
#4384 = VERTEX_POINT ( 'NONE', #4120 ) ;
#4385 = CARTESIAN_POINT ( 'NONE',  ( 0.0000000000000000000, 0.0000000000000000000, 4.599999999999999600 ) ) ;
#4386 = DIRECTION ( 'NONE',  ( 0.0000000000000000000, 0.0000000000000000000, -1.000000000000000000 ) ) ;
#4387 = FACE_OUTER_BOUND ( 'NONE', #4192, .T. ) ;
#4388 =( NAMED_UNIT ( * ) SI_UNIT ( $, .STERADIAN. ) SOLID_ANGLE_UNIT ( ) );
#4389 = LINE ( 'NONE', #3177, #7190 ) ;
#4390 = UNCERTAINTY_MEASURE_WITH_UNIT (LENGTH_MEASURE( 1.000000000000000100E-005 ), #2130, 'distance_accuracy_value', 'NONE');
#4391 = ORIENTED_EDGE ( 'NONE', *, *, #3546, .T. ) ;
#4392 = VECTOR ( 'NONE', #4449, 1000.000000000000000 ) ;
#4393 = VECTOR ( 'NONE', #5236, 1000.000000000000000 ) ;
#4394 = PRESENTATION_LAYER_ASSIGNMENT (  '', '', ( #5883 ) ) ;
#4395 = CARTESIAN_POINT ( 'NONE',  ( -50.00000000000000700, 22.20000000000001400, -0.6500000000000000200 ) ) ;
#4396 = DIRECTION ( 'NONE',  ( -0.0000000000000000000, -0.0000000000000000000, 1.000000000000000000 ) ) ;
#4397 = FILL_AREA_STYLE_COLOUR ( '', #2983 ) ;
#4398 = CARTESIAN_POINT ( 'NONE',  ( -38.90000000000003400, 25.99999999999998900, 4.599999999999999600 ) ) ;
#4399 = CARTESIAN_POINT ( 'NONE',  ( -38.99999999999999300, -27.00000000000000400, 4.850000000000000500 ) ) ;
#4400 = PRESENTATION_STYLE_ASSIGNMENT (( #3006 ) ) ;
#4401 = DIRECTION ( 'NONE',  ( 0.0000000000000000000, -0.0000000000000000000, 1.000000000000000000 ) ) ;
#4402 = ORIENTED_EDGE ( 'NONE', *, *, #6055, .T. ) ;
#4403 = CARTESIAN_POINT ( 'NONE',  ( 39.99999999999998600, 17.20000000000000600, -0.6500000000000008000 ) ) ;
#4404 = FILL_AREA_STYLE_COLOUR ( '', #5604 ) ;
#4405 = VERTEX_POINT ( 'NONE', #4921 ) ;
#4406 = EDGE_CURVE ( 'NONE', #4143, #6405, #5499, .T. ) ;
#4407 = ORIENTED_EDGE ( 'NONE', *, *, #5253, .T. ) ;
#4408 = ORIENTED_EDGE ( 'NONE', *, *, #5173, .F. ) ;
#4409 = PLANE ( 'NONE',  #1837 ) ;
#4410 = CARTESIAN_POINT ( 'NONE',  ( -32.63499999999998400, -28.19999999999999600, -13.29999999999999900 ) ) ;
#4411 = FACE_OUTER_BOUND ( 'NONE', #10, .T. ) ;
#4412 = ORIENTED_EDGE ( 'NONE', *, *, #5750, .T. ) ;
#4413 = CYLINDRICAL_SURFACE ( 'NONE', #5827, 0.2549999999999982800 ) ;
#4414 = ORIENTED_EDGE ( 'NONE', *, *, #3818, .T. ) ;
#4415 = PRODUCT_RELATED_PRODUCT_CATEGORY ( 'part', '', ( #212 ) ) ;
#4416 = SURFACE_STYLE_FILL_AREA ( #1836 ) ;
#4417 = CARTESIAN_POINT ( 'NONE',  ( 25.01499999999999000, -28.19999999999999600, -13.29999999999999900 ) ) ;
#4418 = ADVANCED_FACE ( 'NONE', ( #979 ), #6276, .T. ) ;
#4419 = DIRECTION ( 'NONE',  ( -1.559302000878032900E-015, 1.000000000000000000, 0.0000000000000000000 ) ) ;
#4420 = VECTOR ( 'NONE', #947, 1000.000000000000000 ) ;
#4421 = AXIS2_PLACEMENT_3D ( 'NONE', #652, #4617, #1227 ) ;
#4422 = VERTEX_POINT ( 'NONE', #5041 ) ;
#4423 = UNCERTAINTY_MEASURE_WITH_UNIT (LENGTH_MEASURE( 1.000000000000000100E-005 ), #1840, 'distance_accuracy_value', 'NONE');
#4424 =( LENGTH_UNIT ( ) NAMED_UNIT ( * ) SI_UNIT ( .MILLI., .METRE. ) );
#4425 =( NAMED_UNIT ( * ) PLANE_ANGLE_UNIT ( ) SI_UNIT ( $, .RADIAN. ) );
#4426 = CARTESIAN_POINT ( 'NONE',  ( 29.83999999999999300, -28.19999999999999600, -13.29999999999999900 ) ) ;
#4427 = CIRCLE ( 'NONE', #3558, 0.2549999999999982800 ) ;
#4428 = CARTESIAN_POINT ( 'NONE',  ( -32.37999999999998800, -28.19999999999999600, 0.2000000000000000900 ) ) ;
#4429 = ORIENTED_EDGE ( 'NONE', *, *, #6319, .F. ) ;
#4430 = PRESENTATION_LAYER_ASSIGNMENT (  '', '', ( #3671 ) ) ;
#4431 = DIRECTION ( 'NONE',  ( -0.0000000000000000000, -0.0000000000000000000, -1.000000000000000000 ) ) ;
#4432 = LINE ( 'NONE', #1984, #6096 ) ;
#4433 = DIRECTION ( 'NONE',  ( 0.0000000000000000000, -1.000000000000000000, 0.0000000000000000000 ) ) ;
#4434 = DIRECTION ( 'NONE',  ( -0.0000000000000000000, -0.0000000000000000000, 1.000000000000000000 ) ) ;
#4435 = DIRECTION ( 'NONE',  ( 1.284980352575413200E-016, 1.000000000000000000, 0.0000000000000000000 ) ) ;
#4436 = FACE_OUTER_BOUND ( 'NONE', #2346, .T. ) ;
#4437 = PRESENTATION_LAYER_ASSIGNMENT (  '', '', ( #3675 ) ) ;
#4438 = CARTESIAN_POINT ( 'NONE',  ( 39.00000000000000700, -22.55000000000000800, 1.899999999999999900 ) ) ;
#4439 = CARTESIAN_POINT ( 'NONE',  ( 24.50499999999999200, -28.19999999999999600, 0.2000000000000000900 ) ) ;
#4440 = PRESENTATION_LAYER_ASSIGNMENT (  '', '', ( #4304 ) ) ;
#4441 = EDGE_CURVE ( 'NONE', #890, #4776, #1966, .T. ) ;
#4442 = PRESENTATION_STYLE_ASSIGNMENT (( #4614 ) ) ;
#4443 = SURFACE_SIDE_STYLE ('',( #3457 ) ) ;
#4444 = FILL_AREA_STYLE ('',( #477 ) ) ;
#4445 = ORIENTED_EDGE ( 'NONE', *, *, #5339, .T. ) ;
#4446 = CARTESIAN_POINT ( 'NONE',  ( 38.99999999999998600, -24.38000000000000300, -0.0000000000000000000 ) ) ;
#4447 = ORIENTED_EDGE ( 'NONE', *, *, #5497, .F. ) ;
#4448 = DIRECTION ( 'NONE',  ( -1.000000000000000000, 3.182978855003314800E-016, 0.0000000000000000000 ) ) ;
#4449 = DIRECTION ( 'NONE',  ( -0.0000000000000000000, -0.0000000000000000000, -1.000000000000000000 ) ) ;
#4450 = DIRECTION ( 'NONE',  ( -1.000000000000000000, 0.0000000000000000000, 0.0000000000000000000 ) ) ;
#4451 = MECHANICAL_DESIGN_GEOMETRIC_PRESENTATION_REPRESENTATION (  '', ( #3687 ), #4836 ) ;
#4452 = ORIENTED_EDGE ( 'NONE', *, *, #6460, .T. ) ;
#4453 = FILL_AREA_STYLE ('',( #1725 ) ) ;
#4454 = EDGE_LOOP ( 'NONE', ( #3962, #3237, #6991, #4357 ) ) ;
#4455 = ADVANCED_FACE ( 'NONE', ( #3266 ), #1014, .T. ) ;
#4456 =( NAMED_UNIT ( * ) PLANE_ANGLE_UNIT ( ) SI_UNIT ( $, .RADIAN. ) );
#4457 = EDGE_CURVE ( 'NONE', #5213, #503, #4250, .T. ) ;
#4458 = UNCERTAINTY_MEASURE_WITH_UNIT (LENGTH_MEASURE( 1.000000000000000100E-005 ), #4691, 'distance_accuracy_value', 'NONE');
#4459 = MECHANICAL_DESIGN_GEOMETRIC_PRESENTATION_REPRESENTATION (  '', ( #3311 ), #4845 ) ;
#4460 = DIRECTION ( 'NONE',  ( 1.000000000000000000, 0.0000000000000000000, 0.0000000000000000000 ) ) ;
#4461 = FILL_AREA_STYLE ('',( #3611 ) ) ;
#4462 = EDGE_CURVE ( 'NONE', #4081, #4181, #7230, .T. ) ;
#4463 = CIRCLE ( 'NONE', #1296, 0.2549999999999982800 ) ;
#4464 = CARTESIAN_POINT ( 'NONE',  ( -28.49999999999998200, -24.00000000000000000, -0.5999999999999999800 ) ) ;
#4465 =( LENGTH_UNIT ( ) NAMED_UNIT ( * ) SI_UNIT ( .MILLI., .METRE. ) );
#4466 = CARTESIAN_POINT ( 'NONE',  ( -7.000000000000000900, -21.84455075142213700, 4.021845557562723900 ) ) ;
#4467 = EDGE_LOOP ( 'NONE', ( #3935, #6992 ) ) ;
#4468 = ORIENTED_EDGE ( 'NONE', *, *, #5772, .T. ) ;
#4469 = LINE ( 'NONE', #3550, #4290 ) ;
#4470 =( GEOMETRIC_REPRESENTATION_CONTEXT ( 3 ) GLOBAL_UNCERTAINTY_ASSIGNED_CONTEXT ( ( #1640 ) ) GLOBAL_UNIT_ASSIGNED_CONTEXT ( ( #6975, #4020, #4286 ) ) REPRESENTATION_CONTEXT ( 'NONE', 'WORKASPACE' ) );
#4471 = DIRECTION ( 'NONE',  ( -0.0000000000000000000, -0.0000000000000000000, -1.000000000000000000 ) ) ;
#4472 = DIRECTION ( 'NONE',  ( 0.0000000000000000000, 1.000000000000000000, 0.0000000000000000000 ) ) ;
#4473 = DIRECTION ( 'NONE',  ( 1.000000000000000000, 0.0000000000000000000, -0.0000000000000000000 ) ) ;
#4474 = CARTESIAN_POINT ( 'NONE',  ( 7.000000000000000000, -25.85345190671684200, -1.145420074497599300 ) ) ;
#4475 = ORIENTED_EDGE ( 'NONE', *, *, #2083, .T. ) ;
#4476 = VECTOR ( 'NONE', #1144, 1000.000000000000000 ) ;
#4477 = LINE ( 'NONE', #2451, #2975 ) ;
#4478 = MECHANICAL_DESIGN_GEOMETRIC_PRESENTATION_REPRESENTATION (  '', ( #4242 ), #3720 ) ;
#4479 = ORIENTED_EDGE ( 'NONE', *, *, #5008, .T. ) ;
#4480 = EDGE_CURVE ( 'NONE', #6156, #909, #2752, .T. ) ;
#4481 = DIRECTION ( 'NONE',  ( -0.0000000000000000000, -0.0000000000000000000, -1.000000000000000000 ) ) ;
#4482 = CARTESIAN_POINT ( 'NONE',  ( 7.000000000000000900, -23.47590573562306900, 3.799999999999996300 ) ) ;
#4483 = DIRECTION ( 'NONE',  ( -0.0000000000000000000, -0.0000000000000000000, -1.000000000000000000 ) ) ;
#4484 = UNCERTAINTY_MEASURE_WITH_UNIT (LENGTH_MEASURE( 1.000000000000000100E-005 ), #403, 'distance_accuracy_value', 'NONE');
#4485 = ORIENTED_EDGE ( 'NONE', *, *, #2888, .T. ) ;
#4486 =( GEOMETRIC_REPRESENTATION_CONTEXT ( 3 ) GLOBAL_UNCERTAINTY_ASSIGNED_CONTEXT ( ( #6273 ) ) GLOBAL_UNIT_ASSIGNED_CONTEXT ( ( #4080, #684, #4662 ) ) REPRESENTATION_CONTEXT ( 'NONE', 'WORKASPACE' ) );
#4487 = CARTESIAN_POINT ( 'NONE',  ( 32.12499999999998600, -28.19999999999999600, 0.2000000000000000900 ) ) ;
#4488 = CARTESIAN_POINT ( 'NONE',  ( -39.00000000000000000, -24.37999999999999200, -2.149999999999999900 ) ) ;
#4489 = SURFACE_STYLE_FILL_AREA ( #5896 ) ;
#4490 = LINE ( 'NONE', #1853, #3950 ) ;
#4491 = DIRECTION ( 'NONE',  ( 0.0000000000000000000, 0.0000000000000000000, 1.000000000000000000 ) ) ;
#4492 = ORIENTED_EDGE ( 'NONE', *, *, #2978, .F. ) ;
#4493 = COLOUR_RGB ( '',1.000000000000000000, 1.000000000000000000, 1.000000000000000000 ) ;
#4494 = EDGE_LOOP ( 'NONE', ( #938, #2481, #567, #5119 ) ) ;
#4495 = EDGE_CURVE ( 'NONE', #909, #4287, #7061, .T. ) ;
#4496 = CARTESIAN_POINT ( 'NONE',  ( -38.89999999999999100, 25.90000000000000600, 1.899999999999999900 ) ) ;
#4497 = ADVANCED_FACE ( 'NONE', ( #1076 ), #2080, .F. ) ;
#4498 = FILL_AREA_STYLE_COLOUR ( '', #437 ) ;
#4499 = AXIS2_PLACEMENT_3D ( 'NONE', #7245, #341, #1591 ) ;
#4500 = VERTEX_POINT ( 'NONE', #5122 ) ;
#4501 = EDGE_LOOP ( 'NONE', ( #6025, #2820, #918, #1129 ) ) ;
#4502 = FACE_OUTER_BOUND ( 'NONE', #5264, .T. ) ;
#4503 =( GEOMETRIC_REPRESENTATION_CONTEXT ( 3 ) GLOBAL_UNCERTAINTY_ASSIGNED_CONTEXT ( ( #5731 ) ) GLOBAL_UNIT_ASSIGNED_CONTEXT ( ( #3880, #964, #5531 ) ) REPRESENTATION_CONTEXT ( 'NONE', 'WORKASPACE' ) );
#4504 = FACE_OUTER_BOUND ( 'NONE', #3442, .T. ) ;
#4505 = CARTESIAN_POINT ( 'NONE',  ( 16.00000000000000000, -14.00000000000000000, -0.5999999999999999800 ) ) ;
#4506 = EDGE_LOOP ( 'NONE', ( #1339, #2144 ) ) ;
#4507 = ORIENTED_EDGE ( 'NONE', *, *, #1913, .F. ) ;
#4508 =( NAMED_UNIT ( * ) PLANE_ANGLE_UNIT ( ) SI_UNIT ( $, .RADIAN. ) );
#4509 = SURFACE_SIDE_STYLE ('',( #4084 ) ) ;
#4510 = SURFACE_SIDE_STYLE ('',( #4778 ) ) ;
#4511 = CARTESIAN_POINT ( 'NONE',  ( -40.00000000000000700, 27.00000000000000400, -2.149999999999999900 ) ) ;
#4512 = CARTESIAN_POINT ( 'NONE',  ( -39.00000000000000000, -19.54999999999999700, 4.850000000000000500 ) ) ;
#4513 = DIRECTION ( 'NONE',  ( 0.0000000000000000000, 0.0000000000000000000, -1.000000000000000000 ) ) ;
#4514 = LINE ( 'NONE', #3252, #164 ) ;
#4515 = ORIENTED_EDGE ( 'NONE', *, *, #146, .T. ) ;
#4516 = DIRECTION ( 'NONE',  ( -0.0000000000000000000, -0.0000000000000000000, 1.000000000000000000 ) ) ;
#4517 = SURFACE_STYLE_FILL_AREA ( #5995 ) ;
#4518 = VECTOR ( 'NONE', #6186, 1000.000000000000000 ) ;
#4519 = CARTESIAN_POINT ( 'NONE',  ( -40.00000000000000700, 27.00000000000000400, 1.899999999999999900 ) ) ;
#4520 = CIRCLE ( 'NONE', #4784, 0.2549999999999982800 ) ;
#4521 = EDGE_CURVE ( 'NONE', #3830, #4136, #782, .T. ) ;
#4522 = ORIENTED_EDGE ( 'NONE', *, *, #3452, .T. ) ;
#4523 = SURFACE_STYLE_USAGE ( .BOTH. , #7298 ) ;
#4524 = DIRECTION ( 'NONE',  ( -0.0000000000000000000, -1.000000000000000000, -0.0000000000000000000 ) ) ;
#4525 =( GEOMETRIC_REPRESENTATION_CONTEXT ( 3 ) GLOBAL_UNCERTAINTY_ASSIGNED_CONTEXT ( ( #4702 ) ) GLOBAL_UNIT_ASSIGNED_CONTEXT ( ( #1936, #6429, #7007 ) ) REPRESENTATION_CONTEXT ( 'NONE', 'WORKASPACE' ) );
#4526 = LINE ( 'NONE', #7158, #4344 ) ;
#4527 = VERTEX_POINT ( 'NONE', #5412 ) ;
#4528 = PRESENTATION_STYLE_ASSIGNMENT (( #6141 ) ) ;
#4529 = FILL_AREA_STYLE_COLOUR ( '', #4710 ) ;
#4530 = CARTESIAN_POINT ( 'NONE',  ( 38.89999999999989200, -18.50000000000001100, 4.299999999999999800 ) ) ;
#4531 =( NAMED_UNIT ( * ) SI_UNIT ( $, .STERADIAN. ) SOLID_ANGLE_UNIT ( ) );
#4532 = ORIENTED_EDGE ( 'NONE', *, *, #3922, .F. ) ;
#4533 = SURFACE_STYLE_USAGE ( .BOTH. , #581 ) ;
#4534 = CARTESIAN_POINT ( 'NONE',  ( -35.50000000000000000, -22.67999999999996100, -0.5999999999999999800 ) ) ;
#4535 = FACE_OUTER_BOUND ( 'NONE', #2499, .T. ) ;
#4536 = ADVANCED_FACE ( 'NONE', ( #5580 ), #3707, .F. ) ;
#4537 = ORIENTED_EDGE ( 'NONE', *, *, #290, .T. ) ;
#4538 = ADVANCED_FACE ( 'NONE', ( #3541 ), #4336, .T. ) ;
#4539 = ORIENTED_EDGE ( 'NONE', *, *, #1291, .T. ) ;
#4540 = ORIENTED_EDGE ( 'NONE', *, *, #3818, .F. ) ;
#4541 = CARTESIAN_POINT ( 'NONE',  ( 16.00000000000000000, -14.00000000000000000, -0.5999999999999999800 ) ) ;
#4542 = SURFACE_STYLE_USAGE ( .BOTH. , #1152 ) ;
#4543 = DIRECTION ( 'NONE',  ( 2.701009694008263800E-016, 1.000000000000000000, 0.0000000000000000000 ) ) ;
#4544 = MECHANICAL_DESIGN_GEOMETRIC_PRESENTATION_REPRESENTATION (  '', ( #7071 ), #6453 ) ;
#4545 = ORIENTED_EDGE ( 'NONE', *, *, #3785, .T. ) ;
#4546 = VERTEX_POINT ( 'NONE', #2572 ) ;
#4547 = ORIENTED_EDGE ( 'NONE', *, *, #2377, .F. ) ;
#4548 = ORIENTED_EDGE ( 'NONE', *, *, #4480, .F. ) ;
#4549 = VECTOR ( 'NONE', #2844, 1000.000000000000000 ) ;
#4550 = MECHANICAL_DESIGN_GEOMETRIC_PRESENTATION_REPRESENTATION (  '', ( #3775 ), #4916 ) ;
#4551 = CARTESIAN_POINT ( 'NONE',  ( 7.000000000000000000, -20.33580432443955000, 3.799999999999999400 ) ) ;
#4552 = CARTESIAN_POINT ( 'NONE',  ( -39.00000000000000700, 22.20000000000001400, -0.6499999999999999100 ) ) ;
#4553 = CARTESIAN_POINT ( 'NONE',  ( 38.89999999999999900, -24.17999999999999300, -0.0000000000000000000 ) ) ;
#4554 =( NAMED_UNIT ( * ) PLANE_ANGLE_UNIT ( ) SI_UNIT ( $, .RADIAN. ) );
#4555 = DIRECTION ( 'NONE',  ( 0.0000000000000000000, 1.000000000000000000, -0.0000000000000000000 ) ) ;
#4556 = EDGE_CURVE ( 'NONE', #2522, #2248, #7314, .T. ) ;
#4557 = DIRECTION ( 'NONE',  ( 1.000000000000000000, 3.265361837132815600E-016, -0.0000000000000000000 ) ) ;
#4558 = CARTESIAN_POINT ( 'NONE',  ( -7.000000000000000000, -26.77979678078067100, 2.651131150504130400 ) ) ;
#4559 = CARTESIAN_POINT ( 'NONE',  ( 7.000000000000000900, -23.47590573562306900, 3.799999999999996300 ) ) ;
#4560 = ORIENTED_EDGE ( 'NONE', *, *, #232, .F. ) ;
#4561 = LINE ( 'NONE', #2483, #2869 ) ;
#4562 = CARTESIAN_POINT ( 'NONE',  ( 39.00000000000000000, 16.70000000000000600, -0.6500000000000008000 ) ) ;
#4563 = DIRECTION ( 'NONE',  ( -2.775557561562891000E-015, 1.000000000000000000, 0.0000000000000000000 ) ) ;
#4564 = LINE ( 'NONE', #6439, #3037 ) ;
#4565 = CARTESIAN_POINT ( 'NONE',  ( -29.58499999999999400, -28.19999999999999600, 0.2000000000000000900 ) ) ;
#4566 = STYLED_ITEM ( 'NONE', ( #3417 ), #1872 ) ;
#4567 =( LENGTH_UNIT ( ) NAMED_UNIT ( * ) SI_UNIT ( .MILLI., .METRE. ) );
#4568 = ORIENTED_EDGE ( 'NONE', *, *, #5327, .T. ) ;
#4569 = DIRECTION ( 'NONE',  ( 0.0000000000000000000, 0.0000000000000000000, -1.000000000000000000 ) ) ;
#4570 =( NAMED_UNIT ( * ) SI_UNIT ( $, .STERADIAN. ) SOLID_ANGLE_UNIT ( ) );
#4571 = FILL_AREA_STYLE_COLOUR ( '', #3122 ) ;
#4572 = AXIS2_PLACEMENT_3D ( 'NONE', #2787, #6712, #6133 ) ;
#4573 = ORIENTED_EDGE ( 'NONE', *, *, #5615, .F. ) ;
#4574 = DIRECTION ( 'NONE',  ( 1.000000000000000000, 0.0000000000000000000, 0.0000000000000000000 ) ) ;
#4575 = COLOUR_RGB ( '',1.000000000000000000, 1.000000000000000000, 1.000000000000000000 ) ;
#4576 = DIRECTION ( 'NONE',  ( 0.0000000000000000000, -1.000000000000000000, 0.0000000000000000000 ) ) ;
#4577 = ADVANCED_FACE ( 'NONE', ( #2838 ), #7217, .F. ) ;
#4578 = CARTESIAN_POINT ( 'NONE',  ( 39.00000000000000700, 17.20000000000000300, -3.850000000000000500 ) ) ;
#4579 = UNCERTAINTY_MEASURE_WITH_UNIT (LENGTH_MEASURE( 1.000000000000000100E-005 ), #203, 'distance_accuracy_value', 'NONE');
#4580 = VERTEX_POINT ( 'NONE', #4998 ) ;
#4581 = EDGE_CURVE ( 'NONE', #3193, #2033, #2311, .T. ) ;
#4582 = EDGE_LOOP ( 'NONE', ( #5134, #5344, #2912, #6367 ) ) ;
#4583 = CYLINDRICAL_SURFACE ( 'NONE', #2065, 0.2549999999999982800 ) ;
#4584 = AXIS2_PLACEMENT_3D ( 'NONE', #1073, #526, #4473 ) ;
#4585 = FILL_AREA_STYLE ('',( #1719 ) ) ;
#4586 = COLOUR_RGB ( '',0.5019607843137254800, 0.5019607843137254800, 1.000000000000000000 ) ;
#4587 = DIRECTION ( 'NONE',  ( 0.0000000000000000000, 1.000000000000000000, 0.0000000000000000000 ) ) ;
#4588 = COLOUR_RGB ( '',0.7529411764705882200, 0.7529411764705882200, 0.7529411764705882200 ) ;
#4589 = SURFACE_SIDE_STYLE ('',( #6762 ) ) ;
#4590 = PRESENTATION_STYLE_ASSIGNMENT (( #2863 ) ) ;
#4591 = DIRECTION ( 'NONE',  ( -1.000000000000000000, -0.0000000000000000000, -0.0000000000000000000 ) ) ;
#4592 = EDGE_CURVE ( 'NONE', #953, #374, #3804, .T. ) ;
#4593 = SURFACE_STYLE_FILL_AREA ( #4940 ) ;
#4594 = DIRECTION ( 'NONE',  ( 1.000000000000000000, -0.0000000000000000000, -0.0000000000000000000 ) ) ;
#4595 = PRESENTATION_LAYER_ASSIGNMENT (  '', '', ( #3823 ) ) ;
#4596 = SURFACE_STYLE_USAGE ( .BOTH. , #1206 ) ;
#4597 = SURFACE_STYLE_FILL_AREA ( #3794 ) ;
#4598 = ORIENTED_EDGE ( 'NONE', *, *, #3534, .F. ) ;
#4599 = VERTEX_POINT ( 'NONE', #2102 ) ;
#4600 =( NAMED_UNIT ( * ) SI_UNIT ( $, .STERADIAN. ) SOLID_ANGLE_UNIT ( ) );
#4601 = UNCERTAINTY_MEASURE_WITH_UNIT (LENGTH_MEASURE( 1.000000000000000100E-005 ), #4750, 'distance_accuracy_value', 'NONE');
#4602 = ORIENTED_EDGE ( 'NONE', *, *, #1268, .T. ) ;
#4603 = SURFACE_STYLE_USAGE ( .BOTH. , #6852 ) ;
#4604 = FACE_OUTER_BOUND ( 'NONE', #5594, .T. ) ;
#4605 = LINE ( 'NONE', #1962, #3070 ) ;
#4606 = ORIENTED_EDGE ( 'NONE', *, *, #7068, .F. ) ;
#4607 = SURFACE_SIDE_STYLE ('',( #5813 ) ) ;
#4608 =( NAMED_UNIT ( * ) SI_UNIT ( $, .STERADIAN. ) SOLID_ANGLE_UNIT ( ) );
#4609 = DIRECTION ( 'NONE',  ( 0.0000000000000000000, -1.000000000000000000, 0.0000000000000000000 ) ) ;
#4610 = PRESENTATION_LAYER_ASSIGNMENT (  '', '', ( #3835 ) ) ;
#4611 = CARTESIAN_POINT ( 'NONE',  ( -27.04499999999999100, -28.19999999999999600, 0.2000000000000000900 ) ) ;
#4612 = EDGE_CURVE ( 'NONE', #1705, #2623, #5135, .T. ) ;
#4613 = LINE ( 'NONE', #1494, #1596 ) ;
#4614 = SURFACE_STYLE_USAGE ( .BOTH. , #650 ) ;
#4615 = DIRECTION ( 'NONE',  ( 1.000000000000000000, -0.0000000000000000000, -0.0000000000000000000 ) ) ;
#4616 = STYLED_ITEM ( 'NONE', ( #3527 ), #1684 ) ;
#4617 = DIRECTION ( 'NONE',  ( 0.0000000000000000000, -1.000000000000000000, 0.0000000000000000000 ) ) ;
#4618 = ORIENTED_EDGE ( 'NONE', *, *, #2978, .T. ) ;
#4619 = FACE_OUTER_BOUND ( 'NONE', #992, .T. ) ;
#4620 = ADVANCED_FACE ( 'NONE', ( #3630 ), #1521, .F. ) ;
#4621 = VECTOR ( 'NONE', #765, 1000.000000000000000 ) ;
#4622 = ADVANCED_FACE ( 'NONE', ( #4619 ), #3793, .T. ) ;
#4623 = AXIS2_PLACEMENT_3D ( 'NONE', #2871, #6812, #44 ) ;
#4624 =( NAMED_UNIT ( * ) SI_UNIT ( $, .STERADIAN. ) SOLID_ANGLE_UNIT ( ) );
#4625 = EDGE_CURVE ( 'NONE', #5391, #3043, #6901, .T. ) ;
#4626 = ORIENTED_EDGE ( 'NONE', *, *, #788, .F. ) ;
#4627 = CARTESIAN_POINT ( 'NONE',  ( -7.000000000000000900, -22.57080197084797000, 3.831896257166642600 ) ) ;
#4628 = CARTESIAN_POINT ( 'NONE',  ( -28.49999999999998200, -24.00000000000000000, -0.7999999999999999300 ) ) ;
#4629 = STYLED_ITEM ( 'NONE', ( #1031 ), #2800 ) ;
#4630 = LINE ( 'NONE', #4783, #103 ) ;
#4631 = SURFACE_STYLE_FILL_AREA ( #2094 ) ;
#4632 = CARTESIAN_POINT ( 'NONE',  ( 0.0000000000000000000, 0.0000000000000000000, -2.149999999999999900 ) ) ;
#4633 = ORIENTED_EDGE ( 'NONE', *, *, #7076, .F. ) ;
#4634 = ORIENTED_EDGE ( 'NONE', *, *, #4592, .F. ) ;
#4635 = CARTESIAN_POINT ( 'NONE',  ( 32.09999999999998700, 26.00000000000000400, 4.850000000000000500 ) ) ;
#4636 = AXIS2_PLACEMENT_3D ( 'NONE', #5146, #2422, #4137 ) ;
#4637 = VERTEX_POINT ( 'NONE', #3557 ) ;
#4638 = DIRECTION ( 'NONE',  ( 0.0000000000000000000, 0.0000000000000000000, -1.000000000000000000 ) ) ;
#4639 = LINE ( 'NONE', #6268, #2935 ) ;
#4640 = CARTESIAN_POINT ( 'NONE',  ( 32.09999999999998700, 27.00000000000000400, 1.899999999999999900 ) ) ;
#4641 = CARTESIAN_POINT ( 'NONE',  ( -27.29999999999999000, -28.19999999999999600, 0.2000000000000000900 ) ) ;
#4642 = ORIENTED_EDGE ( 'NONE', *, *, #3187, .F. ) ;
#4643 = MECHANICAL_DESIGN_GEOMETRIC_PRESENTATION_REPRESENTATION (  '', ( #5749 ), #2082 ) ;
#4644 = ORIENTED_EDGE ( 'NONE', *, *, #395, .F. ) ;
#4645 = VECTOR ( 'NONE', #1570, 1000.000000000000000 ) ;
#4646 = DIRECTION ( 'NONE',  ( -1.000000000000000000, -0.0000000000000000000, -0.0000000000000000000 ) ) ;
#4647 =( NAMED_UNIT ( * ) SI_UNIT ( $, .STERADIAN. ) SOLID_ANGLE_UNIT ( ) );
#4648 = DIRECTION ( 'NONE',  ( 0.0000000000000000000, -1.000000000000000000, 0.0000000000000000000 ) ) ;
#4649 =( GEOMETRIC_REPRESENTATION_CONTEXT ( 3 ) GLOBAL_UNCERTAINTY_ASSIGNED_CONTEXT ( ( #261 ) ) GLOBAL_UNIT_ASSIGNED_CONTEXT ( ( #1467, #5427, #6522 ) ) REPRESENTATION_CONTEXT ( 'NONE', 'WORKASPACE' ) );
#4650 = ORIENTED_EDGE ( 'NONE', *, *, #901, .T. ) ;
#4651 = COLOUR_RGB ( '',0.5019607843137254800, 0.5019607843137254800, 1.000000000000000000 ) ;
#4652 = FILL_AREA_STYLE ('',( #289 ) ) ;
#4653 =( GEOMETRIC_REPRESENTATION_CONTEXT ( 3 ) GLOBAL_UNCERTAINTY_ASSIGNED_CONTEXT ( ( #627 ) ) GLOBAL_UNIT_ASSIGNED_CONTEXT ( ( #5703, #1771, #6265 ) ) REPRESENTATION_CONTEXT ( 'NONE', 'WORKASPACE' ) );
#4654 = STYLED_ITEM ( 'NONE', ( #7010 ), #2605 ) ;
#4655 = CARTESIAN_POINT ( 'NONE',  ( 38.90000000000003400, 25.99999999999998900, 4.299999999999999800 ) ) ;
#4656 = ADVANCED_FACE ( 'NONE', ( #1066 ), #6457, .F. ) ;
#4657 = FILL_AREA_STYLE_COLOUR ( '', #6267 ) ;
#4658 = DIRECTION ( 'NONE',  ( 1.000000000000000000, -1.284980352575413200E-016, -0.0000000000000000000 ) ) ;
#4659 = DIRECTION ( 'NONE',  ( 1.000000000000000000, 0.0000000000000000000, 0.0000000000000000000 ) ) ;
#4660 = PLANE ( 'NONE',  #1280 ) ;
#4661 = LINE ( 'NONE', #5947, #2178 ) ;
#4662 =( NAMED_UNIT ( * ) SI_UNIT ( $, .STERADIAN. ) SOLID_ANGLE_UNIT ( ) );
#4663 = CARTESIAN_POINT ( 'NONE',  ( -39.00000000000000000, 27.00000000000000400, -2.149999999999999900 ) ) ;
#4664 =( NAMED_UNIT ( * ) SI_UNIT ( $, .STERADIAN. ) SOLID_ANGLE_UNIT ( ) );
#4665 = CARTESIAN_POINT ( 'NONE',  ( 0.0000000000000000000, 0.0000000000000000000, -0.7999999999999999300 ) ) ;
#4666 =( NAMED_UNIT ( * ) PLANE_ANGLE_UNIT ( ) SI_UNIT ( $, .RADIAN. ) );
#4667 = VECTOR ( 'NONE', #6129, 1000.000000000000000 ) ;
#4668 = ORIENTED_EDGE ( 'NONE', *, *, #6285, .F. ) ;
#4669 = VERTEX_POINT ( 'NONE', #4806 ) ;
#4670 = VECTOR ( 'NONE', #2913, 1000.000000000000000 ) ;
#4671 = UNCERTAINTY_MEASURE_WITH_UNIT (LENGTH_MEASURE( 1.000000000000000100E-005 ), #994, 'distance_accuracy_value', 'NONE');
#4672 = EDGE_CURVE ( 'NONE', #6922, #4125, #4074, .T. ) ;
#4673 = DIRECTION ( 'NONE',  ( -1.000000000000000000, 0.0000000000000000000, 0.0000000000000000000 ) ) ;
#4674 = CARTESIAN_POINT ( 'NONE',  ( -7.000000000000001800, -24.43789702601973300, -1.172479684601381200 ) ) ;
#4675 = ORIENTED_EDGE ( 'NONE', *, *, #1276, .T. ) ;
#4676 = FACE_BOUND ( 'NONE', #6428, .T. ) ;
#4677 = SURFACE_STYLE_FILL_AREA ( #5958 ) ;
#4678 = MANIFOLD_SOLID_BREP ( 'Boss-Extrude7[5]', #771 ) ;
#4679 = MECHANICAL_DESIGN_GEOMETRIC_PRESENTATION_REPRESENTATION (  '', ( #3520 ), #5038 ) ;
#4680 = ORIENTED_EDGE ( 'NONE', *, *, #5966, .T. ) ;
#4681 =( LENGTH_UNIT ( ) NAMED_UNIT ( * ) SI_UNIT ( .MILLI., .METRE. ) );
#4682 =( NAMED_UNIT ( * ) PLANE_ANGLE_UNIT ( ) SI_UNIT ( $, .RADIAN. ) );
#4683 = VECTOR ( 'NONE', #4419, 1000.000000000000000 ) ;
#4684 = CARTESIAN_POINT ( 'NONE',  ( -40.00000000000000700, 23.20000000000001700, 1.899999999999999900 ) ) ;
#4685 = SURFACE_STYLE_USAGE ( .BOTH. , #1331 ) ;
#4686 = EDGE_LOOP ( 'NONE', ( #3182, #2598, #4142, #5642, #7229, #5550, #3925, #2843, #4887, #330, #4408, #6784, #5021, #5270, #4626, #5447, #408, #2770, #4758, #5102, #1461, #6059, #609, #1390 ) ) ;
#4687 = VECTOR ( 'NONE', #6328, 1000.000000000000000 ) ;
#4688 = ORIENTED_EDGE ( 'NONE', *, *, #925, .F. ) ;
#4689 = DIRECTION ( 'NONE',  ( 1.000000000000000000, 0.0000000000000000000, -0.0000000000000000000 ) ) ;
#4690 = FILL_AREA_STYLE_COLOUR ( '', #5298 ) ;
#4691 =( LENGTH_UNIT ( ) NAMED_UNIT ( * ) SI_UNIT ( .MILLI., .METRE. ) );
#4692 = ORIENTED_EDGE ( 'NONE', *, *, #6960, .T. ) ;
#4693 = EDGE_CURVE ( 'NONE', #6940, #333, #1871, .T. ) ;
#4694 = VECTOR ( 'NONE', #4259, 1000.000000000000000 ) ;
#4695 = ORIENTED_EDGE ( 'NONE', *, *, #6184, .T. ) ;
#4696 = ORIENTED_EDGE ( 'NONE', *, *, #5062, .F. ) ;
#4697 = AXIS2_PLACEMENT_3D ( 'NONE', #2781, #1973, #5860 ) ;
#4698 = FILL_AREA_STYLE_COLOUR ( '', #1904 ) ;
#4699 = AXIS2_PLACEMENT_3D ( 'NONE', #5277, #1348, #6205 ) ;
#4700 = CARTESIAN_POINT ( 'NONE',  ( -7.000000000000001800, -23.80377424504745000, -1.034061401396614300 ) ) ;
#4701 = FACE_OUTER_BOUND ( 'NONE', #5249, .T. ) ;
#4702 = UNCERTAINTY_MEASURE_WITH_UNIT (LENGTH_MEASURE( 1.000000000000000100E-005 ), #1936, 'distance_accuracy_value', 'NONE');
#4703 = PRESENTATION_STYLE_ASSIGNMENT (( #7101 ) ) ;
#4704 = EDGE_CURVE ( 'NONE', #5465, #4546, #5334, .T. ) ;
#4705 = CIRCLE ( 'NONE', #1654, 1.000000000000000900 ) ;
#4706 =( LENGTH_UNIT ( ) NAMED_UNIT ( * ) SI_UNIT ( .MILLI., .METRE. ) );
#4707 = FILL_AREA_STYLE_COLOUR ( '', #4588 ) ;
#4708 = LINE ( 'NONE', #1279, #6172 ) ;
#4709 = ORIENTED_EDGE ( 'NONE', *, *, #5483, .F. ) ;
#4710 = COLOUR_RGB ( '',0.0000000000000000000, 0.7529411764705882200, 0.0000000000000000000 ) ;
#4711 = PLANE ( 'NONE',  #1269 ) ;
#4712 = LINE ( 'NONE', #1452, #5988 ) ;
#4713 = AXIS2_PLACEMENT_3D ( 'NONE', #2785, #6729, #3349 ) ;
#4714 = EDGE_LOOP ( 'NONE', ( #1481, #2374, #4095, #6492 ) ) ;
#4715 = SURFACE_SIDE_STYLE ('',( #5574 ) ) ;
#4716 = SURFACE_SIDE_STYLE ('',( #465 ) ) ;
#4717 = ORIENTED_EDGE ( 'NONE', *, *, #6841, .T. ) ;
#4718 = VERTEX_POINT ( 'NONE', #4058 ) ;
#4719 = ORIENTED_EDGE ( 'NONE', *, *, #7222, .F. ) ;
#4720 = SURFACE_STYLE_FILL_AREA ( #7082 ) ;
#4721 = EDGE_CURVE ( 'NONE', #3360, #1180, #3353, .T. ) ;
#4722 = PRESENTATION_STYLE_ASSIGNMENT (( #2188 ) ) ;
#4723 = CARTESIAN_POINT ( 'NONE',  ( 35.79999999999999700, -30.00000000000000000, -0.5999999999999999800 ) ) ;
#4724 = CARTESIAN_POINT ( 'NONE',  ( 41.00000000000000700, 22.19999999999999900, -3.850000000000000500 ) ) ;
#4725 = PRESENTATION_LAYER_ASSIGNMENT (  '', '', ( #3951 ) ) ;
#4726 = VERTEX_POINT ( 'NONE', #4534 ) ;
#4727 = ORIENTED_EDGE ( 'NONE', *, *, #2614, .T. ) ;
#4728 = ORIENTED_EDGE ( 'NONE', *, *, #5800, .F. ) ;
#4729 = DIRECTION ( 'NONE',  ( 1.000000000000000000, 0.0000000000000000000, -0.0000000000000000000 ) ) ;
#4730 = VERTEX_POINT ( 'NONE', #3487 ) ;
#4731 = LINE ( 'NONE', #2361, #201 ) ;
#4732 = STYLED_ITEM ( 'NONE', ( #6064 ), #1243 ) ;
#4733 =( GEOMETRIC_REPRESENTATION_CONTEXT ( 3 ) GLOBAL_UNCERTAINTY_ASSIGNED_CONTEXT ( ( #5429 ) ) GLOBAL_UNIT_ASSIGNED_CONTEXT ( ( #4221, #1402, #1983 ) ) REPRESENTATION_CONTEXT ( 'NONE', 'WORKASPACE' ) );
#4734 = EDGE_CURVE ( 'NONE', #6507, #2076, #3160, .T. ) ;
#4735 = EDGE_CURVE ( 'NONE', #2202, #3811, #4865, .T. ) ;
#4736 = DIRECTION ( 'NONE',  ( 1.284980352575412900E-016, 1.000000000000000000, -2.312964634635744600E-015 ) ) ;
#4737 =( NAMED_UNIT ( * ) PLANE_ANGLE_UNIT ( ) SI_UNIT ( $, .RADIAN. ) );
#4738 = DIRECTION ( 'NONE',  ( -1.000000000000000000, 0.0000000000000000000, 0.0000000000000000000 ) ) ;
#4739 = STYLED_ITEM ( 'NONE', ( #6754 ), #2234 ) ;
#4740 = FACE_BOUND ( 'NONE', #6082, .T. ) ;
#4741 = AXIS2_PLACEMENT_3D ( 'NONE', #1970, #5345, #1383 ) ;
#4742 = EDGE_LOOP ( 'NONE', ( #7270, #130, #2545, #3040 ) ) ;
#4743 = PLANE ( 'NONE',  #1937 ) ;
#4744 = EDGE_CURVE ( 'NONE', #2892, #1315, #6168, .T. ) ;
#4745 = MECHANICAL_DESIGN_GEOMETRIC_PRESENTATION_REPRESENTATION (  '', ( #3978 ), #5114 ) ;
#4746 = FACE_OUTER_BOUND ( 'NONE', #1238, .T. ) ;
#4747 = ORIENTED_EDGE ( 'NONE', *, *, #1366, .T. ) ;
#4748 = EDGE_LOOP ( 'NONE', ( #3475, #2610, #3875, #7244 ) ) ;
#4749 = COLOUR_RGB ( '',0.0000000000000000000, 0.7529411764705882200, 0.0000000000000000000 ) ;
#4750 =( LENGTH_UNIT ( ) NAMED_UNIT ( * ) SI_UNIT ( .MILLI., .METRE. ) );
#4751 = DIRECTION ( 'NONE',  ( 0.0000000000000000000, 0.0000000000000000000, -1.000000000000000000 ) ) ;
#4752 = ORIENTED_EDGE ( 'NONE', *, *, #1560, .F. ) ;
#4753 = SURFACE_STYLE_FILL_AREA ( #1753 ) ;
#4754 = UNCERTAINTY_MEASURE_WITH_UNIT (LENGTH_MEASURE( 1.000000000000000100E-005 ), #2635, 'distance_accuracy_value', 'NONE');
#4755 = ORIENTED_EDGE ( 'NONE', *, *, #5614, .F. ) ;
#4756 = SURFACE_STYLE_USAGE ( .BOTH. , #789 ) ;
#4757 =( LENGTH_UNIT ( ) NAMED_UNIT ( * ) SI_UNIT ( .MILLI., .METRE. ) );
#4758 = ORIENTED_EDGE ( 'NONE', *, *, #4226, .F. ) ;
#4759 = EDGE_CURVE ( 'NONE', #4730, #198, #170, .T. ) ;
#4760 = CYLINDRICAL_SURFACE ( 'NONE', #2518, 0.2549999999999982800 ) ;
#4761 = FACE_OUTER_BOUND ( 'NONE', #109, .T. ) ;
#4762 = VECTOR ( 'NONE', #1885, 1000.000000000000000 ) ;
#4763 = FILL_AREA_STYLE_COLOUR ( '', #5031 ) ;
#4764 = ORIENTED_EDGE ( 'NONE', *, *, #7112, .F. ) ;
#4765 =( NAMED_UNIT ( * ) SI_UNIT ( $, .STERADIAN. ) SOLID_ANGLE_UNIT ( ) );
#4766 = ORIENTED_EDGE ( 'NONE', *, *, #1700, .F. ) ;
#4767 = PRESENTATION_LAYER_ASSIGNMENT (  '', '', ( #4377 ) ) ;
#4768 = EDGE_LOOP ( 'NONE', ( #20, #1879, #2061, #3498 ) ) ;
#4769 = FILL_AREA_STYLE_COLOUR ( '', #2408 ) ;
#4770 = SURFACE_STYLE_FILL_AREA ( #5764 ) ;
#4771 = VERTEX_POINT ( 'NONE', #960 ) ;
#4772 = VERTEX_POINT ( 'NONE', #500 ) ;
#4773 = SURFACE_STYLE_USAGE ( .BOTH. , #1737 ) ;
#4774 = DIRECTION ( 'NONE',  ( -1.000000000000000000, 1.284980352575413200E-016, 0.0000000000000000000 ) ) ;
#4775 = B_SPLINE_CURVE_WITH_KNOTS ( 'NONE', 3,
 ( #1661, #3213, #4466, #520, #3898 ),
 .UNSPECIFIED., .F., .F.,
 ( 4, 1, 4 ),
 ( 0.1465324380183150300, 0.2500000000000000000, 0.3230701931384065100 ),
 .UNSPECIFIED. ) ;
#4776 = VERTEX_POINT ( 'NONE', #398 ) ;
#4777 = EDGE_LOOP ( 'NONE', ( #6015, #3795, #31, #5186 ) ) ;
#4778 = SURFACE_STYLE_FILL_AREA ( #1114 ) ;
#4779 = LINE ( 'NONE', #6540, #3069 ) ;
#4780 = FACE_OUTER_BOUND ( 'NONE', #6162, .T. ) ;
#4781 = ORIENTED_EDGE ( 'NONE', *, *, #3883, .T. ) ;
#4782 = CARTESIAN_POINT ( 'NONE',  ( 19.67999999999998900, -28.19999999999999900, 0.2000000000000000900 ) ) ;
#4783 = CARTESIAN_POINT ( 'NONE',  ( -38.90000000000002000, -18.50000000000001100, 4.299999999999999800 ) ) ;
#4784 = AXIS2_PLACEMENT_3D ( 'NONE', #3760, #6569, #4882 ) ;
#4785 = AXIS2_PLACEMENT_3D ( 'NONE', #5504, #3761, #6008 ) ;
#4786 = CARTESIAN_POINT ( 'NONE',  ( 7.000000000000000000, -26.52446768126150900, -0.7999999999999999300 ) ) ;
#4787 = DIRECTION ( 'NONE',  ( 0.0000000000000000000, -0.0000000000000000000, 1.000000000000000000 ) ) ;
#4788 = EDGE_LOOP ( 'NONE', ( #1582, #1770, #3018, #673 ) ) ;
#4789 =( NAMED_UNIT ( * ) SI_UNIT ( $, .STERADIAN. ) SOLID_ANGLE_UNIT ( ) );
#4790 = CARTESIAN_POINT ( 'NONE',  ( 38.99999999999998600, 23.44999999999998900, 4.850000000000000500 ) ) ;
#4791 = LINE ( 'NONE', #5856, #3262 ) ;
#4792 = ADVANCED_FACE ( 'NONE', ( #7304 ), #5674, .T. ) ;
#4793 = EDGE_LOOP ( 'NONE', ( #1980, #3629, #1920, #6332 ) ) ;
#4794 = VECTOR ( 'NONE', #3807, 1000.000000000000000 ) ;
#4795 = EDGE_CURVE ( 'NONE', #2151, #1860, #6797, .T. ) ;
#4796 = DIRECTION ( 'NONE',  ( 0.0000000000000000000, 0.0000000000000000000, -1.000000000000000000 ) ) ;
#4797 = DIRECTION ( 'NONE',  ( 0.0000000000000000000, 0.0000000000000000000, -1.000000000000000000 ) ) ;
#4798 =( NAMED_UNIT ( * ) PLANE_ANGLE_UNIT ( ) SI_UNIT ( $, .RADIAN. ) );
#4799 = SURFACE_STYLE_FILL_AREA ( #5457 ) ;
#4800 = FILL_AREA_STYLE ('',( #781 ) ) ;
#4801 = ORIENTED_EDGE ( 'NONE', *, *, #3401, .T. ) ;
#4802 = UNCERTAINTY_MEASURE_WITH_UNIT (LENGTH_MEASURE( 1.000000000000000100E-005 ), #2017, 'distance_accuracy_value', 'NONE');
#4803 = ORIENTED_EDGE ( 'NONE', *, *, #2231, .T. ) ;
#4804 = DIRECTION ( 'NONE',  ( 1.000000000000000000, 0.0000000000000000000, 0.0000000000000000000 ) ) ;
#4805 = ADVANCED_FACE ( 'NONE', ( #970 ), #791, .F. ) ;
#4806 = CARTESIAN_POINT ( 'NONE',  ( -35.79999999999999700, -29.99999999999998600, -0.5999999999999999800 ) ) ;
#4807 = LINE ( 'NONE', #5686, #3096 ) ;
#4808 = ORIENTED_EDGE ( 'NONE', *, *, #6622, .F. ) ;
#4809 = VERTEX_POINT ( 'NONE', #3741 ) ;
#4810 = DIRECTION ( 'NONE',  ( 0.0000000000000000000, -1.000000000000000000, 0.0000000000000000000 ) ) ;
#4811 = PRESENTATION_LAYER_ASSIGNMENT (  '', '', ( #4038 ) ) ;
#4812 = LINE ( 'NONE', #4663, #4645 ) ;
#4813 = SURFACE_SIDE_STYLE ('',( #3345 ) ) ;
#4814 = ORIENTED_EDGE ( 'NONE', *, *, #4138, .F. ) ;
#4815 = CARTESIAN_POINT ( 'NONE',  ( 32.37999999999998800, -28.19999999999999600, -13.29999999999999900 ) ) ;
#4816 = PRESENTATION_STYLE_ASSIGNMENT (( #3356 ) ) ;
#4817 = FILL_AREA_STYLE ('',( #1423 ) ) ;
#4818 =( NAMED_UNIT ( * ) SI_UNIT ( $, .STERADIAN. ) SOLID_ANGLE_UNIT ( ) );
#4819 = MECHANICAL_DESIGN_GEOMETRIC_PRESENTATION_REPRESENTATION (  '', ( #3671 ), #5195 ) ;
#4820 = ORIENTED_EDGE ( 'NONE', *, *, #3062, .F. ) ;
#4821 =( NAMED_UNIT ( * ) PLANE_ANGLE_UNIT ( ) SI_UNIT ( $, .RADIAN. ) );
#4822 = DIRECTION ( 'NONE',  ( 0.0000000000000000000, -1.000000000000000000, 0.0000000000000000000 ) ) ;
#4823 = UNCERTAINTY_MEASURE_WITH_UNIT (LENGTH_MEASURE( 1.000000000000000100E-005 ), #3591, 'distance_accuracy_value', 'NONE');
#4824 = CARTESIAN_POINT ( 'NONE',  ( -16.00000000000000000, -24.00000000000000000, -0.7999999999999999300 ) ) ;
#4825 = MECHANICAL_DESIGN_GEOMETRIC_PRESENTATION_REPRESENTATION (  '', ( #3675 ), #5203 ) ;
#4826 = CARTESIAN_POINT ( 'NONE',  ( 39.00000000000000000, 22.20000000000000300, -2.149999999999999900 ) ) ;
#4827 = FACE_OUTER_BOUND ( 'NONE', #4501, .T. ) ;
#4828 = AXIS2_PLACEMENT_3D ( 'NONE', #6591, #2646, #6004 ) ;
#4829 = EDGE_CURVE ( 'NONE', #1721, #5721, #2300, .T. ) ;
#4830 = FILL_AREA_STYLE ('',( #2196 ) ) ;
#4831 = SURFACE_STYLE_USAGE ( .BOTH. , #2015 ) ;
#4832 = VECTOR ( 'NONE', #4932, 1000.000000000000000 ) ;
#4833 = EDGE_LOOP ( 'NONE', ( #4468, #269, #6595, #523 ) ) ;
#4834 = FILL_AREA_STYLE ('',( #3843 ) ) ;
#4835 = DIRECTION ( 'NONE',  ( -1.284980352575413200E-016, -1.000000000000000000, 0.0000000000000000000 ) ) ;
#4836 =( GEOMETRIC_REPRESENTATION_CONTEXT ( 3 ) GLOBAL_UNCERTAINTY_ASSIGNED_CONTEXT ( ( #1514 ) ) GLOBAL_UNIT_ASSIGNED_CONTEXT ( ( #7132, #234, #5985 ) ) REPRESENTATION_CONTEXT ( 'NONE', 'WORKASPACE' ) );
#4837 = ADVANCED_FACE ( 'NONE', ( #5300 ), #3684, .T. ) ;
#4838 = FILL_AREA_STYLE_COLOUR ( '', #794 ) ;
#4839 = LINE ( 'NONE', #5923, #6145 ) ;
#4840 = LINE ( 'NONE', #7176, #3322 ) ;
#4841 = CARTESIAN_POINT ( 'NONE',  ( -7.000000000000000000, -25.33035709902495800, 3.190937747004553200 ) ) ;
#4842 = CARTESIAN_POINT ( 'NONE',  ( 21.96499999999999300, -28.19999999999999600, 0.2000000000000000900 ) ) ;
#4843 = EDGE_CURVE ( 'NONE', #2714, #5837, #2369, .T. ) ;
#4844 = AXIS2_PLACEMENT_3D ( 'NONE', #2164, #1536, #5466 ) ;
#4845 =( GEOMETRIC_REPRESENTATION_CONTEXT ( 3 ) GLOBAL_UNCERTAINTY_ASSIGNED_CONTEXT ( ( #7092 ) ) GLOBAL_UNIT_ASSIGNED_CONTEXT ( ( #6553, #3163, #7116 ) ) REPRESENTATION_CONTEXT ( 'NONE', 'WORKASPACE' ) );
#4846 = VERTEX_POINT ( 'NONE', #3133 ) ;
#4847 = EDGE_CURVE ( 'NONE', #5766, #4637, #5200, .T. ) ;
#4848 = VECTOR ( 'NONE', #6682, 1000.000000000000000 ) ;
#4849 = ORIENTED_EDGE ( 'NONE', *, *, #1615, .T. ) ;
#4850 =( LENGTH_UNIT ( ) NAMED_UNIT ( * ) SI_UNIT ( .MILLI., .METRE. ) );
#4851 = EDGE_LOOP ( 'NONE', ( #1407, #6163, #5684, #3229, #4335, #7187, #4602, #4781, #1190, #2857, #5716, #473, #5299, #2162 ) ) ;
#4852 =( NAMED_UNIT ( * ) SI_UNIT ( $, .STERADIAN. ) SOLID_ANGLE_UNIT ( ) );
#4853 = PRESENTATION_STYLE_ASSIGNMENT (( #714 ) ) ;
#4854 = ORIENTED_EDGE ( 'NONE', *, *, #6725, .T. ) ;
#4855 =( NAMED_UNIT ( * ) PLANE_ANGLE_UNIT ( ) SI_UNIT ( $, .RADIAN. ) );
#4856 = UNCERTAINTY_MEASURE_WITH_UNIT (LENGTH_MEASURE( 1.000000000000000100E-005 ), #5117, 'distance_accuracy_value', 'NONE');
#4857 = CARTESIAN_POINT ( 'NONE',  ( -40.00000000000000700, 22.70000000000001700, -0.6500000000000000200 ) ) ;
#4858 = COLOUR_RGB ( '',0.0000000000000000000, 0.0000000000000000000, 0.0000000000000000000 ) ;
#4859 = CARTESIAN_POINT ( 'NONE',  ( -32.10000000000000100, 25.99999999999999300, 1.899999999999999900 ) ) ;
#4860 = SURFACE_STYLE_USAGE ( .BOTH. , #1468 ) ;
#4861 = MECHANICAL_DESIGN_GEOMETRIC_PRESENTATION_REPRESENTATION (  '', ( #6741 ), #1850 ) ;
#4862 = AXIS2_PLACEMENT_3D ( 'NONE', #1537, #5493, #2116 ) ;
#4863 = CYLINDRICAL_SURFACE ( 'NONE', #3870, 0.2549999999999982800 ) ;
#4864 = EDGE_CURVE ( 'NONE', #1940, #76, #854, .T. ) ;
#4865 = CIRCLE ( 'NONE', #3549, 0.5000000000000004400 ) ;
#4866 = AXIS2_PLACEMENT_3D ( 'NONE', #2393, #6331, #2953 ) ;
#4867 = PLANE ( 'NONE',  #835 ) ;
#4868 = LINE ( 'NONE', #5902, #6170 ) ;
#4869 = DIRECTION ( 'NONE',  ( 1.000000000000000000, 0.0000000000000000000, 0.0000000000000000000 ) ) ;
#4870 = ADVANCED_FACE ( 'NONE', ( #678 ), #3041, .T. ) ;
#4871 = FILL_AREA_STYLE ('',( #5437 ) ) ;
#4872 = PRESENTATION_STYLE_ASSIGNMENT (( #2859 ) ) ;
#4873 = VERTEX_POINT ( 'NONE', #3114 ) ;
#4874 = VECTOR ( 'NONE', #980, 1000.000000000000000 ) ;
#4875 = SURFACE_SIDE_STYLE ('',( #1220 ) ) ;
#4876 = MECHANICAL_DESIGN_GEOMETRIC_PRESENTATION_REPRESENTATION (  '', ( #4123 ), #5254 ) ;
#4877 =( LENGTH_UNIT ( ) NAMED_UNIT ( * ) SI_UNIT ( .MILLI., .METRE. ) );
#4878 = CARTESIAN_POINT ( 'NONE',  ( -38.90000000000003400, 25.99999999999998900, 3.799999999999999800 ) ) ;
#4879 = AXIS2_PLACEMENT_3D ( 'NONE', #3921, #4401, #456 ) ;
#4880 = VERTEX_POINT ( 'NONE', #3085 ) ;
#4881 = FILL_AREA_STYLE_COLOUR ( '', #4061 ) ;
#4882 = DIRECTION ( 'NONE',  ( 1.000000000000000000, 0.0000000000000000000, 0.0000000000000000000 ) ) ;
#4883 = DIRECTION ( 'NONE',  ( 1.000000000000000000, 0.0000000000000000000, 0.0000000000000000000 ) ) ;
#4884 = DIRECTION ( 'NONE',  ( 0.0000000000000000000, -0.0000000000000000000, 1.000000000000000000 ) ) ;
#4885 = SURFACE_STYLE_FILL_AREA ( #3129 ) ;
#4886 = FILL_AREA_STYLE_COLOUR ( '', #596 ) ;
#4887 = ORIENTED_EDGE ( 'NONE', *, *, #337, .F. ) ;
#4888 = UNCERTAINTY_MEASURE_WITH_UNIT (LENGTH_MEASURE( 1.000000000000000100E-005 ), #5726, 'distance_accuracy_value', 'NONE');
#4889 = DIRECTION ( 'NONE',  ( -0.0000000000000000000, -1.000000000000000000, -0.0000000000000000000 ) ) ;
#4890 = ORIENTED_EDGE ( 'NONE', *, *, #2591, .T. ) ;
#4891 = CYLINDRICAL_SURFACE ( 'NONE', #1167, 0.3000000000000016500 ) ;
#4892 = PLANE ( 'NONE',  #4063 ) ;
#4893 = CARTESIAN_POINT ( 'NONE',  ( -32.10000000000000100, 27.00000000000000400, 1.899999999999999900 ) ) ;
#4894 = ORIENTED_EDGE ( 'NONE', *, *, #1933, .F. ) ;
#4895 =( NAMED_UNIT ( * ) SI_UNIT ( $, .STERADIAN. ) SOLID_ANGLE_UNIT ( ) );
#4896 = ORIENTED_EDGE ( 'NONE', *, *, #4744, .T. ) ;
#4897 = VECTOR ( 'NONE', #4993, 1000.000000000000000 ) ;
#4898 = CARTESIAN_POINT ( 'NONE',  ( 39.99999999999998600, 23.20000000000000600, -2.149999999999999900 ) ) ;
#4899 = DIRECTION ( 'NONE',  ( -1.000000000000000000, 0.0000000000000000000, 0.0000000000000000000 ) ) ;
#4900 = ORIENTED_EDGE ( 'NONE', *, *, #1480, .T. ) ;
#4901 = DIRECTION ( 'NONE',  ( -0.0000000000000000000, -0.0000000000000000000, 1.000000000000000000 ) ) ;
#4902 = PRESENTATION_STYLE_ASSIGNMENT (( #6818 ) ) ;
#4903 = SURFACE_SIDE_STYLE ('',( #3247 ) ) ;
#4904 = EDGE_LOOP ( 'NONE', ( #5084, #852, #1135, #1732 ) ) ;
#4905 = ADVANCED_FACE ( 'NONE', ( #2981 ), #6474, .F. ) ;
#4906 = CARTESIAN_POINT ( 'NONE',  ( -27.55499999999998900, -28.19999999999999600, -13.29999999999999900 ) ) ;
#4907 = CARTESIAN_POINT ( 'NONE',  ( -7.000000000000001800, -25.33035709902910100, 3.190937747002674700 ) ) ;
#4908 = UNCERTAINTY_MEASURE_WITH_UNIT (LENGTH_MEASURE( 1.000000000000000100E-005 ), #555, 'distance_accuracy_value', 'NONE');
#4909 = ORIENTED_EDGE ( 'NONE', *, *, #2231, .F. ) ;
#4910 = EDGE_LOOP ( 'NONE', ( #1768, #4153 ) ) ;
#4911 = DIRECTION ( 'NONE',  ( 0.0000000000000000000, -1.000000000000000000, 0.0000000000000000000 ) ) ;
#4912 = CIRCLE ( 'NONE', #1703, 1.000000000000000900 ) ;
#4913 = STYLED_ITEM ( 'NONE', ( #6624 ), #165 ) ;
#4914 = CARTESIAN_POINT ( 'NONE',  ( -7.000000000000000900, -21.21347195758764000, 3.854781685844671300 ) ) ;
#4915 = DIRECTION ( 'NONE',  ( 1.284980352575413200E-016, 1.000000000000000000, -0.0000000000000000000 ) ) ;
#4916 =( GEOMETRIC_REPRESENTATION_CONTEXT ( 3 ) GLOBAL_UNCERTAINTY_ASSIGNED_CONTEXT ( ( #3497 ) ) GLOBAL_UNIT_ASSIGNED_CONTEXT ( ( #2349, #6283, #4608 ) ) REPRESENTATION_CONTEXT ( 'NONE', 'WORKASPACE' ) );
#4917 = ORIENTED_EDGE ( 'NONE', *, *, #3341, .T. ) ;
#4918 = LINE ( 'NONE', #6820, #3217 ) ;
#4919 = CARTESIAN_POINT ( 'NONE',  ( 6.999999999999999100, -26.77979678078067100, 2.651131150504131300 ) ) ;
#4920 = CARTESIAN_POINT ( 'NONE',  ( 36.50000000000000000, -6.499999999999995600, -0.5999999999999999800 ) ) ;
#4921 = CARTESIAN_POINT ( 'NONE',  ( -38.90000000000002700, -24.17999999999997100, -0.5999999999999999800 ) ) ;
#4922 = COLOUR_RGB ( '',0.0000000000000000000, 0.7529411764705882200, 0.0000000000000000000 ) ;
#4923 = VERTEX_POINT ( 'NONE', #6447 ) ;
#4924 = SURFACE_SIDE_STYLE ('',( #814 ) ) ;
#4925 = FACE_OUTER_BOUND ( 'NONE', #305, .T. ) ;
#4926 = EDGE_CURVE ( 'NONE', #5259, #6258, #1124, .T. ) ;
#4927 = VECTOR ( 'NONE', #5029, 1000.000000000000000 ) ;
#4928 =( NAMED_UNIT ( * ) PLANE_ANGLE_UNIT ( ) SI_UNIT ( $, .RADIAN. ) );
#4929 = DIRECTION ( 'NONE',  ( 0.0000000000000000000, 0.0000000000000000000, 1.000000000000000000 ) ) ;
#4930 = DIRECTION ( 'NONE',  ( 0.0000000000000000000, -0.0000000000000000000, 1.000000000000000000 ) ) ;
#4931 = AXIS2_PLACEMENT_3D ( 'NONE', #1522, #5573, #5450 ) ;
#4932 = DIRECTION ( 'NONE',  ( 0.0000000000000000000, -1.000000000000000000, 0.0000000000000000000 ) ) ;
#4933 = AXIS2_PLACEMENT_3D ( 'NONE', #6827, #60, #6281 ) ;
#4934 = UNCERTAINTY_MEASURE_WITH_UNIT (LENGTH_MEASURE( 1.000000000000000100E-005 ), #2696, 'distance_accuracy_value', 'NONE');
#4935 = LINE ( 'NONE', #6971, #3430 ) ;
#4936 = EDGE_LOOP ( 'NONE', ( #2846, #5425, #5126, #3615 ) ) ;
#4937 = PLANE ( 'NONE',  #515 ) ;
#4938 = EDGE_LOOP ( 'NONE', ( #1948, #3848, #7003, #1171 ) ) ;
#4939 = FILL_AREA_STYLE ('',( #4372 ) ) ;
#4940 = FILL_AREA_STYLE ('',( #2662 ) ) ;
#4941 = ADVANCED_FACE ( 'NONE', ( #6941 ), #2529, .F. ) ;
#4942 = AXIS2_PLACEMENT_3D ( 'NONE', #7185, #5878, #4375 ) ;
#4943 = ORIENTED_EDGE ( 'NONE', *, *, #817, .T. ) ;
#4944 = CARTESIAN_POINT ( 'NONE',  ( 32.09999999999998700, 26.00000000000000400, 4.850000000000000500 ) ) ;
#4945 = CARTESIAN_POINT ( 'NONE',  ( 38.99999999999998600, 23.44999999999998900, 1.899999999999999900 ) ) ;
#4946 = SURFACE_SIDE_STYLE ('',( #1493 ) ) ;
#4947 = SURFACE_STYLE_USAGE ( .BOTH. , #2352 ) ;
#4948 = EDGE_CURVE ( 'NONE', #3398, #2827, #3949, .T. ) ;
#4949 = DIRECTION ( 'NONE',  ( -0.0000000000000000000, 0.0000000000000000000, -1.000000000000000000 ) ) ;
#4950 = COLOUR_RGB ( '',0.7921568627450980000, 0.8196078431372548800, 0.9333333333333333500 ) ;
#4951 = AXIS2_PLACEMENT_3D ( 'NONE', #2250, #6188, #2824 ) ;
#4952 = LINE ( 'NONE', #114, #454 ) ;
#4953 = ORIENTED_EDGE ( 'NONE', *, *, #5790, .F. ) ;
#4954 =( NAMED_UNIT ( * ) SI_UNIT ( $, .STERADIAN. ) SOLID_ANGLE_UNIT ( ) );
#4955 = DIRECTION ( 'NONE',  ( 1.000000000000000000, 0.0000000000000000000, -0.0000000000000000000 ) ) ;
#4956 = CIRCLE ( 'NONE', #6407, 0.5000000000000004400 ) ;
#4957 = EDGE_CURVE ( 'NONE', #247, #3902, #5455, .T. ) ;
#4958 = EDGE_CURVE ( 'NONE', #2926, #4102, #941, .T. ) ;
#4959 = VECTOR ( 'NONE', #3845, 1000.000000000000000 ) ;
#4960 = MECHANICAL_DESIGN_GEOMETRIC_PRESENTATION_REPRESENTATION (  '', ( #3823 ), #5342 ) ;
#4961 = ORIENTED_EDGE ( 'NONE', *, *, #40, .F. ) ;
#4962 = COLOUR_RGB ( '',0.5019607843137254800, 0.5019607843137254800, 1.000000000000000000 ) ;
#4963 = FACE_OUTER_BOUND ( 'NONE', #2720, .T. ) ;
#4964 = PLANE ( 'NONE',  #1293 ) ;
#4965 = DIRECTION ( 'NONE',  ( -1.000000000000000000, 0.0000000000000000000, 0.0000000000000000000 ) ) ;
#4966 = DIRECTION ( 'NONE',  ( -1.000000000000000000, 0.0000000000000000000, 0.0000000000000000000 ) ) ;
#4967 = ORIENTED_EDGE ( 'NONE', *, *, #4926, .T. ) ;
#4968 =( GEOMETRIC_REPRESENTATION_CONTEXT ( 3 ) GLOBAL_UNCERTAINTY_ASSIGNED_CONTEXT ( ( #7120 ) ) GLOBAL_UNIT_ASSIGNED_CONTEXT ( ( #5626, #5583, #2297 ) ) REPRESENTATION_CONTEXT ( 'NONE', 'WORKASPACE' ) );
#4969 = FILL_AREA_STYLE ('',( #2268 ) ) ;
#4970 = ORIENTED_EDGE ( 'NONE', *, *, #5301, .T. ) ;
#4971 = UNCERTAINTY_MEASURE_WITH_UNIT (LENGTH_MEASURE( 1.000000000000000100E-005 ), #2003, 'distance_accuracy_value', 'NONE');
#4972 = CARTESIAN_POINT ( 'NONE',  ( 24.75999999999999100, -28.19999999999999600, 0.2000000000000000900 ) ) ;
#4973 = CARTESIAN_POINT ( 'NONE',  ( 39.99999999999999300, 23.44999999999998900, 1.899999999999999900 ) ) ;
#4974 = DIRECTION ( 'NONE',  ( -1.000000000000000000, 0.0000000000000000000, 0.0000000000000000000 ) ) ;
#4975 = PRESENTATION_STYLE_ASSIGNMENT (( #1538 ) ) ;
#4976 = MECHANICAL_DESIGN_GEOMETRIC_PRESENTATION_REPRESENTATION (  '', ( #3835 ), #5352 ) ;
#4977 = DIRECTION ( 'NONE',  ( -0.0000000000000000000, 1.000000000000000000, -0.0000000000000000000 ) ) ;
#4978 = EDGE_CURVE ( 'NONE', #2028, #464, #6766, .T. ) ;
#4979 = PRODUCT_DEFINITION_CONTEXT ( 'detailed design', #6943, 'design' ) ;
#4980 = ORIENTED_EDGE ( 'NONE', *, *, #2085, .T. ) ;
#4981 = ADVANCED_FACE ( 'NONE', ( #2272 ), #4583, .T. ) ;
#4982 = ORIENTED_EDGE ( 'NONE', *, *, #3749, .F. ) ;
#4983 = AXIS2_PLACEMENT_3D ( 'NONE', #390, #4339, #2055 ) ;
#4984 = SURFACE_SIDE_STYLE ('',( #3052 ) ) ;
#4985 = MECHANICAL_DESIGN_GEOMETRIC_PRESENTATION_REPRESENTATION (  '', ( #6102 ), #6479 ) ;
#4986 = VERTEX_POINT ( 'NONE', #1307 ) ;
#4987 =( NAMED_UNIT ( * ) SI_UNIT ( $, .STERADIAN. ) SOLID_ANGLE_UNIT ( ) );
#4988 = AXIS2_PLACEMENT_3D ( 'NONE', #2606, #5959, #2054 ) ;
#4989 = EDGE_CURVE ( 'NONE', #1136, #5972, #1754, .T. ) ;
#4990 = DIRECTION ( 'NONE',  ( -0.0000000000000000000, -0.0000000000000000000, -1.000000000000000000 ) ) ;
#4991 = ORIENTED_EDGE ( 'NONE', *, *, #6577, .F. ) ;
#4992 = CARTESIAN_POINT ( 'NONE',  ( 39.99999999999998600, -26.99999999999999600, 4.850000000000000500 ) ) ;
#4993 = DIRECTION ( 'NONE',  ( 1.284980352575413200E-016, 1.000000000000000000, 0.0000000000000000000 ) ) ;
#4994 = AXIS2_PLACEMENT_3D ( 'NONE', #4022, #3461, #6616 ) ;
#4995 = CARTESIAN_POINT ( 'NONE',  ( 39.00000000000000000, 26.99999999999999300, 0.0000000000000000000 ) ) ;
#4996 = SURFACE_STYLE_USAGE ( .BOTH. , #1386 ) ;
#4997 = VECTOR ( 'NONE', #3653, 1000.000000000000000 ) ;
#4998 = CARTESIAN_POINT ( 'NONE',  ( -36.00000000000000700, -25.49999999999999600, 1.900000000000000100 ) ) ;
#4999 = VECTOR ( 'NONE', #6411, 1000.000000000000000 ) ;
#5000 =( GEOMETRIC_REPRESENTATION_CONTEXT ( 3 ) GLOBAL_UNCERTAINTY_ASSIGNED_CONTEXT ( ( #2126 ) ) GLOBAL_UNIT_ASSIGNED_CONTEXT ( ( #4465, #3394, #6132 ) ) REPRESENTATION_CONTEXT ( 'NONE', 'WORKASPACE' ) );
#5001 = CARTESIAN_POINT ( 'NONE',  ( 38.99999999999998600, -24.38000000000000300, -2.149999999999999900 ) ) ;
#5002 = FILL_AREA_STYLE ('',( #4698 ) ) ;
#5003 = UNCERTAINTY_MEASURE_WITH_UNIT (LENGTH_MEASURE( 1.000000000000000100E-005 ), #4066, 'distance_accuracy_value', 'NONE');
#5004 = ORIENTED_EDGE ( 'NONE', *, *, #6707, .T. ) ;
#5005 = CARTESIAN_POINT ( 'NONE',  ( -40.00000000000000700, 23.45000000000000300, 4.850000000000000500 ) ) ;
#5006 = CARTESIAN_POINT ( 'NONE',  ( -19.93499999999998800, -28.19999999999999900, 0.2000000000000000900 ) ) ;
#5007 = CARTESIAN_POINT ( 'NONE',  ( 39.00000000000000700, 22.20000000000000300, -3.850000000000000500 ) ) ;
#5008 = EDGE_CURVE ( 'NONE', #4580, #373, #6039, .T. ) ;
#5009 =( NAMED_UNIT ( * ) PLANE_ANGLE_UNIT ( ) SI_UNIT ( $, .RADIAN. ) );
#5010 = LINE ( 'NONE', #3200, #6494 ) ;
#5011 = PRESENTATION_LAYER_ASSIGNMENT (  '', '', ( #5396 ) ) ;
#5012 =( LENGTH_UNIT ( ) NAMED_UNIT ( * ) SI_UNIT ( .MILLI., .METRE. ) );
#5013 = CARTESIAN_POINT ( 'NONE',  ( -29.58499999999999400, -28.19999999999999600, 0.2000000000000000900 ) ) ;
#5014 = ADVANCED_FACE ( 'NONE', ( #231 ), #2412, .T. ) ;
#5015 = DIRECTION ( 'NONE',  ( 1.000000000000000000, -1.284980352575413200E-016, -0.0000000000000000000 ) ) ;
#5016 = STYLED_ITEM ( 'NONE', ( #2359 ), #4228 ) ;
#5017 = LINE ( 'NONE', #4133, #3683 ) ;
#5018 = PRESENTATION_STYLE_ASSIGNMENT (( #2002 ) ) ;
#5019 = VECTOR ( 'NONE', #7253, 1000.000000000000000 ) ;
#5020 = DIRECTION ( 'NONE',  ( 0.0000000000000000000, 0.0000000000000000000, 1.000000000000000000 ) ) ;
#5021 = ORIENTED_EDGE ( 'NONE', *, *, #615, .F. ) ;
#5022 = ORIENTED_EDGE ( 'NONE', *, *, #4370, .F. ) ;
#5023 = ORIENTED_EDGE ( 'NONE', *, *, #6123, .F. ) ;
#5024 = CARTESIAN_POINT ( 'NONE',  ( 39.99999999999999300, 27.00000000000000400, 4.850000000000000500 ) ) ;
#5025 = VERTEX_POINT ( 'NONE', #6347 ) ;
#5026 = DIRECTION ( 'NONE',  ( -1.000000000000000000, -0.0000000000000000000, -0.0000000000000000000 ) ) ;
#5027 = EDGE_LOOP ( 'NONE', ( #4314, #4014, #4522, #5053 ) ) ;
#5028 = FACE_OUTER_BOUND ( 'NONE', #4793, .T. ) ;
#5029 = DIRECTION ( 'NONE',  ( 0.0000000000000000000, 0.0000000000000000000, -1.000000000000000000 ) ) ;
#5030 =( LENGTH_UNIT ( ) NAMED_UNIT ( * ) SI_UNIT ( .MILLI., .METRE. ) );
#5031 = COLOUR_RGB ( '',1.000000000000000000, 1.000000000000000000, 1.000000000000000000 ) ;
#5032 = ORIENTED_EDGE ( 'NONE', *, *, #422, .F. ) ;
#5033 = ORIENTED_EDGE ( 'NONE', *, *, #409, .T. ) ;
#5034 = EDGE_CURVE ( 'NONE', #4637, #5766, #3224, .T. ) ;
#5035 = PRESENTATION_STYLE_ASSIGNMENT (( #937 ) ) ;
#5036 = CARTESIAN_POINT ( 'NONE',  ( 39.99999999999998600, -19.55000000000000400, 1.899999999999999900 ) ) ;
#5037 = SURFACE_STYLE_USAGE ( .BOTH. , #1085 ) ;
#5038 =( GEOMETRIC_REPRESENTATION_CONTEXT ( 3 ) GLOBAL_UNCERTAINTY_ASSIGNED_CONTEXT ( ( #1854 ) ) GLOBAL_UNIT_ASSIGNED_CONTEXT ( ( #1336, #4737, #1910 ) ) REPRESENTATION_CONTEXT ( 'NONE', 'WORKASPACE' ) );
#5039 = LINE ( 'NONE', #5268, #3535 ) ;
#5040 = SURFACE_SIDE_STYLE ('',( #77 ) ) ;
#5041 = CARTESIAN_POINT ( 'NONE',  ( -19.42499999999999000, -28.19999999999999900, -13.29999999999999900 ) ) ;
#5042 = LINE ( 'NONE', #6203, #2049 ) ;
#5043 = DIRECTION ( 'NONE',  ( 1.000000000000000000, 0.0000000000000000000, 0.0000000000000000000 ) ) ;
#5044 = CARTESIAN_POINT ( 'NONE',  ( 7.000000000000000900, -23.16467137658341000, -0.7999999999999999300 ) ) ;
#5045 = ORIENTED_EDGE ( 'NONE', *, *, #1059, .F. ) ;
#5046 = EDGE_CURVE ( 'NONE', #5960, #65, #54, .T. ) ;
#5047 = LINE ( 'NONE', #4371, #4874 ) ;
#5048 = ADVANCED_FACE ( 'NONE', ( #1381, #5866 ), #613, .T. ) ;
#5049 = CARTESIAN_POINT ( 'NONE',  ( -40.00000000000000700, 27.00000000000000400, -2.149999999999999900 ) ) ;
#5050 = CARTESIAN_POINT ( 'NONE',  ( -19.42499999999999000, -28.19999999999999900, 0.2000000000000000900 ) ) ;
#5051 = DIRECTION ( 'NONE',  ( -1.000000000000000000, -0.0000000000000000000, -0.0000000000000000000 ) ) ;
#5052 = PLANE ( 'NONE',  #593 ) ;
#5053 = ORIENTED_EDGE ( 'NONE', *, *, #4948, .F. ) ;
#5054 = AXIS2_PLACEMENT_3D ( 'NONE', #2004, #6881, #2560 ) ;
#5055 =( LENGTH_UNIT ( ) NAMED_UNIT ( * ) SI_UNIT ( .MILLI., .METRE. ) );
#5056 = FACE_OUTER_BOUND ( 'NONE', #3324, .T. ) ;
#5057 = FILL_AREA_STYLE_COLOUR ( '', #1419 ) ;
#5058 = ORIENTED_EDGE ( 'NONE', *, *, #2083, .F. ) ;
#5059 = DIRECTION ( 'NONE',  ( 0.0000000000000000000, -0.0000000000000000000, 1.000000000000000000 ) ) ;
#5060 =( NAMED_UNIT ( * ) SI_UNIT ( $, .STERADIAN. ) SOLID_ANGLE_UNIT ( ) );
#5061 = VERTEX_POINT ( 'NONE', #1817 ) ;
#5062 = EDGE_CURVE ( 'NONE', #2837, #2885, #2457, .T. ) ;
#5063 = DIRECTION ( 'NONE',  ( -1.000000000000000000, 0.0000000000000000000, -0.0000000000000000000 ) ) ;
#5064 = FILL_AREA_STYLE_COLOUR ( '', #7065 ) ;
#5065 = CARTESIAN_POINT ( 'NONE',  ( -13.99999999999999100, -29.99999999999999300, -0.5999999999999999800 ) ) ;
#5066 = VERTEX_POINT ( 'NONE', #5741 ) ;
#5067 = ORIENTED_EDGE ( 'NONE', *, *, #3401, .F. ) ;
#5068 = ORIENTED_EDGE ( 'NONE', *, *, #6071, .F. ) ;
#5069 = LINE ( 'NONE', #6786, #4897 ) ;
#5070 =( NAMED_UNIT ( * ) SI_UNIT ( $, .STERADIAN. ) SOLID_ANGLE_UNIT ( ) );
#5071 = PRESENTATION_LAYER_ASSIGNMENT (  '', '', ( #4616 ) ) ;
#5072 = STYLED_ITEM ( 'NONE', ( #4079 ), #7173 ) ;
#5073 = LINE ( 'NONE', #6672, #577 ) ;
#5074 =( NAMED_UNIT ( * ) PLANE_ANGLE_UNIT ( ) SI_UNIT ( $, .RADIAN. ) );
#5075 = VERTEX_POINT ( 'NONE', #4635 ) ;
#5076 = FACE_OUTER_BOUND ( 'NONE', #3432, .T. ) ;
#5077 = AXIS2_PLACEMENT_3D ( 'NONE', #663, #36, #4044 ) ;
#5078 = SURFACE_STYLE_FILL_AREA ( #1718 ) ;
#5079 =( NAMED_UNIT ( * ) PLANE_ANGLE_UNIT ( ) SI_UNIT ( $, .RADIAN. ) );
#5080 = DIRECTION ( 'NONE',  ( 0.0000000000000000000, -0.0000000000000000000, 1.000000000000000000 ) ) ;
#5081 = ADVANCED_FACE ( 'NONE', ( #952, #5284 ), #3480, .F. ) ;
#5082 = SURFACE_SIDE_STYLE ('',( #1670 ) ) ;
#5083 = CARTESIAN_POINT ( 'NONE',  ( -40.00000000000000700, 27.00000000000000400, 1.899999999999999900 ) ) ;
#5084 = ORIENTED_EDGE ( 'NONE', *, *, #483, .T. ) ;
#5085 = EDGE_CURVE ( 'NONE', #6302, #1779, #3778, .T. ) ;
#5086 = ORIENTED_EDGE ( 'NONE', *, *, #2409, .T. ) ;
#5087 = VECTOR ( 'NONE', #5142, 1000.000000000000000 ) ;
#5088 = FILL_AREA_STYLE_COLOUR ( '', #21 ) ;
#5089 = MECHANICAL_DESIGN_GEOMETRIC_PRESENTATION_REPRESENTATION (  '', ( #3951 ), #5475 ) ;
#5090 = DIRECTION ( 'NONE',  ( -0.0000000000000000000, -0.0000000000000000000, -1.000000000000000000 ) ) ;
#5091 = PLANE ( 'NONE',  #4111 ) ;
#5092 =( NAMED_UNIT ( * ) PLANE_ANGLE_UNIT ( ) SI_UNIT ( $, .RADIAN. ) );
#5093 = PRESENTATION_STYLE_ASSIGNMENT (( #4603 ) ) ;
#5094 = ORIENTED_EDGE ( 'NONE', *, *, #4087, .F. ) ;
#5095 = FACE_OUTER_BOUND ( 'NONE', #7251, .T. ) ;
#5096 = PRESENTATION_LAYER_ASSIGNMENT (  '', '', ( #5482 ) ) ;
#5097 = EDGE_CURVE ( 'NONE', #3621, #2892, #3958, .T. ) ;
#5098 = SURFACE_STYLE_FILL_AREA ( #4652 ) ;
#5099 = FILL_AREA_STYLE_COLOUR ( '', #4651 ) ;
#5100 = PLANE ( 'NONE',  #2780 ) ;
#5101 = AXIS2_PLACEMENT_3D ( 'NONE', #3939, #6705, #5549 ) ;
#5102 = ORIENTED_EDGE ( 'NONE', *, *, #3062, .T. ) ;
#5103 = PRESENTATION_LAYER_ASSIGNMENT (  '', '', ( #4346 ) ) ;
#5104 = CARTESIAN_POINT ( 'NONE',  ( -22.21999999999998800, -28.19999999999999600, 0.2000000000000000900 ) ) ;
#5105 = SURFACE_STYLE_FILL_AREA ( #2068 ) ;
#5106 = CARTESIAN_POINT ( 'NONE',  ( -19.93499999999998800, -28.19999999999999900, -13.29999999999999900 ) ) ;
#5107 = VECTOR ( 'NONE', #2777, 1000.000000000000000 ) ;
#5108 = ORIENTED_EDGE ( 'NONE', *, *, #6341, .F. ) ;
#5109 = DIRECTION ( 'NONE',  ( -1.000000000000000000, 0.0000000000000000000, 0.0000000000000000000 ) ) ;
#5110 = CARTESIAN_POINT ( 'NONE',  ( 39.00000000000000000, -25.99999999999999600, -2.149999999999999900 ) ) ;
#5111 = MANIFOLD_SOLID_BREP ( 'Boss-Extrude7[9]', #5835 ) ;
#5112 = CARTESIAN_POINT ( 'NONE',  ( -32.10000000000000100, 27.00000000000000400, 1.899999999999999900 ) ) ;
#5113 = SURFACE_STYLE_FILL_AREA ( #4018 ) ;
#5114 =( GEOMETRIC_REPRESENTATION_CONTEXT ( 3 ) GLOBAL_UNCERTAINTY_ASSIGNED_CONTEXT ( ( #6662 ) ) GLOBAL_UNIT_ASSIGNED_CONTEXT ( ( #2794, #5691, #7081 ) ) REPRESENTATION_CONTEXT ( 'NONE', 'WORKASPACE' ) );
#5115 = VERTEX_POINT ( 'NONE', #3427 ) ;
#5116 = SURFACE_STYLE_FILL_AREA ( #930 ) ;
#5117 =( LENGTH_UNIT ( ) NAMED_UNIT ( * ) SI_UNIT ( .MILLI., .METRE. ) );
#5118 = VECTOR ( 'NONE', #3946, 1000.000000000000000 ) ;
#5119 = ORIENTED_EDGE ( 'NONE', *, *, #3281, .F. ) ;
#5120 = ORIENTED_EDGE ( 'NONE', *, *, #5085, .F. ) ;
#5121 = CARTESIAN_POINT ( 'NONE',  ( -7.000000000000000000, -27.58815242273842500, -0.1095300849482222200 ) ) ;
#5122 = CARTESIAN_POINT ( 'NONE',  ( 20.00000000000000400, -11.00000000000000400, -0.5999999999999999800 ) ) ;
#5123 = DIRECTION ( 'NONE',  ( 0.0000000000000000000, 1.000000000000000000, 0.0000000000000000000 ) ) ;
#5124 = DIRECTION ( 'NONE',  ( 0.0000000000000000000, 0.0000000000000000000, -1.000000000000000000 ) ) ;
#5125 = VECTOR ( 'NONE', #3474, 1000.000000000000000 ) ;
#5126 = ORIENTED_EDGE ( 'NONE', *, *, #2530, .F. ) ;
#5127 = ADVANCED_FACE ( 'NONE', ( #239 ), #2536, .T. ) ;
#5128 = VECTOR ( 'NONE', #2396, 1000.000000000000000 ) ;
#5129 = EDGE_CURVE ( 'NONE', #1303, #2384, #1229, .T. ) ;
#5130 = DIRECTION ( 'NONE',  ( -1.000000000000000000, 0.0000000000000000000, 0.0000000000000000000 ) ) ;
#5131 = CARTESIAN_POINT ( 'NONE',  ( -38.89999999999999100, -24.60000000000000100, 3.799999999999999800 ) ) ;
#5132 = SURFACE_SIDE_STYLE ('',( #5269 ) ) ;
#5133 = LINE ( 'NONE', #2908, #793 ) ;
#5134 = ORIENTED_EDGE ( 'NONE', *, *, #2753, .F. ) ;
#5135 = CIRCLE ( 'NONE', #2933, 1.000000000000000900 ) ;
#5136 = CARTESIAN_POINT ( 'NONE',  ( 38.89999999999996300, 25.99999999999998900, 3.799999999999999800 ) ) ;
#5137 = CARTESIAN_POINT ( 'NONE',  ( 38.99999999999998600, -19.55000000000000800, 1.899999999999999900 ) ) ;
#5138 = CARTESIAN_POINT ( 'NONE',  ( -29.83999999999999300, -28.19999999999999600, -13.29999999999999900 ) ) ;
#5139 = SURFACE_SIDE_STYLE ('',( #5276 ) ) ;
#5140 = MECHANICAL_DESIGN_GEOMETRIC_PRESENTATION_REPRESENTATION (  '', ( #4377 ), #5518 ) ;
#5141 = LINE ( 'NONE', #1578, #3634 ) ;
#5142 = DIRECTION ( 'NONE',  ( 1.000000000000000000, -1.734723475976807100E-016, 0.0000000000000000000 ) ) ;
#5143 = CARTESIAN_POINT ( 'NONE',  ( 32.09999999999998700, 25.99999999999998900, 4.599999999999999600 ) ) ;
#5144 = SURFACE_SIDE_STYLE ('',( #3510 ) ) ;
#5145 = EDGE_LOOP ( 'NONE', ( #386, #1553 ) ) ;
#5146 = CARTESIAN_POINT ( 'NONE',  ( -36.00000000000000700, -24.37999999999998100, -2.149999999999999900 ) ) ;
#5147 = SURFACE_SIDE_STYLE ('',( #6896 ) ) ;
#5148 = FILL_AREA_STYLE_COLOUR ( '', #255 ) ;
#5149 = PLANE ( 'NONE',  #6368 ) ;
#5150 = ORIENTED_EDGE ( 'NONE', *, *, #5097, .F. ) ;
#5151 = CARTESIAN_POINT ( 'NONE',  ( -50.00000000000000700, 16.20000000000001700, -2.149999999999999900 ) ) ;
#5152 = SURFACE_SIDE_STYLE ('',( #491 ) ) ;
#5153 = PRESENTATION_STYLE_ASSIGNMENT (( #4756 ) ) ;
#5154 = COLOUR_RGB ( '',1.000000000000000000, 1.000000000000000000, 1.000000000000000000 ) ;
#5155 = ORIENTED_EDGE ( 'NONE', *, *, #6809, .F. ) ;
#5156 = ORIENTED_EDGE ( 'NONE', *, *, #2743, .F. ) ;
#5157 = VERTEX_POINT ( 'NONE', #3977 ) ;
#5158 = FILL_AREA_STYLE ('',( #3029 ) ) ;
#5159 = VECTOR ( 'NONE', #3756, 1000.000000000000000 ) ;
#5160 = FILL_AREA_STYLE ('',( #2547 ) ) ;
#5161 = PLANE ( 'NONE',  #2593 ) ;
#5162 =( LENGTH_UNIT ( ) NAMED_UNIT ( * ) SI_UNIT ( .MILLI., .METRE. ) );
#5163 = MECHANICAL_DESIGN_GEOMETRIC_PRESENTATION_REPRESENTATION (  '', ( #1236 ), #2365 ) ;
#5164 = ORIENTED_EDGE ( 'NONE', *, *, #4672, .F. ) ;
#5165 = ORIENTED_EDGE ( 'NONE', *, *, #1769, .F. ) ;
#5166 = AXIS2_PLACEMENT_3D ( 'NONE', #1766, #666, #3532 ) ;
#5167 =( LENGTH_UNIT ( ) NAMED_UNIT ( * ) SI_UNIT ( .MILLI., .METRE. ) );
#5168 = ADVANCED_FACE ( 'NONE', ( #4045 ), #3866, .T. ) ;
#5169 = CARTESIAN_POINT ( 'NONE',  ( -38.90000000000002700, -24.17999999999997100, -0.5999999999999999800 ) ) ;
#5170 = FILL_AREA_STYLE_COLOUR ( '', #1765 ) ;
#5171 = ORIENTED_EDGE ( 'NONE', *, *, #5484, .T. ) ;
#5172 = CARTESIAN_POINT ( 'NONE',  ( -19.99999999999999600, -10.99999999999999600, -0.5999999999999999800 ) ) ;
#5173 = EDGE_CURVE ( 'NONE', #324, #6258, #5375, .T. ) ;
#5174 = DIRECTION ( 'NONE',  ( -1.000000000000000000, 0.0000000000000000000, 0.0000000000000000000 ) ) ;
#5175 = SURFACE_STYLE_USAGE ( .BOTH. , #1795 ) ;
#5176 =( LENGTH_UNIT ( ) NAMED_UNIT ( * ) SI_UNIT ( .MILLI., .METRE. ) );
#5177 = ORIENTED_EDGE ( 'NONE', *, *, #1078, .T. ) ;
#5178 =( NAMED_UNIT ( * ) PLANE_ANGLE_UNIT ( ) SI_UNIT ( $, .RADIAN. ) );
#5179 = LINE ( 'NONE', #2271, #4997 ) ;
#5180 = CARTESIAN_POINT ( 'NONE',  ( -38.89999999999999100, -24.60000000000000100, 3.799999999999999800 ) ) ;
#5181 = DIRECTION ( 'NONE',  ( 0.0000000000000000000, -0.0000000000000000000, -1.000000000000000000 ) ) ;
#5182 = CARTESIAN_POINT ( 'NONE',  ( 32.09999999999998700, 26.00000000000000400, 1.899999999999999900 ) ) ;
#5183 = DIRECTION ( 'NONE',  ( 1.284980352575412700E-016, 1.000000000000000000, -0.0000000000000000000 ) ) ;
#5184 = VECTOR ( 'NONE', #821, 1000.000000000000000 ) ;
#5185 = MECHANICAL_DESIGN_GEOMETRIC_PRESENTATION_REPRESENTATION (  '', ( #4038 ), #5558 ) ;
#5186 = ORIENTED_EDGE ( 'NONE', *, *, #6357, .F. ) ;
#5187 = DIRECTION ( 'NONE',  ( -0.0000000000000000000, -0.0000000000000000000, 1.000000000000000000 ) ) ;
#5188 = PLANE ( 'NONE',  #5312 ) ;
#5189 = COLOUR_RGB ( '',0.7921568627450980000, 0.8196078431372548800, 0.9333333333333333500 ) ;
#5190 = DIRECTION ( 'NONE',  ( -0.0000000000000000000, -0.0000000000000000000, -1.000000000000000000 ) ) ;
#5191 = COLOUR_RGB ( '',1.000000000000000000, 1.000000000000000000, 1.000000000000000000 ) ;
#5192 = DIRECTION ( 'NONE',  ( 1.000000000000000000, 3.469446951953619700E-015, 0.0000000000000000000 ) ) ;
#5193 =( LENGTH_UNIT ( ) NAMED_UNIT ( * ) SI_UNIT ( .MILLI., .METRE. ) );
#5194 = EDGE_CURVE ( 'NONE', #76, #6836, #6874, .T. ) ;
#5195 =( GEOMETRIC_REPRESENTATION_CONTEXT ( 3 ) GLOBAL_UNCERTAINTY_ASSIGNED_CONTEXT ( ( #5571 ) ) GLOBAL_UNIT_ASSIGNED_CONTEXT ( ( #3508, #120, #4085 ) ) REPRESENTATION_CONTEXT ( 'NONE', 'WORKASPACE' ) );
#5196 = FILL_AREA_STYLE ('',( #4023 ) ) ;
#5197 = ORIENTED_EDGE ( 'NONE', *, *, #2510, .T. ) ;
#5198 = LINE ( 'NONE', #7141, #5371 ) ;
#5199 = CARTESIAN_POINT ( 'NONE',  ( 22.21999999999998800, -28.19999999999999600, -13.29999999999999900 ) ) ;
#5200 = CIRCLE ( 'NONE', #7228, 0.2549999999999982800 ) ;
#5201 = UNCERTAINTY_MEASURE_WITH_UNIT (LENGTH_MEASURE( 1.000000000000000100E-005 ), #4208, 'distance_accuracy_value', 'NONE');
#5202 = FACE_OUTER_BOUND ( 'NONE', #6000, .T. ) ;
#5203 =( GEOMETRIC_REPRESENTATION_CONTEXT ( 3 ) GLOBAL_UNCERTAINTY_ASSIGNED_CONTEXT ( ( #3479 ) ) GLOBAL_UNIT_ASSIGNED_CONTEXT ( ( #7282, #84, #2173 ) ) REPRESENTATION_CONTEXT ( 'NONE', 'WORKASPACE' ) );
#5204 = PLANE ( 'NONE',  #4636 ) ;
#5205 = AXIS2_PLACEMENT_3D ( 'NONE', #339, #4281, #1462 ) ;
#5206 = ORIENTED_EDGE ( 'NONE', *, *, #7218, .T. ) ;
#5207 = EDGE_CURVE ( 'NONE', #4154, #1592, #2373, .T. ) ;
#5208 = LINE ( 'NONE', #6346, #3690 ) ;
#5209 = PRESENTATION_STYLE_ASSIGNMENT (( #606 ) ) ;
#5210 = ORIENTED_EDGE ( 'NONE', *, *, #6915, .T. ) ;
#5211 = EDGE_LOOP ( 'NONE', ( #1344, #3560, #1321, #2905 ) ) ;
#5212 = ORIENTED_EDGE ( 'NONE', *, *, #1964, .T. ) ;
#5213 = VERTEX_POINT ( 'NONE', #2818 ) ;
#5214 = LINE ( 'NONE', #815, #2382 ) ;
#5215 = LINE ( 'NONE', #767, #2383 ) ;
#5216 = VERTEX_POINT ( 'NONE', #6043 ) ;
#5217 = FILL_AREA_STYLE ('',( #4657 ) ) ;
#5218 = DIRECTION ( 'NONE',  ( -0.0000000000000000000, 0.0000000000000000000, -1.000000000000000000 ) ) ;
#5219 = CARTESIAN_POINT ( 'NONE',  ( 39.00000000000000700, 17.20000000000000300, -3.850000000000000500 ) ) ;
#5220 = SURFACE_STYLE_FILL_AREA ( #6562 ) ;
#5221 = CARTESIAN_POINT ( 'NONE',  ( -35.79999999999999700, -29.99999999999998600, 0.0000000000000000000 ) ) ;
#5222 = DIRECTION ( 'NONE',  ( 1.000000000000000000, 0.0000000000000000000, -0.0000000000000000000 ) ) ;
#5223 = EDGE_CURVE ( 'NONE', #4363, #1394, #2200, .T. ) ;
#5224 =( GEOMETRIC_REPRESENTATION_CONTEXT ( 3 ) GLOBAL_UNCERTAINTY_ASSIGNED_CONTEXT ( ( #2655 ) ) GLOBAL_UNIT_ASSIGNED_CONTEXT ( ( #5831, #4056, #6269 ) ) REPRESENTATION_CONTEXT ( 'NONE', 'WORKASPACE' ) );
#5225 = AXIS2_PLACEMENT_3D ( 'NONE', #2110, #6013, #2661 ) ;
#5226 = AXIS2_PLACEMENT_3D ( 'NONE', #2488, #7005, #3631 ) ;
#5227 = EDGE_CURVE ( 'NONE', #6191, #1576, #3686, .T. ) ;
#5228 = AXIS2_PLACEMENT_3D ( 'NONE', #266, #5845, #3651 ) ;
#5229 = CARTESIAN_POINT ( 'NONE',  ( -38.99999999999999300, -22.54999999999999700, 4.850000000000000500 ) ) ;
#5230 = ORIENTED_EDGE ( 'NONE', *, *, #803, .F. ) ;
#5231 = CARTESIAN_POINT ( 'NONE',  ( -7.000000000000001800, -25.08217218155194300, -1.216519988065951200 ) ) ;
#5232 = LINE ( 'NONE', #4321, #2399 ) ;
#5233 =( NAMED_UNIT ( * ) PLANE_ANGLE_UNIT ( ) SI_UNIT ( $, .RADIAN. ) );
#5234 = CARTESIAN_POINT ( 'NONE',  ( 0.0000000000000000000, 0.0000000000000000000, 0.0000000000000000000 ) ) ;
#5235 = SURFACE_STYLE_USAGE ( .BOTH. , #1286 ) ;
#5236 = DIRECTION ( 'NONE',  ( -0.0000000000000000000, -0.0000000000000000000, -1.000000000000000000 ) ) ;
#5237 = AXIS2_PLACEMENT_3D ( 'NONE', #2138, #3354, #2433 ) ;
#5238 = VERTEX_POINT ( 'NONE', #6733 ) ;
#5239 = DIRECTION ( 'NONE',  ( -1.000000000000000000, -0.0000000000000000000, -0.0000000000000000000 ) ) ;
#5240 = VECTOR ( 'NONE', #4055, 1000.000000000000000 ) ;
#5241 = VERTEX_POINT ( 'NONE', #6157 ) ;
#5242 = ORIENTED_EDGE ( 'NONE', *, *, #167, .F. ) ;
#5243 = EDGE_CURVE ( 'NONE', #2885, #2837, #6689, .T. ) ;
#5244 = CARTESIAN_POINT ( 'NONE',  ( 39.00000000000000000, 26.99999999999999300, -2.149999999999999900 ) ) ;
#5245 = LINE ( 'NONE', #1326, #377 ) ;
#5246 = FILL_AREA_STYLE ('',( #242 ) ) ;
#5247 = EDGE_LOOP ( 'NONE', ( #6756, #6575, #6298, #3553 ) ) ;
#5248 =( NAMED_UNIT ( * ) SI_UNIT ( $, .STERADIAN. ) SOLID_ANGLE_UNIT ( ) );
#5249 = EDGE_LOOP ( 'NONE', ( #4642, #5415, #4618, #1272 ) ) ;
#5250 = CARTESIAN_POINT ( 'NONE',  ( -39.00000000000000700, -3.999999999999992500, 4.850000000000000500 ) ) ;
#5251 = CARTESIAN_POINT ( 'NONE',  ( -36.50000000000000000, -22.67999999999996100, 0.0000000000000000000 ) ) ;
#5252 = CARTESIAN_POINT ( 'NONE',  ( -7.000000000000000900, -23.16467137015499500, -0.7999999974209297500 ) ) ;
#5253 = EDGE_CURVE ( 'NONE', #6191, #2033, #4775, .T. ) ;
#5254 =( GEOMETRIC_REPRESENTATION_CONTEXT ( 3 ) GLOBAL_UNCERTAINTY_ASSIGNED_CONTEXT ( ( #4823 ) ) GLOBAL_UNIT_ASSIGNED_CONTEXT ( ( #3591, #2228, #251 ) ) REPRESENTATION_CONTEXT ( 'NONE', 'WORKASPACE' ) );
#5255 =( LENGTH_UNIT ( ) NAMED_UNIT ( * ) SI_UNIT ( .MILLI., .METRE. ) );
#5256 = VECTOR ( 'NONE', #715, 1000.000000000000000 ) ;
#5257 =( NAMED_UNIT ( * ) SI_UNIT ( $, .STERADIAN. ) SOLID_ANGLE_UNIT ( ) );
#5258 = FILL_AREA_STYLE_COLOUR ( '', #2887 ) ;
#5259 = VERTEX_POINT ( 'NONE', #5514 ) ;
#5260 = LINE ( 'NONE', #6446, #1540 ) ;
#5261 = CARTESIAN_POINT ( 'NONE',  ( -37.89999999999998400, -17.60000000000000100, 4.299999999999999800 ) ) ;
#5262 =( NAMED_UNIT ( * ) SI_UNIT ( $, .STERADIAN. ) SOLID_ANGLE_UNIT ( ) );
#5263 = CARTESIAN_POINT ( 'NONE',  ( 7.000000000000000000, -26.63628936894029700, -0.8445710469251209700 ) ) ;
#5264 = EDGE_LOOP ( 'NONE', ( #3383, #3464, #7047, #3215 ) ) ;
#5265 = ORIENTED_EDGE ( 'NONE', *, *, #489, .T. ) ;
#5266 = ADVANCED_FACE ( 'NONE', ( #5202 ), #3847, .F. ) ;
#5267 = DIRECTION ( 'NONE',  ( 0.0000000000000000000, 0.0000000000000000000, -1.000000000000000000 ) ) ;
#5268 = CARTESIAN_POINT ( 'NONE',  ( -39.00000000000000000, -24.37999999999999200, 0.0000000000000000000 ) ) ;
#5269 = SURFACE_STYLE_FILL_AREA ( #3500 ) ;
#5270 = ORIENTED_EDGE ( 'NONE', *, *, #846, .T. ) ;
#5271 = VECTOR ( 'NONE', #4563, 1000.000000000000000 ) ;
#5272 = STYLED_ITEM ( 'NONE', ( #1994 ), #5706 ) ;
#5273 = FACE_OUTER_BOUND ( 'NONE', #3614, .T. ) ;
#5274 = EDGE_LOOP ( 'NONE', ( #3093, #6418, #155, #230 ) ) ;
#5275 = VECTOR ( 'NONE', #1567, 1000.000000000000000 ) ;
#5276 = SURFACE_STYLE_FILL_AREA ( #184 ) ;
#5277 = CARTESIAN_POINT ( 'NONE',  ( -29.83999999999999300, -28.19999999999999600, -13.29999999999999900 ) ) ;
#5278 = CARTESIAN_POINT ( 'NONE',  ( 29.83999999999999300, -28.19999999999999600, 0.2000000000000000900 ) ) ;
#5279 = VECTOR ( 'NONE', #5051, 1000.000000000000000 ) ;
#5280 = FILL_AREA_STYLE_COLOUR ( '', #4129 ) ;
#5281 = EDGE_LOOP ( 'NONE', ( #3099, #6360, #1897, #4820 ) ) ;
#5282 = SURFACE_STYLE_FILL_AREA ( #2881 ) ;
#5283 = ORIENTED_EDGE ( 'NONE', *, *, #2241, .F. ) ;
#5284 = FACE_BOUND ( 'NONE', #6656, .T. ) ;
#5285 = EDGE_LOOP ( 'NONE', ( #4532, #7313, #5332, #5516, #6324, #1210 ) ) ;
#5286 = CYLINDRICAL_SURFACE ( 'NONE', #4206, 0.2549999999999982800 ) ;
#5287 = LINE ( 'NONE', #3998, #955 ) ;
#5288 = FACE_BOUND ( 'NONE', #5373, .T. ) ;
#5289 = ORIENTED_EDGE ( 'NONE', *, *, #2085, .F. ) ;
#5290 = MECHANICAL_DESIGN_GEOMETRIC_PRESENTATION_REPRESENTATION (  '', ( #6840 ), #219 ) ;
#5291 = SURFACE_SIDE_STYLE ('',( #307 ) ) ;
#5292 = DIRECTION ( 'NONE',  ( -1.000000000000000000, 0.0000000000000000000, 0.0000000000000000000 ) ) ;
#5293 = DIRECTION ( 'NONE',  ( 1.000000000000000000, -0.0000000000000000000, -0.0000000000000000000 ) ) ;
#5294 = LINE ( 'NONE', #4378, #3790 ) ;
#5295 = PLANE ( 'NONE',  #1993 ) ;
#5296 = DIRECTION ( 'NONE',  ( 0.0000000000000000000, 0.0000000000000000000, -1.000000000000000000 ) ) ;
#5297 = FACE_OUTER_BOUND ( 'NONE', #7197, .T. ) ;
#5298 = COLOUR_RGB ( '',1.000000000000000000, 1.000000000000000000, 1.000000000000000000 ) ;
#5299 = ORIENTED_EDGE ( 'NONE', *, *, #4289, .T. ) ;
#5300 = FACE_OUTER_BOUND ( 'NONE', #744, .T. ) ;
#5301 = EDGE_CURVE ( 'NONE', #4363, #6436, #3514, .T. ) ;
#5302 = CARTESIAN_POINT ( 'NONE',  ( 39.30000000000000400, -25.99999999999999600, -2.649999999999999500 ) ) ;
#5303 = CARTESIAN_POINT ( 'NONE',  ( 39.00000000000000000, -25.99999999999999600, -2.649999999999999500 ) ) ;
#5304 = LINE ( 'NONE', #3901, #3256 ) ;
#5305 = ORIENTED_EDGE ( 'NONE', *, *, #5361, .F. ) ;
#5306 = VECTOR ( 'NONE', #416, 1000.000000000000000 ) ;
#5307 =( NAMED_UNIT ( * ) PLANE_ANGLE_UNIT ( ) SI_UNIT ( $, .RADIAN. ) );
#5308 = DIRECTION ( 'NONE',  ( -0.0000000000000000000, 0.0000000000000000000, -1.000000000000000000 ) ) ;
#5309 = PRESENTATION_LAYER_ASSIGNMENT (  '', '', ( #6193 ) ) ;
#5310 = CARTESIAN_POINT ( 'NONE',  ( -22.21999999999998800, -28.19999999999999600, 0.2000000000000000900 ) ) ;
#5311 = VECTOR ( 'NONE', #983, 1000.000000000000000 ) ;
#5312 = AXIS2_PLACEMENT_3D ( 'NONE', #4632, #5739, #2370 ) ;
#5313 = CARTESIAN_POINT ( 'NONE',  ( 38.90000000000000600, -24.60000000000000500, 1.899999999999999900 ) ) ;
#5314 = ORIENTED_EDGE ( 'NONE', *, *, #5830, .F. ) ;
#5315 =( NAMED_UNIT ( * ) PLANE_ANGLE_UNIT ( ) SI_UNIT ( $, .RADIAN. ) );
#5316 = STYLED_ITEM ( 'NONE', ( #7280 ), #5395 ) ;
#5317 = DIRECTION ( 'NONE',  ( -0.0000000000000000000, 0.0000000000000000000, -1.000000000000000000 ) ) ;
#5318 = CARTESIAN_POINT ( 'NONE',  ( 29.58499999999999400, -28.19999999999999600, 0.2000000000000000900 ) ) ;
#5319 = VECTOR ( 'NONE', #2469, 1000.000000000000000 ) ;
#5320 = CARTESIAN_POINT ( 'NONE',  ( -7.000000000000000900, -22.83165912649420900, 3.800000000159908800 ) ) ;
#5321 = CARTESIAN_POINT ( 'NONE',  ( 19.67999999999998900, -28.19999999999999900, 0.2000000000000000900 ) ) ;
#5322 = LINE ( 'NONE', #2404, #2324 ) ;
#5323 = ORIENTED_EDGE ( 'NONE', *, *, #2342, .F. ) ;
#5324 = VERTEX_POINT ( 'NONE', #3873 ) ;
#5325 = ORIENTED_EDGE ( 'NONE', *, *, #6153, .F. ) ;
#5326 = LINE ( 'NONE', #2071, #5159 ) ;
#5327 = EDGE_CURVE ( 'NONE', #2107, #1192, #6329, .T. ) ;
#5328 = DIRECTION ( 'NONE',  ( 0.0000000000000000000, -0.0000000000000000000, 1.000000000000000000 ) ) ;
#5329 = SURFACE_STYLE_FILL_AREA ( #3953 ) ;
#5330 = DIRECTION ( 'NONE',  ( -1.000000000000000000, 0.0000000000000000000, -0.0000000000000000000 ) ) ;
#5331 = AXIS2_PLACEMENT_3D ( 'NONE', #6166, #3928, #554 ) ;
#5332 = ORIENTED_EDGE ( 'NONE', *, *, #4829, .F. ) ;
#5333 = ORIENTED_EDGE ( 'NONE', *, *, #6669, .F. ) ;
#5334 = B_SPLINE_CURVE_WITH_KNOTS ( 'NONE', 3,
 ( #5044, #6143, #2825, #3905, #1098, #4474, #5263, #5416, #885, #6955, #1074, #2848 ),
 .UNSPECIFIED., .F., .F.,
 ( 4, 1, 1, 1, 1, 1, 1, 1, 1, 4 ),
 ( 0.008854279073250120900, 0.03125000000000000000, 0.06249999999999999300, 0.09375000000000000000, 0.1250000000000000000, 0.1875000000000000000, 0.2500000000000000000, 0.3750000000000000000, 0.5000000000000000000, 0.6172551104198935600 ),
 .UNSPECIFIED. ) ;
#5335 = CIRCLE ( 'NONE', #312, 0.2549999999999982800 ) ;
#5336 = CARTESIAN_POINT ( 'NONE',  ( 36.50000000000000000, -6.499999999999995600, -0.5999999999999999800 ) ) ;
#5337 = PRESENTATION_LAYER_ASSIGNMENT (  '', '', ( #6840 ) ) ;
#5338 = EDGE_CURVE ( 'NONE', #2414, #90, #6504, .T. ) ;
#5339 = EDGE_CURVE ( 'NONE', #6836, #3730, #3329, .T. ) ;
#5340 = FILL_AREA_STYLE ('',( #1479 ) ) ;
#5341 = FACE_OUTER_BOUND ( 'NONE', #2290, .T. ) ;
#5342 =( GEOMETRIC_REPRESENTATION_CONTEXT ( 3 ) GLOBAL_UNCERTAINTY_ASSIGNED_CONTEXT ( ( #3538 ) ) GLOBAL_UNIT_ASSIGNED_CONTEXT ( ( #2046, #3645, #7128 ) ) REPRESENTATION_CONTEXT ( 'NONE', 'WORKASPACE' ) );
#5343 = EDGE_CURVE ( 'NONE', #3659, #1231, #1855, .T. ) ;
#5344 = ORIENTED_EDGE ( 'NONE', *, *, #4226, .T. ) ;
#5345 = DIRECTION ( 'NONE',  ( 1.591489427501658100E-016, 1.000000000000000000, 0.0000000000000000000 ) ) ;
#5346 = PLANE ( 'NONE',  #2313 ) ;
#5347 =( GEOMETRIC_REPRESENTATION_CONTEXT ( 3 ) GLOBAL_UNCERTAINTY_ASSIGNED_CONTEXT ( ( #4754 ) ) GLOBAL_UNIT_ASSIGNED_CONTEXT ( ( #2635, #3583, #121 ) ) REPRESENTATION_CONTEXT ( 'NONE', 'WORKASPACE' ) );
#5348 = CARTESIAN_POINT ( 'NONE',  ( -27.99999999999998200, -24.00000000000000000, -0.7999999999999999300 ) ) ;
#5349 = FILL_AREA_STYLE_COLOUR ( '', #5798 ) ;
#5350 = DIRECTION ( 'NONE',  ( 0.0000000000000000000, 0.0000000000000000000, -1.000000000000000000 ) ) ;
#5351 = CARTESIAN_POINT ( 'NONE',  ( 32.37999999999998800, -28.19999999999999600, 0.2000000000000000900 ) ) ;
#5352 =( GEOMETRIC_REPRESENTATION_CONTEXT ( 3 ) GLOBAL_UNCERTAINTY_ASSIGNED_CONTEXT ( ( #104 ) ) GLOBAL_UNIT_ASSIGNED_CONTEXT ( ( #6337, #4666, #2988 ) ) REPRESENTATION_CONTEXT ( 'NONE', 'WORKASPACE' ) );
#5353 = EDGE_CURVE ( 'NONE', #3830, #5914, #2019, .T. ) ;
#5354 = CARTESIAN_POINT ( 'NONE',  ( 28.99999999999998600, -24.00000000000000000, -0.5999999999999999800 ) ) ;
#5355 = DIRECTION ( 'NONE',  ( 0.0000000000000000000, -1.000000000000000000, 0.0000000000000000000 ) ) ;
#5356 = SURFACE_STYLE_USAGE ( .BOTH. , #1979 ) ;
#5357 = MECHANICAL_DESIGN_GEOMETRIC_PRESENTATION_REPRESENTATION (  '', ( #2009 ), #3263 ) ;
#5358 = UNCERTAINTY_MEASURE_WITH_UNIT (LENGTH_MEASURE( 1.000000000000000100E-005 ), #315, 'distance_accuracy_value', 'NONE');
#5359 = FACE_OUTER_BOUND ( 'NONE', #5454, .T. ) ;
#5360 = ORIENTED_EDGE ( 'NONE', *, *, #6664, .F. ) ;
#5361 = EDGE_CURVE ( 'NONE', #1912, #6968, #6150, .T. ) ;
#5362 = VECTOR ( 'NONE', #5720, 1000.000000000000000 ) ;
#5363 = DIRECTION ( 'NONE',  ( 0.0000000000000000000, -1.000000000000000000, 0.0000000000000000000 ) ) ;
#5364 = SURFACE_STYLE_FILL_AREA ( #5158 ) ;
#5365 = AXIS2_PLACEMENT_3D ( 'NONE', #7177, #5015, #5943 ) ;
#5366 = ORIENTED_EDGE ( 'NONE', *, *, #1933, .T. ) ;
#5367 = SURFACE_STYLE_FILL_AREA ( #5340 ) ;
#5368 = CARTESIAN_POINT ( 'NONE',  ( -38.90000000000003400, 25.99999999999998900, 3.799999999999999800 ) ) ;
#5369 = VECTOR ( 'NONE', #3230, 1000.000000000000000 ) ;
#5370 = CARTESIAN_POINT ( 'NONE',  ( -35.80000000000002600, -24.47999999999997900, -0.5999999999999999800 ) ) ;
#5371 = VECTOR ( 'NONE', #3948, 1000.000000000000000 ) ;
#5372 = ORIENTED_EDGE ( 'NONE', *, *, #6830, .F. ) ;
#5373 = EDGE_LOOP ( 'NONE', ( #1882, #5864 ) ) ;
#5374 = SURFACE_STYLE_USAGE ( .BOTH. , #1416 ) ;
#5375 = LINE ( 'NONE', #5083, #7039 ) ;
#5376 = AXIS2_PLACEMENT_3D ( 'NONE', #6410, #3923, #7281 ) ;
#5377 = VERTEX_POINT ( 'NONE', #1033 ) ;
#5378 = LINE ( 'NONE', #7019, #2375 ) ;
#5379 = SURFACE_STYLE_FILL_AREA ( #3834 ) ;
#5380 =( LENGTH_UNIT ( ) NAMED_UNIT ( * ) SI_UNIT ( .MILLI., .METRE. ) );
#5381 = ORIENTED_EDGE ( 'NONE', *, *, #6355, .F. ) ;
#5382 = FILL_AREA_STYLE_COLOUR ( '', #1288 ) ;
#5383 =( LENGTH_UNIT ( ) NAMED_UNIT ( * ) SI_UNIT ( .MILLI., .METRE. ) );
#5384 = AXIS2_PLACEMENT_3D ( 'NONE', #4920, #405, #3202 ) ;
#5385 = EDGE_CURVE ( 'NONE', #3195, #286, #3140, .T. ) ;
#5386 = ORIENTED_EDGE ( 'NONE', *, *, #3153, .T. ) ;
#5387 = ORIENTED_EDGE ( 'NONE', *, *, #6355, .T. ) ;
#5388 = LINE ( 'NONE', #5657, #3878 ) ;
#5389 = STYLED_ITEM ( 'NONE', ( #1659 ), #2895 ) ;
#5390 = LINE ( 'NONE', #3036, #694 ) ;
#5391 = VERTEX_POINT ( 'NONE', #3270 ) ;
#5392 = PLANE ( 'NONE',  #421 ) ;
#5393 = DIRECTION ( 'NONE',  ( 0.0000000000000000000, 0.0000000000000000000, -1.000000000000000000 ) ) ;
#5394 = VERTEX_POINT ( 'NONE', #3829 ) ;
#5395 = ADVANCED_FACE ( 'NONE', ( #5954 ), #6079, .T. ) ;
#5396 = STYLED_ITEM ( 'NONE', ( #5807 ), #401 ) ;
#5397 = AXIS2_PLACEMENT_3D ( 'NONE', #2512, #4797, #829 ) ;
#5398 = PRESENTATION_STYLE_ASSIGNMENT (( #5175 ) ) ;
#5399 = DIRECTION ( 'NONE',  ( 0.0000000000000000000, -1.000000000000000000, 0.0000000000000000000 ) ) ;
#5400 = AXIS2_PLACEMENT_3D ( 'NONE', #5001, #1048, #6416 ) ;
#5401 =( LENGTH_UNIT ( ) NAMED_UNIT ( * ) SI_UNIT ( .MILLI., .METRE. ) );
#5402 =( NAMED_UNIT ( * ) SI_UNIT ( $, .STERADIAN. ) SOLID_ANGLE_UNIT ( ) );
#5403 = CARTESIAN_POINT ( 'NONE',  ( -6.999999999999995600, -25.34907461931810200, 3.293677694281123000 ) ) ;
#5404 = ORIENTED_EDGE ( 'NONE', *, *, #3580, .F. ) ;
#5405 = DIRECTION ( 'NONE',  ( 0.0000000000000000000, -1.000000000000000000, -0.0000000000000000000 ) ) ;
#5406 = DIRECTION ( 'NONE',  ( 0.0000000000000000000, 0.0000000000000000000, -1.000000000000000000 ) ) ;
#5407 = CARTESIAN_POINT ( 'NONE',  ( -7.000000000000000000, -26.63628936894029700, -0.8445710469251209700 ) ) ;
#5408 = CARTESIAN_POINT ( 'NONE',  ( -40.00000000000000700, -26.99999999999999600, -2.149999999999999900 ) ) ;
#5409 = LINE ( 'NONE', #1502, #1701 ) ;
#5410 = CARTESIAN_POINT ( 'NONE',  ( -37.89999999999998400, -17.60000000000000100, 4.299999999999999800 ) ) ;
#5411 = AXIS2_PLACEMENT_3D ( 'NONE', #838, #3079, #7033 ) ;
#5412 = CARTESIAN_POINT ( 'NONE',  ( 38.89999999999996300, -18.50000000000001100, 4.599999999999999600 ) ) ;
#5413 = EDGE_CURVE ( 'NONE', #1532, #1860, #4490, .T. ) ;
#5414 = ORIENTED_EDGE ( 'NONE', *, *, #2314, .T. ) ;
#5415 = ORIENTED_EDGE ( 'NONE', *, *, #4795, .F. ) ;
#5416 = CARTESIAN_POINT ( 'NONE',  ( 7.000000000000000000, -27.49626654004555300, -0.05469900633998985000 ) ) ;
#5417 = PRESENTATION_LAYER_ASSIGNMENT (  '', '', ( #5775 ) ) ;
#5418 = FACE_OUTER_BOUND ( 'NONE', #5945, .T. ) ;
#5419 =( NAMED_UNIT ( * ) SI_UNIT ( $, .STERADIAN. ) SOLID_ANGLE_UNIT ( ) );
#5420 = CARTESIAN_POINT ( 'NONE',  ( 7.000000000000000000, -23.70822491629699900, -1.115524287202967100 ) ) ;
#5421 = DIRECTION ( 'NONE',  ( -1.000000000000000000, 0.0000000000000000000, 0.0000000000000000000 ) ) ;
#5422 = PRESENTATION_STYLE_ASSIGNMENT (( #6056 ) ) ;
#5423 = FILL_AREA_STYLE_COLOUR ( '', #1584 ) ;
#5424 = ADVANCED_FACE ( 'NONE', ( #2447 ), #4760, .T. ) ;
#5425 = ORIENTED_EDGE ( 'NONE', *, *, #1193, .F. ) ;
#5426 = DIRECTION ( 'NONE',  ( 1.000000000000000000, 0.0000000000000000000, -0.0000000000000000000 ) ) ;
#5427 =( NAMED_UNIT ( * ) PLANE_ANGLE_UNIT ( ) SI_UNIT ( $, .RADIAN. ) );
#5428 = FILL_AREA_STYLE ('',( #6544 ) ) ;
#5429 = UNCERTAINTY_MEASURE_WITH_UNIT (LENGTH_MEASURE( 1.000000000000000100E-005 ), #4221, 'distance_accuracy_value', 'NONE');
#5430 = SURFACE_STYLE_USAGE ( .BOTH. , #3722 ) ;
#5431 = CIRCLE ( 'NONE', #967, 0.2549999999999982800 ) ;
#5432 = DIRECTION ( 'NONE',  ( 1.000000000000000000, 0.0000000000000000000, 0.0000000000000000000 ) ) ;
#5433 = STYLED_ITEM ( 'NONE', ( #451 ), #931 ) ;
#5434 = EDGE_LOOP ( 'NONE', ( #4223, #4003, #259, #2534 ) ) ;
#5435 = FILL_AREA_STYLE_COLOUR ( '', #3723 ) ;
#5436 = SURFACE_STYLE_USAGE ( .BOTH. , #2220 ) ;
#5437 = FILL_AREA_STYLE_COLOUR ( '', #235 ) ;
#5438 = DIRECTION ( 'NONE',  ( -1.000000000000000000, 0.0000000000000000000, -0.0000000000000000000 ) ) ;
#5439 = AXIS2_PLACEMENT_3D ( 'NONE', #4149, #2326, #2909 ) ;
#5440 = CARTESIAN_POINT ( 'NONE',  ( 7.000000000000000000, -27.91544923818409500, 1.268894953814910100 ) ) ;
#5441 = CIRCLE ( 'NONE', #5833, 0.5000000000000004400 ) ;
#5442 = CLOSED_SHELL ( 'NONE', ( #1411, #5636, #499, #3677 ) ) ;
#5443 = ORIENTED_EDGE ( 'NONE', *, *, #5456, .F. ) ;
#5444 = CARTESIAN_POINT ( 'NONE',  ( -36.00000000000000700, -24.37999999999998100, -2.149999999999999900 ) ) ;
#5445 = DIRECTION ( 'NONE',  ( -0.0000000000000000000, -0.0000000000000000000, 1.000000000000000000 ) ) ;
#5446 = EDGE_CURVE ( 'NONE', #140, #3152, #426, .T. ) ;
#5447 = ORIENTED_EDGE ( 'NONE', *, *, #5873, .F. ) ;
#5448 = CARTESIAN_POINT ( 'NONE',  ( 30.09499999999998800, -28.19999999999999600, -13.29999999999999900 ) ) ;
#5449 = DIRECTION ( 'NONE',  ( 1.000000000000000000, 0.0000000000000000000, -0.0000000000000000000 ) ) ;
#5450 = DIRECTION ( 'NONE',  ( -1.000000000000000000, 0.0000000000000000000, 0.0000000000000000000 ) ) ;
#5451 = SURFACE_STYLE_USAGE ( .BOTH. , #5932 ) ;
#5452 = UNCERTAINTY_MEASURE_WITH_UNIT (LENGTH_MEASURE( 1.000000000000000100E-005 ), #5461, 'distance_accuracy_value', 'NONE');
#5453 = PRESENTATION_LAYER_ASSIGNMENT (  '', '', ( #5072 ) ) ;
#5454 = EDGE_LOOP ( 'NONE', ( #4174, #70 ) ) ;
#5455 = CIRCLE ( 'NONE', #6342, 0.2549999999999982800 ) ;
#5456 = EDGE_CURVE ( 'NONE', #1605, #3512, #3419, .T. ) ;
#5457 = FILL_AREA_STYLE ('',( #3191 ) ) ;
#5458 = CARTESIAN_POINT ( 'NONE',  ( -13.99999999999999100, -29.99999999999999300, 0.0000000000000000000 ) ) ;
#5459 = VECTOR ( 'NONE', #2255, 1000.000000000000000 ) ;
#5460 = ADVANCED_FACE ( 'NONE', ( #6040 ), #5975, .T. ) ;
#5461 =( LENGTH_UNIT ( ) NAMED_UNIT ( * ) SI_UNIT ( .MILLI., .METRE. ) );
#5462 = CARTESIAN_POINT ( 'NONE',  ( -41.00000000000000700, 17.20000000000001400, -3.850000000000000500 ) ) ;
#5463 = AXIS2_PLACEMENT_3D ( 'NONE', #3996, #6892, #6305 ) ;
#5464 = LINE ( 'NONE', #62, #3777 ) ;
#5465 = VERTEX_POINT ( 'NONE', #3467 ) ;
#5466 = DIRECTION ( 'NONE',  ( 1.000000000000000000, 0.0000000000000000000, 0.0000000000000000000 ) ) ;
#5467 = DIRECTION ( 'NONE',  ( 0.0000000000000000000, 0.0000000000000000000, 1.000000000000000000 ) ) ;
#5468 =( LENGTH_UNIT ( ) NAMED_UNIT ( * ) SI_UNIT ( .MILLI., .METRE. ) );
#5469 = EDGE_LOOP ( 'NONE', ( #7148, #5876, #5548, #2498 ) ) ;
#5470 = EDGE_CURVE ( 'NONE', #975, #6340, #5541, .T. ) ;
#5471 = CARTESIAN_POINT ( 'NONE',  ( 27.55499999999998900, -28.19999999999999600, 0.2000000000000000900 ) ) ;
#5472 = CIRCLE ( 'NONE', #125, 0.5000000000000004400 ) ;
#5473 = ORIENTED_EDGE ( 'NONE', *, *, #1049, .T. ) ;
#5474 = CARTESIAN_POINT ( 'NONE',  ( -38.90000000000003400, 25.99999999999998900, 3.799999999999999800 ) ) ;
#5475 =( GEOMETRIC_REPRESENTATION_CONTEXT ( 3 ) GLOBAL_UNCERTAINTY_ASSIGNED_CONTEXT ( ( #3624 ) ) GLOBAL_UNIT_ASSIGNED_CONTEXT ( ( #5496, #2119, #6027 ) ) REPRESENTATION_CONTEXT ( 'NONE', 'WORKASPACE' ) );
#5476 = DIRECTION ( 'NONE',  ( 0.0000000000000000000, 0.0000000000000000000, -1.000000000000000000 ) ) ;
#5477 = VECTOR ( 'NONE', #4822, 1000.000000000000000 ) ;
#5478 = FILL_AREA_STYLE_COLOUR ( '', #91 ) ;
#5479 = PRESENTATION_STYLE_ASSIGNMENT (( #6427 ) ) ;
#5480 =( NAMED_UNIT ( * ) SI_UNIT ( $, .STERADIAN. ) SOLID_ANGLE_UNIT ( ) );
#5481 = ORIENTED_EDGE ( 'NONE', *, *, #5964, .T. ) ;
#5482 = STYLED_ITEM ( 'NONE', ( #982 ), #468 ) ;
#5483 = EDGE_CURVE ( 'NONE', #503, #2885, #2712, .T. ) ;
#5484 = EDGE_CURVE ( 'NONE', #3652, #58, #7030, .T. ) ;
#5485 = MECHANICAL_DESIGN_GEOMETRIC_PRESENTATION_REPRESENTATION (  '', ( #4346 ), #5834 ) ;
#5486 = CARTESIAN_POINT ( 'NONE',  ( 38.99999999999998600, 23.44999999999998900, 4.850000000000000500 ) ) ;
#5487 = DIRECTION ( 'NONE',  ( -1.000000000000000000, -0.0000000000000000000, -0.0000000000000000000 ) ) ;
#5488 = CARTESIAN_POINT ( 'NONE',  ( -7.000000000000000900, -20.84568443055901100, 3.800000003161695200 ) ) ;
#5489 = DIRECTION ( 'NONE',  ( 0.0000000000000000000, 0.0000000000000000000, 1.000000000000000000 ) ) ;
#5490 =( NAMED_UNIT ( * ) PLANE_ANGLE_UNIT ( ) SI_UNIT ( $, .RADIAN. ) );
#5491 = ORIENTED_EDGE ( 'NONE', *, *, #6475, .F. ) ;
#5492 = COLOUR_RGB ( '',0.5019607843137254800, 0.5019607843137254800, 1.000000000000000000 ) ;
#5493 = DIRECTION ( 'NONE',  ( 0.0000000000000000000, 0.0000000000000000000, -1.000000000000000000 ) ) ;
#5494 = STYLED_ITEM ( 'NONE', ( #3991 ), #4418 ) ;
#5495 = CARTESIAN_POINT ( 'NONE',  ( -40.00000000000000700, -26.99999999999999600, 4.850000000000000500 ) ) ;
#5496 =( LENGTH_UNIT ( ) NAMED_UNIT ( * ) SI_UNIT ( .MILLI., .METRE. ) );
#5497 = EDGE_CURVE ( 'NONE', #6374, #3091, #4036, .T. ) ;
#5498 = ORIENTED_EDGE ( 'NONE', *, *, #7113, .F. ) ;
#5499 = LINE ( 'NONE', #6250, #6986 ) ;
#5500 = ADVANCED_FACE ( 'NONE', ( #1029 ), #4200, .T. ) ;
#5501 = EDGE_CURVE ( 'NONE', #5837, #1714, #1848, .T. ) ;
#5502 = MECHANICAL_DESIGN_GEOMETRIC_PRESENTATION_REPRESENTATION (  '', ( #3556 ), #6094 ) ;
#5503 = FACE_OUTER_BOUND ( 'NONE', #3819, .T. ) ;
#5504 = CARTESIAN_POINT ( 'NONE',  ( 38.90000000000000600, -24.60000000000000500, 3.799999999999999800 ) ) ;
#5505 = FILL_AREA_STYLE ('',( #6573 ) ) ;
#5506 = ORIENTED_EDGE ( 'NONE', *, *, #5921, .F. ) ;
#5507 = ORIENTED_EDGE ( 'NONE', *, *, #450, .F. ) ;
#5508 = CYLINDRICAL_SURFACE ( 'NONE', #3573, 0.2549999999999982800 ) ;
#5509 = EDGE_CURVE ( 'NONE', #6382, #7160, #4839, .T. ) ;
#5510 = CIRCLE ( 'NONE', #4951, 1.000000000000000900 ) ;
#5511 = SURFACE_STYLE_USAGE ( .BOTH. , #1549 ) ;
#5512 = FILL_AREA_STYLE ('',( #6805 ) ) ;
#5513 = ORIENTED_EDGE ( 'NONE', *, *, #5062, .T. ) ;
#5514 = CARTESIAN_POINT ( 'NONE',  ( -39.00000000000000700, -3.999999999999992500, 1.899999999999999900 ) ) ;
#5515 = ORIENTED_EDGE ( 'NONE', *, *, #530, .T. ) ;
#5516 = ORIENTED_EDGE ( 'NONE', *, *, #7038, .F. ) ;
#5517 = CARTESIAN_POINT ( 'NONE',  ( 27.04499999999999100, -28.19999999999999600, 0.2000000000000000900 ) ) ;
#5518 =( GEOMETRIC_REPRESENTATION_CONTEXT ( 3 ) GLOBAL_UNCERTAINTY_ASSIGNED_CONTEXT ( ( #5676 ) ) GLOBAL_UNIT_ASSIGNED_CONTEXT ( ( #2360, #1317, #1832 ) ) REPRESENTATION_CONTEXT ( 'NONE', 'WORKASPACE' ) );
#5519 = FILL_AREA_STYLE_COLOUR ( '', #6695 ) ;
#5520 = DIRECTION ( 'NONE',  ( 1.000000000000000000, -0.0000000000000000000, -0.0000000000000000000 ) ) ;
#5521 = LINE ( 'NONE', #4541, #1005 ) ;
#5522 = CIRCLE ( 'NONE', #2617, 0.2549999999999982800 ) ;
#5523 =( LENGTH_UNIT ( ) NAMED_UNIT ( * ) SI_UNIT ( .MILLI., .METRE. ) );
#5524 = DIRECTION ( 'NONE',  ( -0.005213693475535442800, -0.9999864086078086300, -0.0000000000000000000 ) ) ;
#5525 = ORIENTED_EDGE ( 'NONE', *, *, #4329, .F. ) ;
#5526 = ADVANCED_FACE ( 'NONE', ( #4676, #331 ), #5951, .T. ) ;
#5527 = CARTESIAN_POINT ( 'NONE',  ( -41.00000000000000700, 22.20000000000001400, -3.850000000000000500 ) ) ;
#5528 = STYLED_ITEM ( 'NONE', ( #1474 ), #4042 ) ;
#5529 = LINE ( 'NONE', #6301, #1209 ) ;
#5530 = VERTEX_POINT ( 'NONE', #4276 ) ;
#5531 =( NAMED_UNIT ( * ) SI_UNIT ( $, .STERADIAN. ) SOLID_ANGLE_UNIT ( ) );
#5532 = LINE ( 'NONE', #4019, #4027 ) ;
#5533 = DIRECTION ( 'NONE',  ( 0.0000000000000000000, -0.0000000000000000000, 1.000000000000000000 ) ) ;
#5534 = CARTESIAN_POINT ( 'NONE',  ( -39.00000000000000000, 17.20000000000001400, -2.149999999999977300 ) ) ;
#5535 = LINE ( 'NONE', #5368, #3853 ) ;
#5536 = ORIENTED_EDGE ( 'NONE', *, *, #772, .F. ) ;
#5537 = CARTESIAN_POINT ( 'NONE',  ( -50.00000000000000700, 22.20000000000001400, -0.6499999999999999100 ) ) ;
#5538 = CARTESIAN_POINT ( 'NONE',  ( 7.000000000000000000, -21.21347195759980400, 3.854781685845293500 ) ) ;
#5539 = FACE_OUTER_BOUND ( 'NONE', #695, .T. ) ;
#5540 = EDGE_CURVE ( 'NONE', #2096, #6286, #3134, .T. ) ;
#5541 = LINE ( 'NONE', #75, #1221 ) ;
#5542 = FILL_AREA_STYLE ('',( #5064 ) ) ;
#5543 = CARTESIAN_POINT ( 'NONE',  ( 39.99999999999997900, -19.55000000000000800, 4.850000000000000500 ) ) ;
#5544 =( NAMED_UNIT ( * ) SI_UNIT ( $, .STERADIAN. ) SOLID_ANGLE_UNIT ( ) );
#5545 =( NAMED_UNIT ( * ) PLANE_ANGLE_UNIT ( ) SI_UNIT ( $, .RADIAN. ) );
#5546 = ORIENTED_EDGE ( 'NONE', *, *, #4051, .F. ) ;
#5547 = VECTOR ( 'NONE', #2266, 1000.000000000000000 ) ;
#5548 = ORIENTED_EDGE ( 'NONE', *, *, #4406, .F. ) ;
#5549 = DIRECTION ( 'NONE',  ( 1.000000000000000000, 0.0000000000000000000, 0.0000000000000000000 ) ) ;
#5550 = ORIENTED_EDGE ( 'NONE', *, *, #5615, .T. ) ;
#5551 = VECTOR ( 'NONE', #3395, 1000.000000000000000 ) ;
#5552 = CIRCLE ( 'NONE', #1828, 0.2549999999999982800 ) ;
#5553 = CIRCLE ( 'NONE', #4862, 0.2549999999999982800 ) ;
#5554 = ORIENTED_EDGE ( 'NONE', *, *, #4256, .F. ) ;
#5555 = CARTESIAN_POINT ( 'NONE',  ( -40.00000000000000700, 16.20000000000001700, 1.899999999999999900 ) ) ;
#5556 =( NAMED_UNIT ( * ) PLANE_ANGLE_UNIT ( ) SI_UNIT ( $, .RADIAN. ) );
#5557 = DIRECTION ( 'NONE',  ( -0.0000000000000000000, -1.000000000000000000, -0.0000000000000000000 ) ) ;
#5558 =( GEOMETRIC_REPRESENTATION_CONTEXT ( 3 ) GLOBAL_UNCERTAINTY_ASSIGNED_CONTEXT ( ( #3599 ) ) GLOBAL_UNIT_ASSIGNED_CONTEXT ( ( #6358, #2398, #22 ) ) REPRESENTATION_CONTEXT ( 'NONE', 'WORKASPACE' ) );
#5559 = VERTEX_POINT ( 'NONE', #911 ) ;
#5560 = LINE ( 'NONE', #4553, #6698 ) ;
#5561 = EDGE_LOOP ( 'NONE', ( #7276, #2105, #3012, #6282 ) ) ;
#5562 = UNCERTAINTY_MEASURE_WITH_UNIT (LENGTH_MEASURE( 1.000000000000000100E-005 ), #5468, 'distance_accuracy_value', 'NONE');
#5563 = DIRECTION ( 'NONE',  ( 0.0000000000000000000, 0.0000000000000000000, -1.000000000000000000 ) ) ;
#5564 = CARTESIAN_POINT ( 'NONE',  ( -38.99999999999999300, -22.54999999999999700, 4.850000000000000500 ) ) ;
#5565 = ORIENTED_EDGE ( 'NONE', *, *, #1297, .F. ) ;
#5566 = SURFACE_SIDE_STYLE ('',( #3380 ) ) ;
#5567 =( NAMED_UNIT ( * ) PLANE_ANGLE_UNIT ( ) SI_UNIT ( $, .RADIAN. ) );
#5568 = ADVANCED_FACE ( 'NONE', ( #141 ), #2168, .F. ) ;
#5569 = LINE ( 'NONE', #6834, #1251 ) ;
#5570 = DIRECTION ( 'NONE',  ( 0.0000000000000000000, 1.000000000000000000, 0.0000000000000000000 ) ) ;
#5571 = UNCERTAINTY_MEASURE_WITH_UNIT (LENGTH_MEASURE( 1.000000000000000100E-005 ), #3508, 'distance_accuracy_value', 'NONE');
#5572 = CARTESIAN_POINT ( 'NONE',  ( -38.90000000000002000, -18.50000000000001100, 4.599999999999999600 ) ) ;
#5573 = DIRECTION ( 'NONE',  ( 0.0000000000000000000, 0.0000000000000000000, 1.000000000000000000 ) ) ;
#5574 = SURFACE_STYLE_FILL_AREA ( #1318 ) ;
#5575 = DIRECTION ( 'NONE',  ( -0.0000000000000000000, -0.0000000000000000000, -1.000000000000000000 ) ) ;
#5576 = FACE_OUTER_BOUND ( 'NONE', #4148, .T. ) ;
#5577 = STYLED_ITEM ( 'NONE', ( #4853 ), #3455 ) ;
#5578 = EDGE_CURVE ( 'NONE', #3405, #3730, #2974, .T. ) ;
#5579 = ORIENTED_EDGE ( 'NONE', *, *, #3439, .T. ) ;
#5580 = FACE_OUTER_BOUND ( 'NONE', #6444, .T. ) ;
#5581 = FACE_BOUND ( 'NONE', #1812, .T. ) ;
#5582 =( NAMED_UNIT ( * ) SI_UNIT ( $, .STERADIAN. ) SOLID_ANGLE_UNIT ( ) );
#5583 =( NAMED_UNIT ( * ) PLANE_ANGLE_UNIT ( ) SI_UNIT ( $, .RADIAN. ) );
#5584 = CARTESIAN_POINT ( 'NONE',  ( -39.00000000000000000, 27.00000000000000400, 0.0000000000000000000 ) ) ;
#5585 = CIRCLE ( 'NONE', #1829, 0.3000000000000016500 ) ;
#5586 =( NAMED_UNIT ( * ) PLANE_ANGLE_UNIT ( ) SI_UNIT ( $, .RADIAN. ) );
#5587 =( LENGTH_UNIT ( ) NAMED_UNIT ( * ) SI_UNIT ( .MILLI., .METRE. ) );
#5588 = ORIENTED_EDGE ( 'NONE', *, *, #7076, .T. ) ;
#5589 = STYLED_ITEM ( 'NONE', ( #3078 ), #4622 ) ;
#5590 = CARTESIAN_POINT ( 'NONE',  ( -27.29999999999999000, -28.19999999999999600, 0.2000000000000000900 ) ) ;
#5591 = CARTESIAN_POINT ( 'NONE',  ( 29.83999999999999300, -28.19999999999999600, 0.2000000000000000900 ) ) ;
#5592 = DIRECTION ( 'NONE',  ( 0.0000000000000000000, 0.0000000000000000000, -1.000000000000000000 ) ) ;
#5593 = ORIENTED_EDGE ( 'NONE', *, *, #4759, .T. ) ;
#5594 = EDGE_LOOP ( 'NONE', ( #4980, #5372, #420, #819, #3071, #580 ) ) ;
#5595 = EDGE_CURVE ( 'NONE', #809, #4809, #1657, .T. ) ;
#5596 =( GEOMETRIC_REPRESENTATION_CONTEXT ( 3 ) GLOBAL_UNCERTAINTY_ASSIGNED_CONTEXT ( ( #6490 ) ) GLOBAL_UNIT_ASSIGNED_CONTEXT ( ( #4424, #357, #3850 ) ) REPRESENTATION_CONTEXT ( 'NONE', 'WORKASPACE' ) );
#5597 = STYLED_ITEM ( 'NONE', ( #5819 ), #7040 ) ;
#5598 =( NAMED_UNIT ( * ) PLANE_ANGLE_UNIT ( ) SI_UNIT ( $, .RADIAN. ) );
#5599 = CARTESIAN_POINT ( 'NONE',  ( 25.01499999999999000, -28.19999999999999600, 0.2000000000000000900 ) ) ;
#5600 = DIRECTION ( 'NONE',  ( -1.000000000000000000, 0.0000000000000000000, 0.0000000000000000000 ) ) ;
#5601 = EDGE_CURVE ( 'NONE', #4287, #4220, #3321, .T. ) ;
#5602 = ORIENTED_EDGE ( 'NONE', *, *, #4274, .F. ) ;
#5603 = AXIS2_PLACEMENT_3D ( 'NONE', #779, #4170, #207 ) ;
#5604 = COLOUR_RGB ( '',1.000000000000000000, 1.000000000000000000, 1.000000000000000000 ) ;
#5605 = CARTESIAN_POINT ( 'NONE',  ( 24.75999999999999100, -28.19999999999999600, 0.2000000000000000900 ) ) ;
#5606 = ADVANCED_FACE ( 'NONE', ( #7271 ), #1644, .F. ) ;
#5607 = LINE ( 'NONE', #3842, #7255 ) ;
#5608 =( NAMED_UNIT ( * ) SI_UNIT ( $, .STERADIAN. ) SOLID_ANGLE_UNIT ( ) );
#5609 = AXIS2_PLACEMENT_3D ( 'NONE', #2090, #196, #5653 ) ;
#5610 = DIRECTION ( 'NONE',  ( -1.000000000000000000, -0.0000000000000000000, -0.0000000000000000000 ) ) ;
#5611 = CARTESIAN_POINT ( 'NONE',  ( -24.75999999999999100, -28.19999999999999600, -13.29999999999999900 ) ) ;
#5612 =( LENGTH_UNIT ( ) NAMED_UNIT ( * ) SI_UNIT ( .MILLI., .METRE. ) );
#5613 = CARTESIAN_POINT ( 'NONE',  ( -38.89999999999999100, -24.59999999999999800, 1.899999999999999900 ) ) ;
#5614 = EDGE_CURVE ( 'NONE', #1721, #2028, #2262, .T. ) ;
#5615 = EDGE_CURVE ( 'NONE', #433, #6286, #3764, .T. ) ;
#5616 = EDGE_CURVE ( 'NONE', #5637, #1714, #751, .T. ) ;
#5617 = SURFACE_STYLE_USAGE ( .BOTH. , #6745 ) ;
#5618 = EDGE_LOOP ( 'NONE', ( #6683, #7052, #6293, #5875, #4900, #4633, #6795, #4234 ) ) ;
#5619 = CARTESIAN_POINT ( 'NONE',  ( -28.99999999999998600, -24.00000000000000000, -0.7999999999999999300 ) ) ;
#5620 = CARTESIAN_POINT ( 'NONE',  ( -37.50000000000000000, -6.499999999999995600, 0.0000000000000000000 ) ) ;
#5621 = FACE_OUTER_BOUND ( 'NONE', #4108, .T. ) ;
#5622 = DIRECTION ( 'NONE',  ( -0.0000000000000000000, -0.0000000000000000000, 1.000000000000000000 ) ) ;
#5623 = CARTESIAN_POINT ( 'NONE',  ( 38.99999999999998600, -4.999999999999984000, -0.0000000000000000000 ) ) ;
#5624 = EDGE_LOOP ( 'NONE', ( #5513, #6376 ) ) ;
#5625 = DIRECTION ( 'NONE',  ( 0.0000000000000000000, 0.0000000000000000000, -1.000000000000000000 ) ) ;
#5626 =( LENGTH_UNIT ( ) NAMED_UNIT ( * ) SI_UNIT ( .MILLI., .METRE. ) );
#5627 = DIRECTION ( 'NONE',  ( 0.0000000000000000000, 0.0000000000000000000, -1.000000000000000000 ) ) ;
#5628 = CARTESIAN_POINT ( 'NONE',  ( -32.37999999999998800, -28.19999999999999600, 0.2000000000000000900 ) ) ;
#5629 = CARTESIAN_POINT ( 'NONE',  ( 38.99999999999998600, 23.44999999999998900, 4.850000000000000500 ) ) ;
#5630 = DIRECTION ( 'NONE',  ( 1.000000000000000000, -0.0000000000000000000, -0.0000000000000000000 ) ) ;
#5631 = CARTESIAN_POINT ( 'NONE',  ( 7.000000000000000900, -22.99903944788961500, 3.889229275603112200 ) ) ;
#5632 = DIRECTION ( 'NONE',  ( -0.0000000000000000000, -0.0000000000000000000, 1.000000000000000000 ) ) ;
#5633 = EDGE_LOOP ( 'NONE', ( #5498, #4688 ) ) ;
#5634 = DIRECTION ( 'NONE',  ( -1.000000000000000000, 0.0000000000000000000, 0.0000000000000000000 ) ) ;
#5635 = ORIENTED_EDGE ( 'NONE', *, *, #355, .T. ) ;
#5636 = ADVANCED_FACE ( 'NONE', ( #5095 ), #5859, .T. ) ;
#5637 = VERTEX_POINT ( 'NONE', #6982 ) ;
#5638 = ADVANCED_FACE ( 'NONE', ( #4387 ), #216, .F. ) ;
#5639 = CARTESIAN_POINT ( 'NONE',  ( -36.50000000000000000, -22.67999999999996100, -0.5999999999999999800 ) ) ;
#5640 = CARTESIAN_POINT ( 'NONE',  ( 16.00000000000000000, -24.00000000000000000, -0.7999999999999999300 ) ) ;
#5641 = VECTOR ( 'NONE', #4648, 1000.000000000000000 ) ;
#5642 = ORIENTED_EDGE ( 'NONE', *, *, #3820, .F. ) ;
#5643 = ORIENTED_EDGE ( 'NONE', *, *, #13, .F. ) ;
#5644 = LINE ( 'NONE', #5987, #5477 ) ;
#5645 = ORIENTED_EDGE ( 'NONE', *, *, #5708, .T. ) ;
#5646 = DIRECTION ( 'NONE',  ( -0.0000000000000000000, -0.0000000000000000000, 1.000000000000000000 ) ) ;
#5647 = DIRECTION ( 'NONE',  ( 0.0000000000000000000, 0.0000000000000000000, -1.000000000000000000 ) ) ;
#5648 =( LENGTH_UNIT ( ) NAMED_UNIT ( * ) SI_UNIT ( .MILLI., .METRE. ) );
#5649 = MANIFOLD_SOLID_BREP ( 'Boss-Extrude7[4]', #2632 ) ;
#5650 = DIRECTION ( 'NONE',  ( -0.0000000000000000000, -0.0000000000000000000, 1.000000000000000000 ) ) ;
#5651 = SURFACE_STYLE_FILL_AREA ( #118 ) ;
#5652 = AXIS2_PLACEMENT_3D ( 'NONE', #6527, #2942, #690 ) ;
#5653 = DIRECTION ( 'NONE',  ( -1.000000000000000000, 3.661685437418064500E-016, 0.0000000000000000000 ) ) ;
#5654 = VECTOR ( 'NONE', #495, 1000.000000000000000 ) ;
#5655 = DIRECTION ( 'NONE',  ( -1.000000000000000000, 8.673617379884027600E-016, 0.0000000000000000000 ) ) ;
#5656 = DIRECTION ( 'NONE',  ( -1.000000000000000000, 0.0000000000000000000, 0.0000000000000000000 ) ) ;
#5657 = CARTESIAN_POINT ( 'NONE',  ( 32.09999999999998700, 25.99999999999998900, 4.850000000000000500 ) ) ;
#5658 = PRESENTATION_STYLE_ASSIGNMENT (( #1212 ) ) ;
#5659 = CARTESIAN_POINT ( 'NONE',  ( -40.00000000000000700, -22.54999999999999700, 4.850000000000000500 ) ) ;
#5660 = ORIENTED_EDGE ( 'NONE', *, *, #4978, .T. ) ;
#5661 = VECTOR ( 'NONE', #6435, 1000.000000000000000 ) ;
#5662 = FILL_AREA_STYLE ('',( #174 ) ) ;
#5663 = DIRECTION ( 'NONE',  ( 0.0000000000000000000, 0.0000000000000000000, -1.000000000000000000 ) ) ;
#5664 = VERTEX_POINT ( 'NONE', #7291 ) ;
#5665 = CARTESIAN_POINT ( 'NONE',  ( -19.99999999999999600, -10.99999999999999600, -0.5999999999999999800 ) ) ;
#5666 = PRESENTATION_LAYER_ASSIGNMENT (  '', '', ( #6412 ) ) ;
#5667 = FACE_BOUND ( 'NONE', #1350, .T. ) ;
#5668 =( NAMED_UNIT ( * ) SI_UNIT ( $, .STERADIAN. ) SOLID_ANGLE_UNIT ( ) );
#5669 = DIRECTION ( 'NONE',  ( -1.000000000000000000, 0.0000000000000000000, 0.0000000000000000000 ) ) ;
#5670 = CARTESIAN_POINT ( 'NONE',  ( -38.90000000000003400, -18.50000000000001100, 4.599999999999999600 ) ) ;
#5671 = ORIENTED_EDGE ( 'NONE', *, *, #5893, .T. ) ;
#5672 = ADVANCED_FACE ( 'NONE', ( #1202 ), #536, .F. ) ;
#5673 = DIRECTION ( 'NONE',  ( -0.0000000000000000000, 0.0000000000000000000, -1.000000000000000000 ) ) ;
#5674 = PLANE ( 'NONE',  #4623 ) ;
#5675 = ORIENTED_EDGE ( 'NONE', *, *, #1859, .F. ) ;
#5676 = UNCERTAINTY_MEASURE_WITH_UNIT (LENGTH_MEASURE( 1.000000000000000100E-005 ), #2360, 'distance_accuracy_value', 'NONE');
#5677 = LINE ( 'NONE', #6716, #1187 ) ;
#5678 = PLANE ( 'NONE',  #4879 ) ;
#5679 = EDGE_CURVE ( 'NONE', #503, #5213, #5522, .T. ) ;
#5680 = DIRECTION ( 'NONE',  ( 2.701009694008263800E-016, 1.000000000000000000, 0.0000000000000000000 ) ) ;
#5681 = CARTESIAN_POINT ( 'NONE',  ( -7.000000000000000000, -24.66178007831438600, -1.323920199351380300 ) ) ;
#5682 = DIRECTION ( 'NONE',  ( -0.0000000000000000000, 0.0000000000000000000, -1.000000000000000000 ) ) ;
#5683 = ORIENTED_EDGE ( 'NONE', *, *, #1827, .T. ) ;
#5684 = ORIENTED_EDGE ( 'NONE', *, *, #3680, .T. ) ;
#5685 = VERTEX_POINT ( 'NONE', #4488 ) ;
#5686 = CARTESIAN_POINT ( 'NONE',  ( -16.00000000000000000, -24.00000000000000000, -0.5999999999999999800 ) ) ;
#5687 = CARTESIAN_POINT ( 'NONE',  ( -28.99999999999998600, -24.00000000000000000, -0.7999999999999999300 ) ) ;
#5688 = CARTESIAN_POINT ( 'NONE',  ( -29.83999999999999300, -28.19999999999999600, 0.2000000000000000900 ) ) ;
#5689 = PRESENTATION_LAYER_ASSIGNMENT (  '', '', ( #3556 ) ) ;
#5690 = PRESENTATION_LAYER_ASSIGNMENT (  '', '', ( #4179 ) ) ;
#5691 =( NAMED_UNIT ( * ) PLANE_ANGLE_UNIT ( ) SI_UNIT ( $, .RADIAN. ) );
#5692 = DIRECTION ( 'NONE',  ( -1.000000000000000000, 3.717264591378872200E-016, 0.0000000000000000000 ) ) ;
#5693 = ORIENTED_EDGE ( 'NONE', *, *, #1809, .T. ) ;
#5694 = LINE ( 'NONE', #778, #2688 ) ;
#5695 = PRESENTATION_LAYER_ASSIGNMENT (  '', '', ( #5316 ) ) ;
#5696 = FILL_AREA_STYLE_COLOUR ( '', #7142 ) ;
#5697 = PRESENTATION_STYLE_ASSIGNMENT (( #3199 ) ) ;
#5698 = CARTESIAN_POINT ( 'NONE',  ( 38.89999999999999900, -24.17999999999999300, -0.5999999999999999800 ) ) ;
#5699 = EDGE_CURVE ( 'NONE', #217, #5025, #2513, .T. ) ;
#5700 = ORIENTED_EDGE ( 'NONE', *, *, #787, .F. ) ;
#5701 = PRESENTATION_STYLE_ASSIGNMENT (( #5855 ) ) ;
#5702 = STYLED_ITEM ( 'NONE', ( #818 ), #6555 ) ;
#5703 =( LENGTH_UNIT ( ) NAMED_UNIT ( * ) SI_UNIT ( .MILLI., .METRE. ) );
#5704 = ORIENTED_EDGE ( 'NONE', *, *, #3254, .T. ) ;
#5705 = ADVANCED_FACE ( 'NONE', ( #2689 ), #5852, .F. ) ;
#5706 = ADVANCED_FACE ( 'NONE', ( #3488 ), #5052, .T. ) ;
#5707 = EDGE_CURVE ( 'NONE', #2986, #6156, #5768, .T. ) ;
#5708 = EDGE_CURVE ( 'NONE', #1824, #2718, #2948, .T. ) ;
#5709 = VECTOR ( 'NONE', #6092, 1000.000000000000000 ) ;
#5710 = EDGE_LOOP ( 'NONE', ( #1586, #5515 ) ) ;
#5711 = STYLED_ITEM ( 'NONE', ( #6020 ), #3369 ) ;
#5712 =( NAMED_UNIT ( * ) PLANE_ANGLE_UNIT ( ) SI_UNIT ( $, .RADIAN. ) );
#5713 = EDGE_CURVE ( 'NONE', #3759, #4880, #4280, .T. ) ;
#5714 = LINE ( 'NONE', #3299, #2886 ) ;
#5715 = SURFACE_SIDE_STYLE ('',( #1017 ) ) ;
#5716 = ORIENTED_EDGE ( 'NONE', *, *, #1544, .T. ) ;
#5717 =( NAMED_UNIT ( * ) SI_UNIT ( $, .STERADIAN. ) SOLID_ANGLE_UNIT ( ) );
#5718 = EDGE_LOOP ( 'NONE', ( #3608, #2170, #5155, #1432 ) ) ;
#5719 = CARTESIAN_POINT ( 'NONE',  ( 35.99999999999999300, -27.00000000000001100, -2.149999999999999900 ) ) ;
#5720 = DIRECTION ( 'NONE',  ( 0.0000000000000000000, 0.0000000000000000000, -1.000000000000000000 ) ) ;
#5721 = VERTEX_POINT ( 'NONE', #2148 ) ;
#5722 = LINE ( 'NONE', #5740, #5551 ) ;
#5723 = EDGE_CURVE ( 'NONE', #1592, #5766, #4116, .T. ) ;
#5724 = ORIENTED_EDGE ( 'NONE', *, *, #5800, .T. ) ;
#5725 = ORIENTED_EDGE ( 'NONE', *, *, #4704, .T. ) ;
#5726 =( LENGTH_UNIT ( ) NAMED_UNIT ( * ) SI_UNIT ( .MILLI., .METRE. ) );
#5727 = CARTESIAN_POINT ( 'NONE',  ( -24.50499999999999200, -28.19999999999999600, 0.2000000000000000900 ) ) ;
#5728 = ORIENTED_EDGE ( 'NONE', *, *, #787, .T. ) ;
#5729 = CARTESIAN_POINT ( 'NONE',  ( 38.99999999999998600, -19.55000000000000800, 4.850000000000000500 ) ) ;
#5730 = EDGE_LOOP ( 'NONE', ( #2587, #349, #5756, #1086 ) ) ;
#5731 = UNCERTAINTY_MEASURE_WITH_UNIT (LENGTH_MEASURE( 1.000000000000000100E-005 ), #3880, 'distance_accuracy_value', 'NONE');
#5732 = ORIENTED_EDGE ( 'NONE', *, *, #4958, .F. ) ;
#5733 = PRESENTATION_LAYER_ASSIGNMENT (  '', '', ( #4225 ) ) ;
#5734 = DIRECTION ( 'NONE',  ( -0.0000000000000000000, 0.0000000000000000000, 1.000000000000000000 ) ) ;
#5735 = PRESENTATION_STYLE_ASSIGNMENT (( #869 ) ) ;
#5736 = CARTESIAN_POINT ( 'NONE',  ( -40.00000000000000700, -19.54999999999999700, 1.899999999999999900 ) ) ;
#5737 = LINE ( 'NONE', #3462, #1064 ) ;
#5738 = MECHANICAL_DESIGN_GEOMETRIC_PRESENTATION_REPRESENTATION (  '', ( #6114 ), #928 ) ;
#5739 = DIRECTION ( 'NONE',  ( 0.0000000000000000000, 0.0000000000000000000, -1.000000000000000000 ) ) ;
#5740 = CARTESIAN_POINT ( 'NONE',  ( 32.09999999999998700, 26.00000000000000400, 4.850000000000000500 ) ) ;
#5741 = CARTESIAN_POINT ( 'NONE',  ( -37.89999999999998400, 24.90000000000000200, 4.599999999999999600 ) ) ;
#5742 = STYLED_ITEM ( 'NONE', ( #2858 ), #6147 ) ;
#5743 = CYLINDRICAL_SURFACE ( 'NONE', #3934, 1.000000000000000900 ) ;
#5744 = DIRECTION ( 'NONE',  ( 1.000000000000000000, -1.734723475976807100E-016, 0.0000000000000000000 ) ) ;
#5745 = CARTESIAN_POINT ( 'NONE',  ( -40.00000000000000700, -22.54999999999999400, 1.899999999999999900 ) ) ;
#5746 = EDGE_LOOP ( 'NONE', ( #347, #3562, #6530, #689 ) ) ;
#5747 = PRESENTATION_STYLE_ASSIGNMENT (( #145 ) ) ;
#5748 = CARTESIAN_POINT ( 'NONE',  ( 39.99999999999998600, 23.20000000000000600, -0.6500000000000000200 ) ) ;
#5749 = STYLED_ITEM ( 'NONE', ( #5888 ), #1119 ) ;
#5750 = EDGE_CURVE ( 'NONE', #7172, #6507, #5607, .T. ) ;
#5751 = CARTESIAN_POINT ( 'NONE',  ( 32.09999999999998700, 26.99999999999998900, 4.850000000000000500 ) ) ;
#5752 = DIRECTION ( 'NONE',  ( -0.0000000000000000000, -0.0000000000000000000, -1.000000000000000000 ) ) ;
#5753 = CYLINDRICAL_SURFACE ( 'NONE', #2564, 2.500000000000002200 ) ;
#5754 = AXIS2_PLACEMENT_3D ( 'NONE', #2023, #5405, #5663 ) ;
#5755 = LINE ( 'NONE', #6759, #7234 ) ;
#5756 = ORIENTED_EDGE ( 'NONE', *, *, #7046, .F. ) ;
#5757 = SURFACE_STYLE_USAGE ( .BOTH. , #1183 ) ;
#5758 = COLOUR_RGB ( '',1.000000000000000000, 1.000000000000000000, 1.000000000000000000 ) ;
#5759 = AXIS2_PLACEMENT_3D ( 'NONE', #4002, #3980, #2889 ) ;
#5760 = ORIENTED_EDGE ( 'NONE', *, *, #1827, .F. ) ;
#5761 = ORIENTED_EDGE ( 'NONE', *, *, #875, .T. ) ;
#5762 = PRESENTATION_LAYER_ASSIGNMENT (  '', '', ( #5016 ) ) ;
#5763 = SURFACE_STYLE_USAGE ( .BOTH. , #1842 ) ;
#5764 = FILL_AREA_STYLE ('',( #4498 ) ) ;
#5765 = SURFACE_STYLE_USAGE ( .BOTH. , #2221 ) ;
#5766 = VERTEX_POINT ( 'NONE', #4410 ) ;
#5767 = DIRECTION ( 'NONE',  ( 1.000000000000000000, 1.040834085586090600E-014, 0.0000000000000000000 ) ) ;
#5768 = LINE ( 'NONE', #1435, #1449 ) ;
#5769 = ADVANCED_FACE ( 'NONE', ( #1284 ), #6313, .F. ) ;
#5770 = CARTESIAN_POINT ( 'NONE',  ( 14.00000000000000200, -29.99999999999999600, -0.0000000000000000000 ) ) ;
#5771 = VECTOR ( 'NONE', #5183, 1000.000000000000000 ) ;
#5772 = EDGE_CURVE ( 'NONE', #3730, #5881, #3920, .T. ) ;
#5773 = CARTESIAN_POINT ( 'NONE',  ( 7.000000000000000000, -27.49626654004555300, -0.05469900633998985000 ) ) ;
#5774 = LINE ( 'NONE', #4232, #1457 ) ;
#5775 = STYLED_ITEM ( 'NONE', ( #1554 ), #5638 ) ;
#5776 = EDGE_LOOP ( 'NONE', ( #6673, #5004, #5853, #3586, #4296, #3585 ) ) ;
#5777 = VERTEX_POINT ( 'NONE', #6099 ) ;
#5778 =( NAMED_UNIT ( * ) PLANE_ANGLE_UNIT ( ) SI_UNIT ( $, .RADIAN. ) );
#5779 = FACE_OUTER_BOUND ( 'NONE', #6070, .T. ) ;
#5780 = FILL_AREA_STYLE ('',( #6473 ) ) ;
#5781 = DIRECTION ( 'NONE',  ( 0.0000000000000000000, 0.0000000000000000000, -1.000000000000000000 ) ) ;
#5782 = CARTESIAN_POINT ( 'NONE',  ( 6.999999999999999100, -24.60000000000000500, 3.418952401599031800 ) ) ;
#5783 = CIRCLE ( 'NONE', #3697, 1.000000000000000900 ) ;
#5784 = EDGE_LOOP ( 'NONE', ( #2468, #45, #4728, #5732 ) ) ;
#5785 = VECTOR ( 'NONE', #4297, 1000.000000000000000 ) ;
#5786 = CARTESIAN_POINT ( 'NONE',  ( 0.0000000000000000000, 0.0000000000000000000, -5.350000000000000500 ) ) ;
#5787 = FACE_OUTER_BOUND ( 'NONE', #957, .T. ) ;
#5788 = CARTESIAN_POINT ( 'NONE',  ( 7.000000000000000900, -21.86636897233878700, 3.888184654872565400 ) ) ;
#5789 = ORIENTED_EDGE ( 'NONE', *, *, #5446, .T. ) ;
#5790 = EDGE_CURVE ( 'NONE', #5721, #464, #1101, .T. ) ;
#5791 = PRESENTATION_LAYER_ASSIGNMENT (  '', '', ( #5433 ) ) ;
#5792 = DIRECTION ( 'NONE',  ( 1.000000000000000000, -1.284980352575413200E-016, -0.0000000000000000000 ) ) ;
#5793 = SURFACE_SIDE_STYLE ('',( #1789 ) ) ;
#5794 = AXIS2_PLACEMENT_3D ( 'NONE', #1396, #4796, #828 ) ;
#5795 = CARTESIAN_POINT ( 'NONE',  ( 35.99999999999999300, -24.37999999999999200, -0.0000000000000000000 ) ) ;
#5796 = CARTESIAN_POINT ( 'NONE',  ( -7.000000000000001800, -23.34994585900959800, -0.8743318395484522800 ) ) ;
#5797 = VERTEX_POINT ( 'NONE', #2733 ) ;
#5798 = COLOUR_RGB ( '',0.8039215686274510100, 0.4980392156862745200, 0.1960784313725490200 ) ;
#5799 = ORIENTED_EDGE ( 'NONE', *, *, #6903, .T. ) ;
#5800 = EDGE_CURVE ( 'NONE', #4102, #1779, #5431, .T. ) ;
#5801 = DIRECTION ( 'NONE',  ( 0.0000000000000000000, 0.0000000000000000000, 1.000000000000000000 ) ) ;
#5802 = CARTESIAN_POINT ( 'NONE',  ( 22.47499999999998700, -28.19999999999999600, 0.2000000000000000900 ) ) ;
#5803 = DIRECTION ( 'NONE',  ( -1.000000000000000000, 0.0000000000000000000, 0.0000000000000000000 ) ) ;
#5804 = DIRECTION ( 'NONE',  ( 1.000000000000000000, 0.0000000000000000000, -0.0000000000000000000 ) ) ;
#5805 =( NAMED_UNIT ( * ) SI_UNIT ( $, .STERADIAN. ) SOLID_ANGLE_UNIT ( ) );
#5806 = UNCERTAINTY_MEASURE_WITH_UNIT (LENGTH_MEASURE( 1.000000000000000100E-005 ), #265, 'distance_accuracy_value', 'NONE');
#5807 = PRESENTATION_STYLE_ASSIGNMENT (( #686 ) ) ;
#5808 = CARTESIAN_POINT ( 'NONE',  ( -50.00000000000000700, 17.20000000000001700, -0.6500000000000008000 ) ) ;
#5809 = CARTESIAN_POINT ( 'NONE',  ( -39.00000000000000700, 12.00000000000000400, 1.899999999999999900 ) ) ;
#5810 = VERTEX_POINT ( 'NONE', #7225 ) ;
#5811 = MECHANICAL_DESIGN_GEOMETRIC_PRESENTATION_REPRESENTATION (  '', ( #5072 ), #6194 ) ;
#5812 = LINE ( 'NONE', #2257, #5654 ) ;
#5813 = SURFACE_STYLE_FILL_AREA ( #637 ) ;
#5814 = LINE ( 'NONE', #5838, #4334 ) ;
#5815 = DIRECTION ( 'NONE',  ( -0.005213693475534725500, 0.9999864086078086300, 0.0000000000000000000 ) ) ;
#5816 = VERTEX_POINT ( 'NONE', #5007 ) ;
#5817 = SURFACE_STYLE_FILL_AREA ( #2750 ) ;
#5818 = DIRECTION ( 'NONE',  ( 1.000000000000000000, 0.0000000000000000000, 0.0000000000000000000 ) ) ;
#5819 = PRESENTATION_STYLE_ASSIGNMENT (( #5511 ) ) ;
#5820 = EDGE_CURVE ( 'NONE', #5157, #2414, #2243, .T. ) ;
#5821 = ORIENTED_EDGE ( 'NONE', *, *, #6869, .F. ) ;
#5822 = AXIS2_PLACEMENT_3D ( 'NONE', #997, #4949, #1559 ) ;
#5823 = B_SPLINE_CURVE_WITH_KNOTS ( 'NONE', 3,
 ( #5320, #4627, #6300, #4207, #3789 ),
 .UNSPECIFIED., .F., .F.,
 ( 4, 1, 4 ),
 ( 0.7093046694557113600, 0.7500000000000000000, 0.8204381560015060500 ),
 .UNSPECIFIED. ) ;
#5824 = VECTOR ( 'NONE', #143, 1000.000000000000000 ) ;
#5825 = VERTEX_POINT ( 'NONE', #6361 ) ;
#5826 = STYLED_ITEM ( 'NONE', ( #6791 ), #1203 ) ;
#5827 = AXIS2_PLACEMENT_3D ( 'NONE', #4782, #1222, #2535 ) ;
#5828 = EDGE_CURVE ( 'NONE', #3373, #2026, #914, .T. ) ;
#5829 = ORIENTED_EDGE ( 'NONE', *, *, #3294, .F. ) ;
#5830 = EDGE_CURVE ( 'NONE', #5664, #2414, #6564, .T. ) ;
#5831 =( LENGTH_UNIT ( ) NAMED_UNIT ( * ) SI_UNIT ( .MILLI., .METRE. ) );
#5832 = FILL_AREA_STYLE_COLOUR ( '', #4575 ) ;
#5833 = AXIS2_PLACEMENT_3D ( 'NONE', #1604, #2811, #6632 ) ;
#5834 =( GEOMETRIC_REPRESENTATION_CONTEXT ( 3 ) GLOBAL_UNCERTAINTY_ASSIGNED_CONTEXT ( ( #6152 ) ) GLOBAL_UNIT_ASSIGNED_CONTEXT ( ( #1942, #5315, #1359 ) ) REPRESENTATION_CONTEXT ( 'NONE', 'WORKASPACE' ) );
#5835 = CLOSED_SHELL ( 'NONE', ( #6296, #2895, #5500, #4620 ) ) ;
#5836 = EDGE_LOOP ( 'NONE', ( #4353, #3933, #3023, #5536 ) ) ;
#5837 = VERTEX_POINT ( 'NONE', #1230 ) ;
#5838 = CARTESIAN_POINT ( 'NONE',  ( 27.04499999999999100, -28.19999999999999600, 0.2000000000000000900 ) ) ;
#5839 = CIRCLE ( 'NONE', #4994, 0.3000000000000016500 ) ;
#5840 = CARTESIAN_POINT ( 'NONE',  ( 22.21999999999998800, -28.19999999999999600, 0.2000000000000000900 ) ) ;
#5841 = PLANE ( 'NONE',  #4255 ) ;
#5842 = EDGE_CURVE ( 'NONE', #672, #4364, #5073, .T. ) ;
#5843 = PLANE ( 'NONE',  #6173 ) ;
#5844 = PLANE ( 'NONE',  #1990 ) ;
#5845 = DIRECTION ( 'NONE',  ( 0.0000000000000000000, 0.0000000000000000000, -1.000000000000000000 ) ) ;
#5846 = VECTOR ( 'NONE', #1955, 1000.000000000000000 ) ;
#5847 =( NAMED_UNIT ( * ) SI_UNIT ( $, .STERADIAN. ) SOLID_ANGLE_UNIT ( ) );
#5848 = EDGE_CURVE ( 'NONE', #4136, #1576, #3570, .T. ) ;
#5849 = MECHANICAL_DESIGN_GEOMETRIC_PRESENTATION_REPRESENTATION (  '', ( #6625 ), #3308 ) ;
#5850 = CARTESIAN_POINT ( 'NONE',  ( -39.00000000000000700, 23.45000000000000300, 4.850000000000000500 ) ) ;
#5851 = UNCERTAINTY_MEASURE_WITH_UNIT (LENGTH_MEASURE( 1.000000000000000100E-005 ), #2402, 'distance_accuracy_value', 'NONE');
#5852 = PLANE ( 'NONE',  #5652 ) ;
#5853 = ORIENTED_EDGE ( 'NONE', *, *, #3441, .F. ) ;
#5854 = EDGE_CURVE ( 'NONE', #4104, #4718, #3743, .T. ) ;
#5855 = SURFACE_STYLE_USAGE ( .BOTH. , #2501 ) ;
#5856 = CARTESIAN_POINT ( 'NONE',  ( 39.00000000000000700, 22.20000000000000300, -3.850000000000000500 ) ) ;
#5857 = DIRECTION ( 'NONE',  ( -1.000000000000000000, 0.0000000000000000000, 0.0000000000000000000 ) ) ;
#5858 = ORIENTED_EDGE ( 'NONE', *, *, #95, .F. ) ;
#5859 = CYLINDRICAL_SURFACE ( 'NONE', #6158, 0.2549999999999982800 ) ;
#5860 = DIRECTION ( 'NONE',  ( -1.000000000000000000, 0.0000000000000000000, 0.0000000000000000000 ) ) ;
#5861 = STYLED_ITEM ( 'NONE', ( #1635 ), #5981 ) ;
#5862 = PRESENTATION_LAYER_ASSIGNMENT (  '', '', ( #4629 ) ) ;
#5863 = CIRCLE ( 'NONE', #3874, 0.5000000000000004400 ) ;
#5864 = ORIENTED_EDGE ( 'NONE', *, *, #6357, .T. ) ;
#5865 = CIRCLE ( 'NONE', #4844, 0.5000000000000004400 ) ;
#5866 = FACE_BOUND ( 'NONE', #1669, .T. ) ;
#5867 = DIRECTION ( 'NONE',  ( -1.000000000000000000, 1.591489427501658100E-016, 0.0000000000000000000 ) ) ;
#5868 = CARTESIAN_POINT ( 'NONE',  ( -38.90000000000002000, -18.50000000000001100, 4.599999999999999600 ) ) ;
#5869 = DIRECTION ( 'NONE',  ( -1.000000000000000000, -8.673617379884027600E-016, 0.0000000000000000000 ) ) ;
#5870 = AXIS2_PLACEMENT_3D ( 'NONE', #1063, #3944, #2816 ) ;
#5871 = SURFACE_STYLE_FILL_AREA ( #731 ) ;
#5872 = UNCERTAINTY_MEASURE_WITH_UNIT (LENGTH_MEASURE( 1.000000000000000100E-005 ), #4275, 'distance_accuracy_value', 'NONE');
#5873 = EDGE_CURVE ( 'NONE', #542, #583, #6381, .T. ) ;
#5874 = DIRECTION ( 'NONE',  ( -1.000000000000000000, 0.0000000000000000000, 0.0000000000000000000 ) ) ;
#5875 = ORIENTED_EDGE ( 'NONE', *, *, #3703, .T. ) ;
#5876 = ORIENTED_EDGE ( 'NONE', *, *, #4112, .F. ) ;
#5877 = CLOSED_SHELL ( 'NONE', ( #7243, #4418, #1985, #1162 ) ) ;
#5878 = DIRECTION ( 'NONE',  ( 0.0000000000000000000, 0.0000000000000000000, -1.000000000000000000 ) ) ;
#5879 = PRESENTATION_STYLE_ASSIGNMENT (( #101 ) ) ;
#5880 = CARTESIAN_POINT ( 'NONE',  ( -38.90000000000003400, 25.99999999999998900, 3.799999999999999800 ) ) ;
#5881 = VERTEX_POINT ( 'NONE', #5770 ) ;
#5882 = VERTEX_POINT ( 'NONE', #3961 ) ;
#5883 = STYLED_ITEM ( 'NONE', ( #1505 ), #154 ) ;
#5884 = DIRECTION ( 'NONE',  ( 3.118604001756057900E-016, -1.000000000000000000, 0.0000000000000000000 ) ) ;
#5885 = AXIS2_PLACEMENT_3D ( 'NONE', #3774, #1309, #5438 ) ;
#5886 = DIRECTION ( 'NONE',  ( 0.0000000000000000000, 0.0000000000000000000, 1.000000000000000000 ) ) ;
#5887 = EDGE_LOOP ( 'NONE', ( #7103, #2735, #1472, #3409 ) ) ;
#5888 = PRESENTATION_STYLE_ASSIGNMENT (( #3926 ) ) ;
#5889 = SURFACE_STYLE_FILL_AREA ( #5512 ) ;
#5890 = VERTEX_POINT ( 'NONE', #3490 ) ;
#5891 = CARTESIAN_POINT ( 'NONE',  ( 38.89999999999996300, 25.99999999999998900, 4.599999999999999600 ) ) ;
#5892 = LINE ( 'NONE', #4995, #6708 ) ;
#5893 = EDGE_CURVE ( 'NONE', #58, #4364, #1729, .T. ) ;
#5894 = CARTESIAN_POINT ( 'NONE',  ( -39.00000000000000000, -25.99999999999998600, -2.649999999999999500 ) ) ;
#5895 = CARTESIAN_POINT ( 'NONE',  ( 32.09999999999998700, 26.99999999999998900, 4.850000000000000500 ) ) ;
#5896 = FILL_AREA_STYLE ('',( #7049 ) ) ;
#5897 = LINE ( 'NONE', #388, #4243 ) ;
#5898 = ORIENTED_EDGE ( 'NONE', *, *, #644, .F. ) ;
#5899 = CARTESIAN_POINT ( 'NONE',  ( 38.89999999999996300, -18.50000000000001100, 3.799999999999999800 ) ) ;
#5900 = CARTESIAN_POINT ( 'NONE',  ( -39.00000000000000700, 12.00000000000000400, 4.850000000000000500 ) ) ;
#5901 = ORIENTED_EDGE ( 'NONE', *, *, #7083, .T. ) ;
#5902 = CARTESIAN_POINT ( 'NONE',  ( -38.90000000000003400, 25.99999999999998900, 4.299999999999999800 ) ) ;
#5903 =( LENGTH_UNIT ( ) NAMED_UNIT ( * ) SI_UNIT ( .MILLI., .METRE. ) );
#5904 = CIRCLE ( 'NONE', #1053, 0.2549999999999982800 ) ;
#5905 = VECTOR ( 'NONE', #5886, 1000.000000000000000 ) ;
#5906 = ORIENTED_EDGE ( 'NONE', *, *, #166, .F. ) ;
#5907 = ADVANCED_FACE ( 'NONE', ( #6010, #3204, #4740 ), #2401, .F. ) ;
#5908 =( NAMED_UNIT ( * ) PLANE_ANGLE_UNIT ( ) SI_UNIT ( $, .RADIAN. ) );
#5909 = LINE ( 'NONE', #5151, #1437 ) ;
#5910 =( NAMED_UNIT ( * ) PLANE_ANGLE_UNIT ( ) SI_UNIT ( $, .RADIAN. ) );
#5911 =( NAMED_UNIT ( * ) PLANE_ANGLE_UNIT ( ) SI_UNIT ( $, .RADIAN. ) );
#5912 = FILL_AREA_STYLE ('',( #1444 ) ) ;
#5913 = ORIENTED_EDGE ( 'NONE', *, *, #5385, .T. ) ;
#5914 = VERTEX_POINT ( 'NONE', #4482 ) ;
#5915 = SURFACE_SIDE_STYLE ('',( #2612 ) ) ;
#5916 = FACE_OUTER_BOUND ( 'NONE', #4788, .T. ) ;
#5917 = AXIS2_PLACEMENT_3D ( 'NONE', #3381, #7309, #2660 ) ;
#5918 = DIRECTION ( 'NONE',  ( 0.0000000000000000000, 0.0000000000000000000, -1.000000000000000000 ) ) ;
#5919 = EDGE_LOOP ( 'NONE', ( #5799, #116, #1239, #1482, #5171, #1977, #99, #6755, #757, #1466, #4849, #1678 ) ) ;
#5920 = PRESENTATION_LAYER_ASSIGNMENT (  '', '', ( #5577 ) ) ;
#5921 = EDGE_CURVE ( 'NONE', #2714, #5637, #7009, .T. ) ;
#5922 = ORIENTED_EDGE ( 'NONE', *, *, #667, .F. ) ;
#5923 = CARTESIAN_POINT ( 'NONE',  ( -36.00000000000000700, -24.37999999999998100, 0.0000000000000000000 ) ) ;
#5924 =( NAMED_UNIT ( * ) SI_UNIT ( $, .STERADIAN. ) SOLID_ANGLE_UNIT ( ) );
#5925 = DIRECTION ( 'NONE',  ( -7.304098846218136000E-015, -0.0000000000000000000, 1.000000000000000000 ) ) ;
#5926 = UNCERTAINTY_MEASURE_WITH_UNIT (LENGTH_MEASURE( 1.000000000000000100E-005 ), #4850, 'distance_accuracy_value', 'NONE');
#5927 = AXIS2_PLACEMENT_3D ( 'NONE', #921, #4884, #1495 ) ;
#5928 = LINE ( 'NONE', #1978, #5771 ) ;
#5929 = SURFACE_SIDE_STYLE ('',( #3802 ) ) ;
#5930 = CARTESIAN_POINT ( 'NONE',  ( 19.42499999999999000, -28.19999999999999900, 0.2000000000000000900 ) ) ;
#5931 = DIRECTION ( 'NONE',  ( 1.000000000000000000, 0.0000000000000000000, 0.0000000000000000000 ) ) ;
#5932 = SURFACE_SIDE_STYLE ('',( #3402 ) ) ;
#5933 = EDGE_CURVE ( 'NONE', #1674, #4730, #1197, .T. ) ;
#5934 =( GEOMETRIC_REPRESENTATION_CONTEXT ( 3 ) GLOBAL_UNCERTAINTY_ASSIGNED_CONTEXT ( ( #1265 ) ) GLOBAL_UNIT_ASSIGNED_CONTEXT ( ( #1070, #966, #3833 ) ) REPRESENTATION_CONTEXT ( 'NONE', 'WORKASPACE' ) );
#5935 = ORIENTED_EDGE ( 'NONE', *, *, #3581, .F. ) ;
#5936 = PRESENTATION_LAYER_ASSIGNMENT (  '', '', ( #5597 ) ) ;
#5937 = ORIENTED_EDGE ( 'NONE', *, *, #2995, .T. ) ;
#5938 = EDGE_CURVE ( 'NONE', #1965, #2295, #5521, .T. ) ;
#5939 = CARTESIAN_POINT ( 'NONE',  ( 24.75999999999999100, -28.19999999999999600, 0.2000000000000000900 ) ) ;
#5940 = VECTOR ( 'NONE', #185, 1000.000000000000000 ) ;
#5941 = CARTESIAN_POINT ( 'NONE',  ( -39.00000000000000000, -25.99999999999998600, -2.649999999999999500 ) ) ;
#5942 = ADVANCED_FACE ( 'NONE', ( #5341 ), #3292, .F. ) ;
#5943 = DIRECTION ( 'NONE',  ( 0.0000000000000000000, 1.000000000000000000, 0.0000000000000000000 ) ) ;
#5944 = AXIS2_PLACEMENT_3D ( 'NONE', #7088, #1370, #4774 ) ;
#5945 = EDGE_LOOP ( 'NONE', ( #3767, #647 ) ) ;
#5946 = VECTOR ( 'NONE', #5399, 1000.000000000000000 ) ;
#5947 = CARTESIAN_POINT ( 'NONE',  ( -38.89999999999999100, 25.90000000000000600, 1.899999999999999900 ) ) ;
#5948 =( NAMED_UNIT ( * ) SI_UNIT ( $, .STERADIAN. ) SOLID_ANGLE_UNIT ( ) );
#5949 = FACE_OUTER_BOUND ( 'NONE', #1395, .T. ) ;
#5950 = EDGE_LOOP ( 'NONE', ( #3601, #2944, #2615, #5473 ) ) ;
#5951 = PLANE ( 'NONE',  #501 ) ;
#5952 = PRESENTATION_STYLE_ASSIGNMENT (( #5356 ) ) ;
#5953 = SURFACE_STYLE_USAGE ( .BOTH. , #3057 ) ;
#5954 = FACE_OUTER_BOUND ( 'NONE', #2686, .T. ) ;
#5955 = STYLED_ITEM ( 'NONE', ( #3733 ), #6259 ) ;
#5956 = ORIENTED_EDGE ( 'NONE', *, *, #100, .F. ) ;
#5957 = VECTOR ( 'NONE', #3502, 1000.000000000000000 ) ;
#5958 = FILL_AREA_STYLE ('',( #4311 ) ) ;
#5959 = DIRECTION ( 'NONE',  ( 1.284980352575413200E-016, 1.000000000000000000, -0.0000000000000000000 ) ) ;
#5960 = VERTEX_POINT ( 'NONE', #3561 ) ;
#5961 = DIRECTION ( 'NONE',  ( -0.0000000000000000000, -0.0000000000000000000, 1.000000000000000000 ) ) ;
#5962 = AXIS2_PLACEMENT_3D ( 'NONE', #5590, #5682, #6241 ) ;
#5963 = EDGE_CURVE ( 'NONE', #297, #191, #487, .T. ) ;
#5964 = EDGE_CURVE ( 'NONE', #3081, #5530, #1988, .T. ) ;
#5965 = DIRECTION ( 'NONE',  ( -1.000000000000000000, -0.0000000000000000000, -0.0000000000000000000 ) ) ;
#5966 = EDGE_CURVE ( 'NONE', #6247, #2806, #6299, .T. ) ;
#5967 = UNCERTAINTY_MEASURE_WITH_UNIT (LENGTH_MEASURE( 1.000000000000000100E-005 ), #6871, 'distance_accuracy_value', 'NONE');
#5968 = ORIENTED_EDGE ( 'NONE', *, *, #6028, .T. ) ;
#5969 = COLOUR_RGB ( '',1.000000000000000000, 1.000000000000000000, 1.000000000000000000 ) ;
#5970 = AXIS2_PLACEMENT_3D ( 'NONE', #1866, #5804, #2432 ) ;
#5971 = VECTOR ( 'NONE', #4189, 1000.000000000000000 ) ;
#5972 = VERTEX_POINT ( 'NONE', #7180 ) ;
#5973 =( LENGTH_UNIT ( ) NAMED_UNIT ( * ) SI_UNIT ( .MILLI., .METRE. ) );
#5974 = SURFACE_SIDE_STYLE ('',( #2223 ) ) ;
#5975 = PLANE ( 'NONE',  #4421 ) ;
#5976 = COLOUR_RGB ( '',0.7921568627450980000, 0.8196078431372548800, 0.9333333333333333500 ) ;
#5977 = VECTOR ( 'NONE', #115, 1000.000000000000000 ) ;
#5978 = CARTESIAN_POINT ( 'NONE',  ( -36.00000000000000700, -24.37999999999998100, 0.0000000000000000000 ) ) ;
#5979 =( GEOMETRIC_REPRESENTATION_CONTEXT ( 3 ) GLOBAL_UNCERTAINTY_ASSIGNED_CONTEXT ( ( #2035 ) ) GLOBAL_UNIT_ASSIGNED_CONTEXT ( ( #2690, #1067, #5608 ) ) REPRESENTATION_CONTEXT ( 'NONE', 'WORKASPACE' ) );
#5980 = LINE ( 'NONE', #7264, #1500 ) ;
#5981 = ADVANCED_FACE ( 'NONE', ( #3110 ), #3347, .F. ) ;
#5982 = VECTOR ( 'NONE', #50, 1000.000000000000000 ) ;
#5983 = ORIENTED_EDGE ( 'NONE', *, *, #6942, .T. ) ;
#5984 = DIRECTION ( 'NONE',  ( -0.0000000000000000000, -0.0000000000000000000, 1.000000000000000000 ) ) ;
#5985 =( NAMED_UNIT ( * ) SI_UNIT ( $, .STERADIAN. ) SOLID_ANGLE_UNIT ( ) );
#5986 =( NAMED_UNIT ( * ) SI_UNIT ( $, .STERADIAN. ) SOLID_ANGLE_UNIT ( ) );
#5987 = CARTESIAN_POINT ( 'NONE',  ( 7.000000000000000000, -26.52446768126150900, 3.799999999999999800 ) ) ;
#5988 = VECTOR ( 'NONE', #7137, 1000.000000000000000 ) ;
#5989 = UNCERTAINTY_MEASURE_WITH_UNIT (LENGTH_MEASURE( 1.000000000000000100E-005 ), #1353, 'distance_accuracy_value', 'NONE');
#5990 = VERTEX_POINT ( 'NONE', #27 ) ;
#5991 = SURFACE_STYLE_FILL_AREA ( #5160 ) ;
#5992 = SURFACE_SIDE_STYLE ('',( #4799 ) ) ;
#5993 = DIRECTION ( 'NONE',  ( 1.000000000000000000, 0.0000000000000000000, 0.0000000000000000000 ) ) ;
#5994 = SURFACE_STYLE_USAGE ( .BOTH. , #2088 ) ;
#5995 = FILL_AREA_STYLE ('',( #3194 ) ) ;
#5996 = CARTESIAN_POINT ( 'NONE',  ( 39.00000000000000000, 17.19999999999999900, -2.149999999999977300 ) ) ;
#5997 = LINE ( 'NONE', #74, #187 ) ;
#5998 = CARTESIAN_POINT ( 'NONE',  ( 38.99999999999998600, 23.44999999999998900, 4.850000000000000500 ) ) ;
#5999 = PLANE ( 'NONE',  #6038 ) ;
#6000 = EDGE_LOOP ( 'NONE', ( #4412, #2855, #3342, #382, #568, #4970, #2724, #2899 ) ) ;
#6001 = ORIENTED_EDGE ( 'NONE', *, *, #3865, .T. ) ;
#6002 = PRESENTATION_LAYER_ASSIGNMENT (  '', '', ( #5272 ) ) ;
#6003 = DIRECTION ( 'NONE',  ( 0.0000000000000000000, 0.0000000000000000000, -1.000000000000000000 ) ) ;
#6004 = DIRECTION ( 'NONE',  ( 1.000000000000000000, 0.0000000000000000000, 0.0000000000000000000 ) ) ;
#6005 = ORIENTED_EDGE ( 'NONE', *, *, #2671, .T. ) ;
#6006 = VERTEX_POINT ( 'NONE', #4973 ) ;
#6007 = LINE ( 'NONE', #2225, #1535 ) ;
#6008 = DIRECTION ( 'NONE',  ( 0.0000000000000000000, 0.0000000000000000000, 1.000000000000000000 ) ) ;
#6009 = DIRECTION ( 'NONE',  ( 1.284980352575413200E-016, 1.000000000000000000, 0.0000000000000000000 ) ) ;
#6010 = FACE_OUTER_BOUND ( 'NONE', #5434, .T. ) ;
#6011 = CARTESIAN_POINT ( 'NONE',  ( 28.99999999999998600, -24.00000000000000000, -0.7999999999999999300 ) ) ;
#6012 = STYLED_ITEM ( 'NONE', ( #271 ), #703 ) ;
#6013 = DIRECTION ( 'NONE',  ( 0.0000000000000000000, 0.0000000000000000000, -1.000000000000000000 ) ) ;
#6014 = DIRECTION ( 'NONE',  ( -0.0000000000000000000, -0.0000000000000000000, 1.000000000000000000 ) ) ;
#6015 = ORIENTED_EDGE ( 'NONE', *, *, #7191, .F. ) ;
#6016 = ADVANCED_FACE ( 'NONE', ( #4110 ), #2746, .T. ) ;
#6017 = CARTESIAN_POINT ( 'NONE',  ( -7.000000000000000000, -26.52446768126150900, 2.521247357350493000 ) ) ;
#6018 = LINE ( 'NONE', #4217, #210 ) ;
#6019 = AXIS2_PLACEMENT_3D ( 'NONE', #5169, #2862, #5059 ) ;
#6020 = PRESENTATION_STYLE_ASSIGNMENT (( #5953 ) ) ;
#6021 = COLOUR_RGB ( '',0.7921568627450980000, 0.8196078431372548800, 0.9333333333333333500 ) ;
#6022 = UNCERTAINTY_MEASURE_WITH_UNIT (LENGTH_MEASURE( 1.000000000000000100E-005 ), #5523, 'distance_accuracy_value', 'NONE');
#6023 = SURFACE_STYLE_USAGE ( .BOTH. , #4875 ) ;
#6024 = CARTESIAN_POINT ( 'NONE',  ( 35.79999999999999700, -24.47999999999999300, -0.5999999999999999800 ) ) ;
#6025 = ORIENTED_EDGE ( 'NONE', *, *, #299, .T. ) ;
#6026 = EDGE_LOOP ( 'NONE', ( #1128, #455, #898, #5675, #1489, #6390, #4909, #7129, #2253, #6808, #1760, #5588, #2766, #1271, #2798, #3485, #1490, #2471, #6275, #3209 ) ) ;
#6027 =( NAMED_UNIT ( * ) SI_UNIT ( $, .STERADIAN. ) SOLID_ANGLE_UNIT ( ) );
#6028 = EDGE_CURVE ( 'NONE', #159, #58, #3567, .T. ) ;
#6029 = PRESENTATION_STYLE_ASSIGNMENT (( #108 ) ) ;
#6030 = VERTEX_POINT ( 'NONE', #71 ) ;
#6031 = DIRECTION ( 'NONE',  ( 0.0000000000000000000, 1.000000000000000000, -0.0000000000000000000 ) ) ;
#6032 = FILL_AREA_STYLE_COLOUR ( '', #6839 ) ;
#6033 = CARTESIAN_POINT ( 'NONE',  ( 39.99999999999999300, 26.00000000000000700, 4.850000000000000500 ) ) ;
#6034 = PRESENTATION_STYLE_ASSIGNMENT (( #4596 ) ) ;
#6035 = ORIENTED_EDGE ( 'NONE', *, *, #6308, .T. ) ;
#6036 = MECHANICAL_DESIGN_GEOMETRIC_PRESENTATION_REPRESENTATION (  '', ( #4179 ), #6430 ) ;
#6037 = ORIENTED_EDGE ( 'NONE', *, *, #395, .T. ) ;
#6038 = AXIS2_PLACEMENT_3D ( 'NONE', #1967, #6532, #5181 ) ;
#6039 = LINE ( 'NONE', #727, #3051 ) ;
#6040 = FACE_OUTER_BOUND ( 'NONE', #5950, .T. ) ;
#6041 =( NAMED_UNIT ( * ) PLANE_ANGLE_UNIT ( ) SI_UNIT ( $, .RADIAN. ) );
#6042 = VECTOR ( 'NONE', #492, 1000.000000000000000 ) ;
#6043 = CARTESIAN_POINT ( 'NONE',  ( 32.63499999999998400, -28.19999999999999600, -13.29999999999999900 ) ) ;
#6044 = SURFACE_STYLE_USAGE ( .BOTH. , #5144 ) ;
#6045 = MECHANICAL_DESIGN_GEOMETRIC_PRESENTATION_REPRESENTATION (  '', ( #5316 ), #6434 ) ;
#6046 = VECTOR ( 'NONE', #1685, 1000.000000000000000 ) ;
#6047 = ORIENTED_EDGE ( 'NONE', *, *, #2680, .T. ) ;
#6048 = SURFACE_STYLE_FILL_AREA ( #3242 ) ;
#6049 = CARTESIAN_POINT ( 'NONE',  ( -38.50000000000000700, 22.20000000000001000, -3.850000000000000500 ) ) ;
#6050 = CARTESIAN_POINT ( 'NONE',  ( 38.90000000000000600, 25.90000000000000600, 1.899999999999999900 ) ) ;
#6051 = FILL_AREA_STYLE ('',( #1199 ) ) ;
#6052 = DIRECTION ( 'NONE',  ( 4.462311192223297300E-016, -1.000000000000000000, 0.0000000000000000000 ) ) ;
#6053 = VERTEX_POINT ( 'NONE', #6210 ) ;
#6054 = LINE ( 'NONE', #6610, #243 ) ;
#6055 = EDGE_CURVE ( 'NONE', #4220, #1912, #5069, .T. ) ;
#6056 = SURFACE_STYLE_USAGE ( .BOTH. , #2143 ) ;
#6057 = FACE_OUTER_BOUND ( 'NONE', #3020, .T. ) ;
#6058 = EDGE_LOOP ( 'NONE', ( #5724, #2125 ) ) ;
#6059 = ORIENTED_EDGE ( 'NONE', *, *, #2958, .T. ) ;
#6060 = VERTEX_POINT ( 'NONE', #2341 ) ;
#6061 = PRESENTATION_LAYER_ASSIGNMENT (  '', '', ( #5702 ) ) ;
#6062 = ADVANCED_FACE ( 'NONE', ( #569 ), #5204, .F. ) ;
#6063 = ORIENTED_EDGE ( 'NONE', *, *, #6443, .F. ) ;
#6064 = PRESENTATION_STYLE_ASSIGNMENT (( #6187 ) ) ;
#6065 = VECTOR ( 'NONE', #3903, 1000.000000000000000 ) ;
#6066 = CARTESIAN_POINT ( 'NONE',  ( 14.00000000000000200, -29.99999999999999600, -0.5999999999999999800 ) ) ;
#6067 = DIRECTION ( 'NONE',  ( 0.0000000000000000000, 0.0000000000000000000, -1.000000000000000000 ) ) ;
#6068 = CYLINDRICAL_SURFACE ( 'NONE', #659, 0.2549999999999982800 ) ;
#6069 = VECTOR ( 'NONE', #3017, 1000.000000000000000 ) ;
#6070 = EDGE_LOOP ( 'NONE', ( #3382, #958, #2121, #7206 ) ) ;
#6071 = EDGE_CURVE ( 'NONE', #5324, #890, #2077, .T. ) ;
#6072 =( NAMED_UNIT ( * ) SI_UNIT ( $, .STERADIAN. ) SOLID_ANGLE_UNIT ( ) );
#6073 = EDGE_CURVE ( 'NONE', #7028, #2896, #1900, .T. ) ;
#6074 = EDGE_LOOP ( 'NONE', ( #6398, #6315 ) ) ;
#6075 = PRESENTATION_LAYER_ASSIGNMENT (  '', '', ( #5711 ) ) ;
#6076 = EDGE_CURVE ( 'NONE', #6415, #6156, #387, .T. ) ;
#6077 = DIRECTION ( 'NONE',  ( -5.782411586589365500E-016, 1.000000000000000000, -0.0000000000000000000 ) ) ;
#6078 = DIRECTION ( 'NONE',  ( -1.284980352575412700E-016, -1.000000000000000000, -0.0000000000000000000 ) ) ;
#6079 = PLANE ( 'NONE',  #250 ) ;
#6080 = VECTOR ( 'NONE', #4471, 1000.000000000000000 ) ;
#6081 = STYLED_ITEM ( 'NONE', ( #5879 ), #1491 ) ;
#6082 = EDGE_LOOP ( 'NONE', ( #110, #397, #3148, #3007 ) ) ;
#6083 = COLOUR_RGB ( '',0.0000000000000000000, 0.7529411764705882200, 0.0000000000000000000 ) ;
#6084 = UNCERTAINTY_MEASURE_WITH_UNIT (LENGTH_MEASURE( 1.000000000000000100E-005 ), #3038, 'distance_accuracy_value', 'NONE');
#6085 = FILL_AREA_STYLE_COLOUR ( '', #6320 ) ;
#6086 = STYLED_ITEM ( 'NONE', ( #2052 ), #4538 ) ;
#6087 = CARTESIAN_POINT ( 'NONE',  ( 21.96499999999999300, -28.19999999999999600, -13.29999999999999900 ) ) ;
#6088 = DIRECTION ( 'NONE',  ( 1.000000000000000000, 0.0000000000000000000, 0.0000000000000000000 ) ) ;
#6089 = DIRECTION ( 'NONE',  ( -1.000000000000000000, 0.0000000000000000000, 0.0000000000000000000 ) ) ;
#6090 = EDGE_CURVE ( 'NONE', #4726, #5797, #4731, .T. ) ;
#6091 = EDGE_LOOP ( 'NONE', ( #1507, #4755, #3654, #808 ) ) ;
#6092 = DIRECTION ( 'NONE',  ( -0.0000000000000000000, -1.000000000000000000, -0.0000000000000000000 ) ) ;
#6093 = EDGE_CURVE ( 'NONE', #5890, #3459, #1724, .T. ) ;
#6094 =( GEOMETRIC_REPRESENTATION_CONTEXT ( 3 ) GLOBAL_UNCERTAINTY_ASSIGNED_CONTEXT ( ( #3655 ) ) GLOBAL_UNIT_ASSIGNED_CONTEXT ( ( #472, #5009, #5986 ) ) REPRESENTATION_CONTEXT ( 'NONE', 'WORKASPACE' ) );
#6095 = CARTESIAN_POINT ( 'NONE',  ( -40.00000000000000700, 27.00000000000000400, 1.899999999999999900 ) ) ;
#6096 = VECTOR ( 'NONE', #5363, 1000.000000000000000 ) ;
#6097 = CARTESIAN_POINT ( 'NONE',  ( 36.50000000000000000, -6.499999999999995600, -0.0000000000000000000 ) ) ;
#6098 = DIRECTION ( 'NONE',  ( 1.000000000000000000, -1.284980352575413200E-016, 0.0000000000000000000 ) ) ;
#6099 = CARTESIAN_POINT ( 'NONE',  ( 39.99999999999999300, 26.00000000000000700, 1.899999999999999900 ) ) ;
#6100 = EDGE_CURVE ( 'NONE', #3077, #1267, #6007, .T. ) ;
#6101 = VERTEX_POINT ( 'NONE', #3403 ) ;
#6102 = STYLED_ITEM ( 'NONE', ( #3575 ), #2525 ) ;
#6103 = CARTESIAN_POINT ( 'NONE',  ( 7.000000000000000000, -26.52446768126150900, 2.521247357350493000 ) ) ;
#6104 = MECHANICAL_DESIGN_GEOMETRIC_PRESENTATION_REPRESENTATION (  '', ( #4225 ), #6483 ) ;
#6105 = VECTOR ( 'NONE', #5632, 1000.000000000000000 ) ;
#6106 = CARTESIAN_POINT ( 'NONE',  ( -32.63499999999998400, -28.19999999999999600, 0.2000000000000000900 ) ) ;
#6107 = ORIENTED_EDGE ( 'NONE', *, *, #6356, .F. ) ;
#6108 = ADVANCED_FACE ( 'NONE', ( #6378 ), #1691, .F. ) ;
#6109 = CARTESIAN_POINT ( 'NONE',  ( 7.000000000000000000, -26.52446768126150900, 3.799999999999999800 ) ) ;
#6110 = EDGE_LOOP ( 'NONE', ( #2728, #1625, #6749, #4182 ) ) ;
#6111 = ORIENTED_EDGE ( 'NONE', *, *, #5194, .T. ) ;
#6112 = SURFACE_STYLE_FILL_AREA ( #4969 ) ;
#6113 = UNCERTAINTY_MEASURE_WITH_UNIT (LENGTH_MEASURE( 1.000000000000000100E-005 ), #5903, 'distance_accuracy_value', 'NONE');
#6114 = STYLED_ITEM ( 'NONE', ( #129 ), #2205 ) ;
#6115 = FILL_AREA_STYLE ('',( #4404 ) ) ;
#6116 = PRESENTATION_LAYER_ASSIGNMENT (  '', '', ( #5742 ) ) ;
#6117 = DIRECTION ( 'NONE',  ( -1.000000000000000000, 0.0000000000000000000, 0.0000000000000000000 ) ) ;
#6118 = ORIENTED_EDGE ( 'NONE', *, *, #6633, .T. ) ;
#6119 =( LENGTH_UNIT ( ) NAMED_UNIT ( * ) SI_UNIT ( .MILLI., .METRE. ) );
#6120 = VECTOR ( 'NONE', #1126, 1000.000000000000000 ) ;
#6121 =( NAMED_UNIT ( * ) SI_UNIT ( $, .STERADIAN. ) SOLID_ANGLE_UNIT ( ) );
#6122 = AXIS2_PLACEMENT_3D ( 'NONE', #6788, #1744, #1720 ) ;
#6123 = EDGE_CURVE ( 'NONE', #286, #3195, #5839, .T. ) ;
#6124 = CARTESIAN_POINT ( 'NONE',  ( 0.0000000000000000000, 0.0000000000000000000, 3.799999999999999800 ) ) ;
#6125 = PLANE ( 'NONE',  #6800 ) ;
#6126 = PRESENTATION_LAYER_ASSIGNMENT (  '', '', ( #5389 ) ) ;
#6127 = DIRECTION ( 'NONE',  ( -0.0000000000000000000, 1.000000000000000000, -0.0000000000000000000 ) ) ;
#6128 = CIRCLE ( 'NONE', #534, 0.2549999999999982800 ) ;
#6129 = DIRECTION ( 'NONE',  ( 1.000000000000000000, -1.284980352575413200E-016, -0.0000000000000000000 ) ) ;
#6130 = MECHANICAL_DESIGN_GEOMETRIC_PRESENTATION_REPRESENTATION (  '', ( #5396 ), #2437 ) ;
#6131 = DIRECTION ( 'NONE',  ( 1.000000000000000000, 0.0000000000000000000, 0.0000000000000000000 ) ) ;
#6132 =( NAMED_UNIT ( * ) SI_UNIT ( $, .STERADIAN. ) SOLID_ANGLE_UNIT ( ) );
#6133 = DIRECTION ( 'NONE',  ( 0.0000000000000000000, 0.0000000000000000000, -1.000000000000000000 ) ) ;
#6134 = MECHANICAL_DESIGN_GEOMETRIC_PRESENTATION_REPRESENTATION (  '', ( #5016 ), #6511 ) ;
#6135 = SURFACE_STYLE_FILL_AREA ( #1155 ) ;
#6136 = EDGE_LOOP ( 'NONE', ( #2584, #2021, #2872, #6734 ) ) ;
#6137 = ORIENTED_EDGE ( 'NONE', *, *, #1205, .T. ) ;
#6138 = LINE ( 'NONE', #5782, #2967 ) ;
#6139 = DIRECTION ( 'NONE',  ( 0.0000000000000000000, 0.0000000000000000000, -1.000000000000000000 ) ) ;
#6140 = CARTESIAN_POINT ( 'NONE',  ( 7.000000000000000000, -20.33580432443955000, 3.799999999999999400 ) ) ;
#6141 = SURFACE_STYLE_USAGE ( .BOTH. , #1877 ) ;
#6142 = DIRECTION ( 'NONE',  ( -1.000000000000000000, 0.0000000000000000000, 0.0000000000000000000 ) ) ;
#6143 = CARTESIAN_POINT ( 'NONE',  ( 7.000000000000000000, -23.34994586339211500, -0.8743318410909235400 ) ) ;
#6144 = ORIENTED_EDGE ( 'NONE', *, *, #7171, .F. ) ;
#6145 = VECTOR ( 'NONE', #334, 1000.000000000000000 ) ;
#6146 = FACE_OUTER_BOUND ( 'NONE', #2183, .T. ) ;
#6147 = ADVANCED_FACE ( 'NONE', ( #3026 ), #6832, .F. ) ;
#6148 = ORIENTED_EDGE ( 'NONE', *, *, #321, .F. ) ;
#6149 =( LENGTH_UNIT ( ) NAMED_UNIT ( * ) SI_UNIT ( .MILLI., .METRE. ) );
#6150 = CIRCLE ( 'NONE', #4186, 2.500000000000002200 ) ;
#6151 = ORIENTED_EDGE ( 'NONE', *, *, #3606, .T. ) ;
#6152 = UNCERTAINTY_MEASURE_WITH_UNIT (LENGTH_MEASURE( 1.000000000000000100E-005 ), #1942, 'distance_accuracy_value', 'NONE');
#6153 = EDGE_CURVE ( 'NONE', #3902, #247, #5335, .T. ) ;
#6154 = LINE ( 'NONE', #704, #4687 ) ;
#6155 = DIRECTION ( 'NONE',  ( -1.000000000000000000, 0.0000000000000000000, 0.0000000000000000000 ) ) ;
#6156 = VERTEX_POINT ( 'NONE', #3492 ) ;
#6157 = CARTESIAN_POINT ( 'NONE',  ( 35.99999999999997900, -26.99999999999999600, 1.899999999999999900 ) ) ;
#6158 = AXIS2_PLACEMENT_3D ( 'NONE', #5688, #3437, #2472 ) ;
#6159 = ORIENTED_EDGE ( 'NONE', *, *, #2372, .T. ) ;
#6160 =( NAMED_UNIT ( * ) SI_UNIT ( $, .STERADIAN. ) SOLID_ANGLE_UNIT ( ) );
#6161 = LINE ( 'NONE', #6565, #4694 ) ;
#6162 = EDGE_LOOP ( 'NONE', ( #839, #3468, #3172, #1352 ) ) ;
#6163 = ORIENTED_EDGE ( 'NONE', *, *, #7199, .T. ) ;
#6164 = DIRECTION ( 'NONE',  ( 0.0000000000000000000, 0.0000000000000000000, -1.000000000000000000 ) ) ;
#6165 =( NAMED_UNIT ( * ) PLANE_ANGLE_UNIT ( ) SI_UNIT ( $, .RADIAN. ) );
#6166 = CARTESIAN_POINT ( 'NONE',  ( 0.0000000000000000000, 0.0000000000000000000, 4.850000000000000500 ) ) ;
#6167 = VECTOR ( 'NONE', #769, 1000.000000000000000 ) ;
#6168 = LINE ( 'NONE', #5112, #5977 ) ;
#6169 = DIRECTION ( 'NONE',  ( 0.0000000000000000000, -0.0000000000000000000, 1.000000000000000000 ) ) ;
#6170 = VECTOR ( 'NONE', #1100, 1000.000000000000000 ) ;
#6171 = MECHANICAL_DESIGN_GEOMETRIC_PRESENTATION_REPRESENTATION (  '', ( #5433 ), #6552 ) ;
#6172 = VECTOR ( 'NONE', #717, 1000.000000000000000 ) ;
#6173 = AXIS2_PLACEMENT_3D ( 'NONE', #1368, #264, #5330 ) ;
#6174 = ORIENTED_EDGE ( 'NONE', *, *, #6586, .T. ) ;
#6175 = SURFACE_STYLE_FILL_AREA ( #2595 ) ;
#6176 = PLANE ( 'NONE',  #3 ) ;
#6177 = ADVANCED_FACE ( 'NONE', ( #6825 ), #220, .F. ) ;
#6178 = DIRECTION ( 'NONE',  ( 0.0000000000000000000, 0.0000000000000000000, -1.000000000000000000 ) ) ;
#6179 = CARTESIAN_POINT ( 'NONE',  ( -38.90000000000003400, 25.99999999999998900, 4.599999999999999600 ) ) ;
#6180 = DIRECTION ( 'NONE',  ( -1.000000000000000000, 0.0000000000000000000, -0.0000000000000000000 ) ) ;
#6181 = EDGE_CURVE ( 'NONE', #4809, #1523, #298, .T. ) ;
#6182 = ORIENTED_EDGE ( 'NONE', *, *, #4495, .F. ) ;
#6183 = SURFACE_STYLE_USAGE ( .BOTH. , #6237 ) ;
#6184 = EDGE_CURVE ( 'NONE', #6415, #5685, #4812, .T. ) ;
#6185 = DIRECTION ( 'NONE',  ( 1.000000000000000000, 0.0000000000000000000, 0.0000000000000000000 ) ) ;
#6186 = DIRECTION ( 'NONE',  ( 3.227392513445222800E-016, 1.000000000000000000, 0.0000000000000000000 ) ) ;
#6187 = SURFACE_STYLE_USAGE ( .BOTH. , #4510 ) ;
#6188 = DIRECTION ( 'NONE',  ( 0.0000000000000000000, 0.0000000000000000000, -1.000000000000000000 ) ) ;
#6189 = ORIENTED_EDGE ( 'NONE', *, *, #3534, .T. ) ;
#6190 = EDGE_LOOP ( 'NONE', ( #5922, #4953, #5212, #2357 ) ) ;
#6191 = VERTEX_POINT ( 'NONE', #6531 ) ;
#6192 = COLOUR_RGB ( '',1.000000000000000000, 1.000000000000000000, 1.000000000000000000 ) ;
#6193 = STYLED_ITEM ( 'NONE', ( #4318 ), #1726 ) ;
#6194 =( GEOMETRIC_REPRESENTATION_CONTEXT ( 3 ) GLOBAL_UNCERTAINTY_ASSIGNED_CONTEXT ( ( #547 ) ) GLOBAL_UNIT_ASSIGNED_CONTEXT ( ( #3371, #7299, #3942 ) ) REPRESENTATION_CONTEXT ( 'NONE', 'WORKASPACE' ) );
#6195 = FILL_AREA_STYLE ('',( #1349 ) ) ;
#6196 = COLOUR_RGB ( '',1.000000000000000000, 1.000000000000000000, 1.000000000000000000 ) ;
#6197 = ORIENTED_EDGE ( 'NONE', *, *, #4926, .F. ) ;
#6198 = ORIENTED_EDGE ( 'NONE', *, *, #6285, .T. ) ;
#6199 = DIRECTION ( 'NONE',  ( 0.0000000000000000000, -0.0000000000000000000, -1.000000000000000000 ) ) ;
#6200 = STYLED_ITEM ( 'NONE', ( #770 ), #5111 ) ;
#6201 = VECTOR ( 'NONE', #1511, 1000.000000000000000 ) ;
#6202 = CARTESIAN_POINT ( 'NONE',  ( 0.0000000000000000000, 0.0000000000000000000, -0.7999999999999999300 ) ) ;
#6203 = CARTESIAN_POINT ( 'NONE',  ( 35.79999999999999700, -30.00000000000000000, -0.5999999999999999800 ) ) ;
#6204 = CARTESIAN_POINT ( 'NONE',  ( -37.50000000000000000, -22.67999999999996100, -0.5999999999999999800 ) ) ;
#6205 = DIRECTION ( 'NONE',  ( 1.000000000000000000, 0.0000000000000000000, -0.0000000000000000000 ) ) ;
#6206 = CARTESIAN_POINT ( 'NONE',  ( 38.90000000000003400, 25.99999999999998900, 4.599999999999999600 ) ) ;
#6207 = UNCERTAINTY_MEASURE_WITH_UNIT (LENGTH_MEASURE( 1.000000000000000100E-005 ), #6231, 'distance_accuracy_value', 'NONE');
#6208 = EDGE_CURVE ( 'NONE', #3839, #1000, #1815, .T. ) ;
#6209 = SURFACE_STYLE_FILL_AREA ( #5002 ) ;
#6210 = CARTESIAN_POINT ( 'NONE',  ( 39.00000000000000700, -22.55000000000000800, 4.850000000000000500 ) ) ;
#6211 = STYLED_ITEM ( 'NONE', ( #5422 ), #6441 ) ;
#6212 = CARTESIAN_POINT ( 'NONE',  ( -36.00000000000000700, -26.99999999999999600, 1.900000000000000100 ) ) ;
#6213 = DIRECTION ( 'NONE',  ( 0.0000000000000000000, 0.0000000000000000000, -1.000000000000000000 ) ) ;
#6214 = SURFACE_STYLE_USAGE ( .BOTH. , #718 ) ;
#6215 = DIRECTION ( 'NONE',  ( 0.0000000000000000000, -0.0000000000000000000, 1.000000000000000000 ) ) ;
#6216 = DIRECTION ( 'NONE',  ( -0.0000000000000000000, -0.0000000000000000000, 1.000000000000000000 ) ) ;
#6217 = ADVANCED_FACE ( 'NONE', ( #5916 ), #2480, .F. ) ;
#6218 = MECHANICAL_DESIGN_GEOMETRIC_PRESENTATION_REPRESENTATION (  '', ( #5482 ), #6600 ) ;
#6219 = EDGE_CURVE ( 'NONE', #6340, #672, #6918, .T. ) ;
#6220 = COLOUR_RGB ( '',0.8039215686274510100, 0.4980392156862745200, 0.1960784313725490200 ) ;
#6221 = ORIENTED_EDGE ( 'NONE', *, *, #7113, .T. ) ;
#6222 = ORIENTED_EDGE ( 'NONE', *, *, #6477, .F. ) ;
#6223 = PRESENTATION_LAYER_ASSIGNMENT (  '', '', ( #3587 ) ) ;
#6224 = DIRECTION ( 'NONE',  ( 0.0000000000000000000, -0.0000000000000000000, 1.000000000000000000 ) ) ;
#6225 = CARTESIAN_POINT ( 'NONE',  ( -39.00000000000000000, -19.54999999999999700, 1.899999999999999900 ) ) ;
#6226 = VECTOR ( 'NONE', #6523, 1000.000000000000000 ) ;
#6227 = CARTESIAN_POINT ( 'NONE',  ( 14.00000000000000000, -27.00000000000000000, -0.5999999999999999800 ) ) ;
#6228 = ORIENTED_EDGE ( 'NONE', *, *, #6719, .F. ) ;
#6229 = SURFACE_SIDE_STYLE ('',( #3537 ) ) ;
#6230 = CYLINDRICAL_SURFACE ( 'NONE', #693, 0.2549999999999982800 ) ;
#6231 =( LENGTH_UNIT ( ) NAMED_UNIT ( * ) SI_UNIT ( .MILLI., .METRE. ) );
#6232 = PRESENTATION_LAYER_ASSIGNMENT (  '', '', ( #5494 ) ) ;
#6233 = ADVANCED_BREP_SHAPE_REPRESENTATION ( 'NHD-C12864A1Z-FSW-FBW-HTT', ( #6951, #2478, #401, #3019, #1728, #6400, #1177, #934, #5649, #4678, #2800, #165, #709, #5111, #2041, #4340, #3796, #3339, #3264 ), #7181 ) ;
#6234 = ORIENTED_EDGE ( 'NONE', *, *, #2222, .T. ) ;
#6235 = FILL_AREA_STYLE ('',( #6663 ) ) ;
#6236 = EDGE_CURVE ( 'NONE', #4527, #4125, #2592, .T. ) ;
#6237 = SURFACE_SIDE_STYLE ('',( #1911 ) ) ;
#6238 = PRESENTATION_STYLE_ASSIGNMENT (( #4292 ) ) ;
#6239 = CARTESIAN_POINT ( 'NONE',  ( -7.000000000000000000, -23.16202887258642600, -0.9127674319942440400 ) ) ;
#6240 = FACE_OUTER_BOUND ( 'NONE', #6916, .T. ) ;
#6241 = DIRECTION ( 'NONE',  ( 1.000000000000000000, 0.0000000000000000000, 0.0000000000000000000 ) ) ;
#6242 = DIRECTION ( 'NONE',  ( 0.0000000000000000000, 0.0000000000000000000, -1.000000000000000000 ) ) ;
#6243 = DIRECTION ( 'NONE',  ( 0.0000000000000000000, 1.000000000000000000, 0.0000000000000000000 ) ) ;
#6244 = AXIS2_PLACEMENT_3D ( 'NONE', #1555, #2139, #2691 ) ;
#6245 = LINE ( 'NONE', #4578, #6046 ) ;
#6246 = DIRECTION ( 'NONE',  ( 0.0000000000000000000, 0.0000000000000000000, -1.000000000000000000 ) ) ;
#6247 = VERTEX_POINT ( 'NONE', #5143 ) ;
#6248 = ORIENTED_EDGE ( 'NONE', *, *, #6566, .F. ) ;
#6249 = EDGE_CURVE ( 'NONE', #4384, #7172, #1090, .T. ) ;
#6250 = CARTESIAN_POINT ( 'NONE',  ( 37.89999999999998400, -17.60000000000000100, 4.299999999999999800 ) ) ;
#6251 = FACE_OUTER_BOUND ( 'NONE', #2067, .T. ) ;
#6252 = ORIENTED_EDGE ( 'NONE', *, *, #4704, .F. ) ;
#6253 = ORIENTED_EDGE ( 'NONE', *, *, #2591, .F. ) ;
#6254 = CARTESIAN_POINT ( 'NONE',  ( -20.00000000000000000, -18.99999999999999600, -0.5999999999999999800 ) ) ;
#6255 = ORIENTED_EDGE ( 'NONE', *, *, #7203, .T. ) ;
#6256 = VECTOR ( 'NONE', #1558, 1000.000000000000000 ) ;
#6257 = LINE ( 'NONE', #1892, #1778 ) ;
#6258 = VERTEX_POINT ( 'NONE', #1757 ) ;
#6259 = ADVANCED_FACE ( 'NONE', ( #5418 ), #3420, .F. ) ;
#6260 = CARTESIAN_POINT ( 'NONE',  ( 39.99999999999999300, 23.44999999999998900, 4.850000000000000500 ) ) ;
#6261 = DIRECTION ( 'NONE',  ( 0.0000000000000000000, 0.0000000000000000000, -1.000000000000000000 ) ) ;
#6262 = AXIS2_PLACEMENT_3D ( 'NONE', #4464, #2707, #449 ) ;
#6263 = DIRECTION ( 'NONE',  ( -0.0000000000000000000, 0.0000000000000000000, -1.000000000000000000 ) ) ;
#6264 =( NAMED_UNIT ( * ) PLANE_ANGLE_UNIT ( ) SI_UNIT ( $, .RADIAN. ) );
#6265 =( NAMED_UNIT ( * ) SI_UNIT ( $, .STERADIAN. ) SOLID_ANGLE_UNIT ( ) );
#6266 = FILL_AREA_STYLE ('',( #6835 ) ) ;
#6267 = COLOUR_RGB ( '',1.000000000000000000, 1.000000000000000000, 1.000000000000000000 ) ;
#6268 = CARTESIAN_POINT ( 'NONE',  ( -37.89999999999998400, -17.60000000000000100, 4.299999999999999800 ) ) ;
#6269 =( NAMED_UNIT ( * ) SI_UNIT ( $, .STERADIAN. ) SOLID_ANGLE_UNIT ( ) );
#6270 = CARTESIAN_POINT ( 'NONE',  ( -32.63499999999998400, -28.19999999999999600, 0.2000000000000000900 ) ) ;
#6271 = ORIENTED_EDGE ( 'NONE', *, *, #4021, .F. ) ;
#6272 = LINE ( 'NONE', #4187, #457 ) ;
#6273 = UNCERTAINTY_MEASURE_WITH_UNIT (LENGTH_MEASURE( 1.000000000000000100E-005 ), #4080, 'distance_accuracy_value', 'NONE');
#6274 = DIRECTION ( 'NONE',  ( 0.0000000000000000000, -1.000000000000000000, -0.0000000000000000000 ) ) ;
#6275 = ORIENTED_EDGE ( 'NONE', *, *, #5343, .F. ) ;
#6276 = CYLINDRICAL_SURFACE ( 'NONE', #801, 0.2549999999999982800 ) ;
#6277 = PLANE ( 'NONE',  #3714 ) ;
#6278 =( GEOMETRIC_REPRESENTATION_CONTEXT ( 3 ) GLOBAL_UNCERTAINTY_ASSIGNED_CONTEXT ( ( #3569 ) ) GLOBAL_UNIT_ASSIGNED_CONTEXT ( ( #5380, #5910, #2555 ) ) REPRESENTATION_CONTEXT ( 'NONE', 'WORKASPACE' ) );
#6279 = CIRCLE ( 'NONE', #24, 0.2549999999999982800 ) ;
#6280 = PRESENTATION_LAYER_ASSIGNMENT (  '', '', ( #5528 ) ) ;
#6281 = DIRECTION ( 'NONE',  ( -1.000000000000000000, 0.0000000000000000000, 0.0000000000000000000 ) ) ;
#6282 = ORIENTED_EDGE ( 'NONE', *, *, #4343, .T. ) ;
#6283 =( NAMED_UNIT ( * ) PLANE_ANGLE_UNIT ( ) SI_UNIT ( $, .RADIAN. ) );
#6284 = CARTESIAN_POINT ( 'NONE',  ( -21.96499999999999300, -28.19999999999999600, 0.2000000000000000900 ) ) ;
#6285 = EDGE_CURVE ( 'NONE', #4288, #1597, #5245, .T. ) ;
#6286 = VERTEX_POINT ( 'NONE', #5745 ) ;
#6287 = CARTESIAN_POINT ( 'NONE',  ( -37.89999999999998400, 24.90000000000000200, 4.299999999999999800 ) ) ;
#6288 = CARTESIAN_POINT ( 'NONE',  ( -36.00000000000000700, -25.49999999999999600, 1.900000000000000100 ) ) ;
#6289 = EDGE_CURVE ( 'NONE', #6374, #1958, #1716, .T. ) ;
#6290 = ORIENTED_EDGE ( 'NONE', *, *, #1830, .F. ) ;
#6291 = SURFACE_STYLE_USAGE ( .BOTH. , #619 ) ;
#6292 = EDGE_LOOP ( 'NONE', ( #4967, #2902, #5525, #728 ) ) ;
#6293 = ORIENTED_EDGE ( 'NONE', *, *, #6335, .T. ) ;
#6294 = DIRECTION ( 'NONE',  ( 0.0000000000000000000, 1.000000000000000000, 0.0000000000000000000 ) ) ;
#6295 = DIRECTION ( 'NONE',  ( -0.0000000000000000000, -0.0000000000000000000, 1.000000000000000000 ) ) ;
#6296 = ADVANCED_FACE ( 'NONE', ( #3188 ), #5508, .T. ) ;
#6297 = CARTESIAN_POINT ( 'NONE',  ( 7.000000000000000000, -26.77979678078159200, 2.651131150503010400 ) ) ;
#6298 = ORIENTED_EDGE ( 'NONE', *, *, #6843, .T. ) ;
#6299 = LINE ( 'NONE', #1634, #6120 ) ;
#6300 = CARTESIAN_POINT ( 'NONE',  ( -7.000000000000000900, -21.86636897233878700, 3.888184654872565400 ) ) ;
#6301 = CARTESIAN_POINT ( 'NONE',  ( -50.00000000000000700, 22.20000000000001400, -0.6499999999999999100 ) ) ;
#6302 = VERTEX_POINT ( 'NONE', #2602 ) ;
#6303 = AXIS2_PLACEMENT_3D ( 'NONE', #3710, #2577, #6508 ) ;
#6304 = COLOUR_RGB ( '',0.5019607843137254800, 0.5019607843137254800, 1.000000000000000000 ) ;
#6305 = DIRECTION ( 'NONE',  ( 1.000000000000000000, 0.0000000000000000000, 0.0000000000000000000 ) ) ;
#6306 = VECTOR ( 'NONE', #1929, 1000.000000000000000 ) ;
#6307 = FACE_OUTER_BOUND ( 'NONE', #4910, .T. ) ;
#6308 = EDGE_CURVE ( 'NONE', #5157, #1443, #1182, .T. ) ;
#6309 = AXIS2_PLACEMENT_3D ( 'NONE', #4665, #1273, #5222 ) ;
#6310 = CARTESIAN_POINT ( 'NONE',  ( 35.99999999999999300, -27.00000000000001100, -2.149999999999999900 ) ) ;
#6311 = FILL_AREA_STYLE ('',( #6867 ) ) ;
#6312 = CARTESIAN_POINT ( 'NONE',  ( -38.90000000000003400, 25.99999999999998900, 4.299999999999999800 ) ) ;
#6313 = PLANE ( 'NONE',  #1345 ) ;
#6314 = LINE ( 'NONE', #85, #4667 ) ;
#6315 = ORIENTED_EDGE ( 'NONE', *, *, #5034, .T. ) ;
#6316 = ORIENTED_EDGE ( 'NONE', *, *, #1164, .T. ) ;
#6317 = AXIS2_PLACEMENT_3D ( 'NONE', #3357, #6164, #2792 ) ;
#6318 = MECHANICAL_DESIGN_GEOMETRIC_PRESENTATION_REPRESENTATION (  '', ( #5577 ), #6706 ) ;
#6319 = EDGE_CURVE ( 'NONE', #208, #5066, #6993, .T. ) ;
#6320 = COLOUR_RGB ( '',1.000000000000000000, 1.000000000000000000, 1.000000000000000000 ) ;
#6321 = FACE_OUTER_BOUND ( 'NONE', #6726, .T. ) ;
#6322 = PRESENTATION_STYLE_ASSIGNMENT (( #6044 ) ) ;
#6323 = UNCERTAINTY_MEASURE_WITH_UNIT (LENGTH_MEASURE( 1.000000000000000100E-005 ), #5167, 'distance_accuracy_value', 'NONE');
#6324 = ORIENTED_EDGE ( 'NONE', *, *, #1859, .T. ) ;
#6325 =( NAMED_UNIT ( * ) SI_UNIT ( $, .STERADIAN. ) SOLID_ANGLE_UNIT ( ) );
#6326 = ORIENTED_EDGE ( 'NONE', *, *, #6460, .F. ) ;
#6327 =( NAMED_UNIT ( * ) PLANE_ANGLE_UNIT ( ) SI_UNIT ( $, .RADIAN. ) );
#6328 = DIRECTION ( 'NONE',  ( -1.000000000000000000, -0.0000000000000000000, -0.0000000000000000000 ) ) ;
#6329 = LINE ( 'NONE', #7232, #4848 ) ;
#6330 = PRESENTATION_LAYER_ASSIGNMENT (  '', '', ( #5589 ) ) ;
#6331 = DIRECTION ( 'NONE',  ( -0.0000000000000000000, 0.0000000000000000000, -1.000000000000000000 ) ) ;
#6332 = ORIENTED_EDGE ( 'NONE', *, *, #3341, .F. ) ;
#6333 = ORIENTED_EDGE ( 'NONE', *, *, #4214, .T. ) ;
#6334 = CARTESIAN_POINT ( 'NONE',  ( 0.0000000000000000000, 0.0000000000000000000, 4.850000000000000500 ) ) ;
#6335 = EDGE_CURVE ( 'NONE', #2026, #4873, #2492, .T. ) ;
#6336 = AXIS2_PLACEMENT_3D ( 'NONE', #1211, #677, #1241 ) ;
#6337 =( LENGTH_UNIT ( ) NAMED_UNIT ( * ) SI_UNIT ( .MILLI., .METRE. ) );
#6338 = MECHANICAL_DESIGN_GEOMETRIC_PRESENTATION_REPRESENTATION (  '', ( #5597 ), #6722 ) ;
#6339 = CIRCLE ( 'NONE', #4828, 0.5000000000000004400 ) ;
#6340 = VERTEX_POINT ( 'NONE', #7104 ) ;
#6341 = EDGE_CURVE ( 'NONE', #5825, #6382, #4176, .T. ) ;
#6342 = AXIS2_PLACEMENT_3D ( 'NONE', #3022, #1764, #6394 ) ;
#6343 = CARTESIAN_POINT ( 'NONE',  ( 7.000000000000000000, -25.85345190671684200, -1.145420074497599300 ) ) ;
#6344 = COLOUR_RGB ( '',0.0000000000000000000, 0.7529411764705882200, 0.0000000000000000000 ) ;
#6345 = VECTOR ( 'NONE', #1992, 1000.000000000000000 ) ;
#6346 = CARTESIAN_POINT ( 'NONE',  ( 29.58499999999999400, -28.19999999999999600, 0.2000000000000000900 ) ) ;
#6347 = CARTESIAN_POINT ( 'NONE',  ( 16.00000000000000000, -24.00000000000000000, -0.5999999999999999800 ) ) ;
#6348 = PRESENTATION_LAYER_ASSIGNMENT (  '', '', ( #5955 ) ) ;
#6349 = COLOUR_RGB ( '',0.5019607843137254800, 0.5019607843137254800, 1.000000000000000000 ) ;
#6350 = DIRECTION ( 'NONE',  ( -0.0000000000000000000, -0.0000000000000000000, 1.000000000000000000 ) ) ;
#6351 = FILL_AREA_STYLE_COLOUR ( '', #1304 ) ;
#6352 = ORIENTED_EDGE ( 'NONE', *, *, #7191, .T. ) ;
#6353 = COLOUR_RGB ( '',1.000000000000000000, 1.000000000000000000, 1.000000000000000000 ) ;
#6354 = LINE ( 'NONE', #3799, #1881 ) ;
#6355 = EDGE_CURVE ( 'NONE', #7284, #351, #993, .T. ) ;
#6356 = EDGE_CURVE ( 'NONE', #6917, #4730, #5326, .T. ) ;
#6357 = EDGE_CURVE ( 'NONE', #1624, #5797, #6646, .T. ) ;
#6358 =( LENGTH_UNIT ( ) NAMED_UNIT ( * ) SI_UNIT ( .MILLI., .METRE. ) );
#6359 = AXIS2_PLACEMENT_3D ( 'NONE', #3025, #6974, #3605 ) ;
#6360 = ORIENTED_EDGE ( 'NONE', *, *, #2145, .F. ) ;
#6361 = CARTESIAN_POINT ( 'NONE',  ( -36.00000000000000700, -24.37999999999998100, -2.149999999999999900 ) ) ;
#6362 = CARTESIAN_POINT ( 'NONE',  ( -39.00000000000000000, 16.20000000000001400, -2.149999999999999900 ) ) ;
#6363 = CARTESIAN_POINT ( 'NONE',  ( -16.00000000000000000, -14.00000000000000000, -0.7999999999999999300 ) ) ;
#6364 = FILL_AREA_STYLE ('',( #5349 ) ) ;
#6365 = PRESENTATION_STYLE_ASSIGNMENT (( #1047 ) ) ;
#6366 = ORIENTED_EDGE ( 'NONE', *, *, #5253, .F. ) ;
#6367 = ORIENTED_EDGE ( 'NONE', *, *, #276, .T. ) ;
#6368 = AXIS2_PLACEMENT_3D ( 'NONE', #3203, #740, #2873 ) ;
#6369 = CIRCLE ( 'NONE', #780, 0.2549999999999982800 ) ;
#6370 = APPLICATION_PROTOCOL_DEFINITION ( 'draft international standard', 'automotive_design', 1998, #2982 ) ;
#6371 = CARTESIAN_POINT ( 'NONE',  ( 35.79999999999999700, -30.00000000000000000, -0.0000000000000000000 ) ) ;
#6372 =( NAMED_UNIT ( * ) SI_UNIT ( $, .STERADIAN. ) SOLID_ANGLE_UNIT ( ) );
#6373 = ORIENTED_EDGE ( 'NONE', *, *, #5873, .T. ) ;
#6374 = VERTEX_POINT ( 'NONE', #5471 ) ;
#6375 = PLANE ( 'NONE',  #6747 ) ;
#6376 = ORIENTED_EDGE ( 'NONE', *, *, #5243, .T. ) ;
#6377 = B_SPLINE_SURFACE_WITH_KNOTS ( 'NONE', 3, 1, ( 
 ( #3555, #3192 ),
 ( #7138, #3773 ),
 ( #4350, #396 ),
 ( #959, #4914 ),
 ( #1528, #5488 ) ),
 .UNSPECIFIED., .F., .F., .F.,
 ( 4, 1, 4 ),
 ( 2, 2 ),
 ( 0.7093046694664417700, 0.7500000000000000000, 0.8204381560025417700 ),
 ( 0.0000000000000000000, 1.000000000000000000 ),
 .UNSPECIFIED. ) ;
#6378 = FACE_OUTER_BOUND ( 'NONE', #7018, .T. ) ;
#6379 = PLANE ( 'NONE',  #2025 ) ;
#6380 = ORIENTED_EDGE ( 'NONE', *, *, #3506, .F. ) ;
#6381 = LINE ( 'NONE', #1673, #394 ) ;
#6382 = VERTEX_POINT ( 'NONE', #5978 ) ;
#6383 =( NAMED_UNIT ( * ) PLANE_ANGLE_UNIT ( ) SI_UNIT ( $, .RADIAN. ) );
#6384 = CARTESIAN_POINT ( 'NONE',  ( -38.90000000000002700, -24.17999999999997100, -0.5999999999999999800 ) ) ;
#6385 = CARTESIAN_POINT ( 'NONE',  ( 7.000000000000000000, -20.81951302300318200, 3.932733293972369800 ) ) ;
#6386 =( NAMED_UNIT ( * ) SI_UNIT ( $, .STERADIAN. ) SOLID_ANGLE_UNIT ( ) );
#6387 = CARTESIAN_POINT ( 'NONE',  ( 39.00000000000000000, 23.20000000000000600, -2.149999999999999900 ) ) ;
#6388 = MECHANICAL_DESIGN_GEOMETRIC_PRESENTATION_REPRESENTATION (  '', ( #5272 ), #6777 ) ;
#6389 = ORIENTED_EDGE ( 'NONE', *, *, #4087, .T. ) ;
#6390 = ORIENTED_EDGE ( 'NONE', *, *, #5713, .F. ) ;
#6391 = ADVANCED_FACE ( 'NONE', ( #2155 ), #6588, .F. ) ;
#6392 = VECTOR ( 'NONE', #3005, 1000.000000000000000 ) ;
#6393 = DIRECTION ( 'NONE',  ( -0.0000000000000000000, -0.0000000000000000000, -1.000000000000000000 ) ) ;
#6394 = DIRECTION ( 'NONE',  ( -1.000000000000000000, 0.0000000000000000000, 0.0000000000000000000 ) ) ;
#6395 = MECHANICAL_DESIGN_GEOMETRIC_PRESENTATION_REPRESENTATION (  '', ( #73 ), #467 ) ;
#6396 = PLANE ( 'NONE',  #2087 ) ;
#6397 = B_SPLINE_CURVE_WITH_KNOTS ( 'NONE', 3,
 ( #3404, #1168, #4558, #1743, #5121, #1250, #2305, #5681, #2866, #6239, #3434 ),
 .UNSPECIFIED., .F., .F.,
 ( 4, 1, 1, 1, 1, 1, 1, 1, 4 ),
 ( 0.3811754989484790700, 0.5000000000000000000, 0.6250000000000000000, 0.7500000000000000000, 0.8125000000000000000, 0.8750000000000000000, 0.9375000000000000000, 0.9687500000000000000, 1.000000000000000000 ),
 .UNSPECIFIED. ) ;
#6398 = ORIENTED_EDGE ( 'NONE', *, *, #4847, .T. ) ;
#6399 = FILL_AREA_STYLE_COLOUR ( '', #4326 ) ;
#6400 = MANIFOLD_SOLID_BREP ( 'Boss-Extrude17', #3399 ) ;
#6401 = EDGE_LOOP ( 'NONE', ( #6037, #5323, #3130, #2254, #5314, #691 ) ) ;
#6402 = PLANE ( 'NONE',  #1429 ) ;
#6403 = LINE ( 'NONE', #3666, #594 ) ;
#6404 = SURFACE_STYLE_USAGE ( .BOTH. , #4178 ) ;
#6405 = VERTEX_POINT ( 'NONE', #3223 ) ;
#6406 = VECTOR ( 'NONE', #458, 1000.000000000000000 ) ;
#6407 = AXIS2_PLACEMENT_3D ( 'NONE', #1943, #5317, #1360 ) ;
#6408 = CARTESIAN_POINT ( 'NONE',  ( 7.000000000000000000, -25.71387636285662400, -1.306407278796765500 ) ) ;
#6409 = FACE_BOUND ( 'NONE', #3100, .T. ) ;
#6410 = CARTESIAN_POINT ( 'NONE',  ( -32.10000000000000100, 27.00000000000000400, 4.850000000000000500 ) ) ;
#6411 = DIRECTION ( 'NONE',  ( 1.000000000000000000, -1.284980352575413200E-016, -0.0000000000000000000 ) ) ;
#6412 = STYLED_ITEM ( 'NONE', ( #4400 ), #3919 ) ;
#6413 = CARTESIAN_POINT ( 'NONE',  ( -6.999999999999994700, -23.70822491629699900, -1.115524287202967100 ) ) ;
#6414 = ORIENTED_EDGE ( 'NONE', *, *, #5509, .F. ) ;
#6415 = VERTEX_POINT ( 'NONE', #411 ) ;
#6416 = DIRECTION ( 'NONE',  ( 1.000000000000000000, -3.469446951953619700E-015, 0.0000000000000000000 ) ) ;
#6417 = VECTOR ( 'NONE', #3976, 1000.000000000000000 ) ;
#6418 = ORIENTED_EDGE ( 'NONE', *, *, #5616, .T. ) ;
#6419 = EDGE_CURVE ( 'NONE', #1779, #4102, #642, .T. ) ;
#6420 = CLOSED_SHELL ( 'NONE', ( #3455, #5127, #4905, #4228 ) ) ;
#6421 = CARTESIAN_POINT ( 'NONE',  ( -14.00000000000000000, -26.99999999999998900, 0.0000000000000000000 ) ) ;
#6422 = CARTESIAN_POINT ( 'NONE',  ( 38.90000000000000600, -24.60000000000000500, 3.799999999999999800 ) ) ;
#6423 = SURFACE_SIDE_STYLE ('',( #2198 ) ) ;
#6424 = ORIENTED_EDGE ( 'NONE', *, *, #299, .F. ) ;
#6425 = PRESENTATION_STYLE_ASSIGNMENT (( #833 ) ) ;
#6426 = DIRECTION ( 'NONE',  ( 0.0000000000000000000, -0.0000000000000000000, 1.000000000000000000 ) ) ;
#6427 = SURFACE_STYLE_USAGE ( .BOTH. , #3509 ) ;
#6428 = EDGE_LOOP ( 'NONE', ( #722, #3554 ) ) ;
#6429 =( NAMED_UNIT ( * ) PLANE_ANGLE_UNIT ( ) SI_UNIT ( $, .RADIAN. ) );
#6430 =( GEOMETRIC_REPRESENTATION_CONTEXT ( 3 ) GLOBAL_UNCERTAINTY_ASSIGNED_CONTEXT ( ( #996 ) ) GLOBAL_UNIT_ASSIGNED_CONTEXT ( ( #2390, #6327, #2949 ) ) REPRESENTATION_CONTEXT ( 'NONE', 'WORKASPACE' ) );
#6431 = VECTOR ( 'NONE', #825, 1000.000000000000000 ) ;
#6432 = FACE_OUTER_BOUND ( 'NONE', #7124, .T. ) ;
#6433 = FILL_AREA_STYLE ('',( #7011 ) ) ;
#6434 =( GEOMETRIC_REPRESENTATION_CONTEXT ( 3 ) GLOBAL_UNCERTAINTY_ASSIGNED_CONTEXT ( ( #969 ) ) GLOBAL_UNIT_ASSIGNED_CONTEXT ( ( #6838, #2356, #354 ) ) REPRESENTATION_CONTEXT ( 'NONE', 'WORKASPACE' ) );
#6435 = DIRECTION ( 'NONE',  ( 0.0000000000000000000, -1.000000000000000000, 0.0000000000000000000 ) ) ;
#6436 = VERTEX_POINT ( 'NONE', #7170 ) ;
#6437 =( LENGTH_UNIT ( ) NAMED_UNIT ( * ) SI_UNIT ( .MILLI., .METRE. ) );
#6438 = SURFACE_SIDE_STYLE ('',( #6516 ) ) ;
#6439 = CARTESIAN_POINT ( 'NONE',  ( 38.99999999999998600, 23.44999999999998900, 1.899999999999999900 ) ) ;
#6440 = LINE ( 'NONE', #822, #3453 ) ;
#6441 = ADVANCED_FACE ( 'NONE', ( #6456 ), #4891, .F. ) ;
#6442 = CIRCLE ( 'NONE', #903, 0.2549999999999982800 ) ;
#6443 = EDGE_CURVE ( 'NONE', #5972, #3759, #2072, .T. ) ;
#6444 = EDGE_LOOP ( 'NONE', ( #5506, #6785 ) ) ;
#6445 = DIRECTION ( 'NONE',  ( 0.0000000000000000000, 0.0000000000000000000, -1.000000000000000000 ) ) ;
#6446 = CARTESIAN_POINT ( 'NONE',  ( -39.00000000000000000, -24.37999999999999200, -2.149999999999999900 ) ) ;
#6447 = CARTESIAN_POINT ( 'NONE',  ( 39.00000000000000000, 26.99999999999999300, -2.149999999999999900 ) ) ;
#6448 = MECHANICAL_DESIGN_GEOMETRIC_PRESENTATION_REPRESENTATION (  '', ( #5702 ), #6833 ) ;
#6449 =( LENGTH_UNIT ( ) NAMED_UNIT ( * ) SI_UNIT ( .MILLI., .METRE. ) );
#6450 = VERTEX_POINT ( 'NONE', #1016 ) ;
#6451 = FILL_AREA_STYLE ('',( #1959 ) ) ;
#6452 = ORIENTED_EDGE ( 'NONE', *, *, #6419, .F. ) ;
#6453 =( GEOMETRIC_REPRESENTATION_CONTEXT ( 3 ) GLOBAL_UNCERTAINTY_ASSIGNED_CONTEXT ( ( #1950 ) ) GLOBAL_UNIT_ASSIGNED_CONTEXT ( ( #5973, #2611, #1476 ) ) REPRESENTATION_CONTEXT ( 'NONE', 'WORKASPACE' ) );
#6454 = EDGE_CURVE ( 'NONE', #6851, #1439, #6369, .T. ) ;
#6455 = DIRECTION ( 'NONE',  ( 0.0000000000000000000, 1.000000000000000000, 0.0000000000000000000 ) ) ;
#6456 = FACE_OUTER_BOUND ( 'NONE', #3696, .T. ) ;
#6457 = PLANE ( 'NONE',  #1666 ) ;
#6458 = MECHANICAL_DESIGN_GEOMETRIC_PRESENTATION_REPRESENTATION (  '', ( #5711 ), #6844 ) ;
#6459 = MECHANICAL_DESIGN_GEOMETRIC_PRESENTATION_REPRESENTATION (  '', ( #4304 ), #2540 ) ;
#6460 = EDGE_CURVE ( 'NONE', #542, #2107, #1894, .T. ) ;
#6461 = EDGE_LOOP ( 'NONE', ( #6645, #2490, #3607, #3276, #7195, #3877 ) ) ;
#6462 = ORIENTED_EDGE ( 'NONE', *, *, #5893, .F. ) ;
#6463 = ORIENTED_EDGE ( 'NONE', *, *, #4343, .F. ) ;
#6464 = CARTESIAN_POINT ( 'NONE',  ( -38.90000000000003400, 25.99999999999998900, 4.299999999999999800 ) ) ;
#6465 =( GEOMETRIC_REPRESENTATION_CONTEXT ( 3 ) GLOBAL_UNCERTAINTY_ASSIGNED_CONTEXT ( ( #2426 ) ) GLOBAL_UNIT_ASSIGNED_CONTEXT ( ( #651, #6868, #1800 ) ) REPRESENTATION_CONTEXT ( 'NONE', 'WORKASPACE' ) );
#6466 = CARTESIAN_POINT ( 'NONE',  ( 39.00000000000000700, 17.20000000000000300, -5.350000000000000500 ) ) ;
#6467 =( NAMED_UNIT ( * ) PLANE_ANGLE_UNIT ( ) SI_UNIT ( $, .RADIAN. ) );
#6468 =( NAMED_UNIT ( * ) SI_UNIT ( $, .STERADIAN. ) SOLID_ANGLE_UNIT ( ) );
#6469 = AXIS2_PLACEMENT_3D ( 'NONE', #711, #6900, #3633 ) ;
#6470 = EDGE_LOOP ( 'NONE', ( #2938, #4126, #1242, #4747 ) ) ;
#6471 = ADVANCED_FACE ( 'NONE', ( #2594 ), #2672, .T. ) ;
#6472 = CARTESIAN_POINT ( 'NONE',  ( 16.00000000000000000, -24.00000000000000000, -0.7999999999999999300 ) ) ;
#6473 = FILL_AREA_STYLE_COLOUR ( '', #6694 ) ;
#6474 = PLANE ( 'NONE',  #5228 ) ;
#6475 = EDGE_CURVE ( 'NONE', #1278, #2381, #4180, .T. ) ;
#6476 = AXIS2_PLACEMENT_3D ( 'NONE', #4313, #2081, #1496 ) ;
#6477 = EDGE_CURVE ( 'NONE', #1592, #4154, #1347, .T. ) ;
#6478 = CARTESIAN_POINT ( 'NONE',  ( -40.00000000000000700, -22.54999999999999700, 4.850000000000000500 ) ) ;
#6479 =( GEOMETRIC_REPRESENTATION_CONTEXT ( 3 ) GLOBAL_UNCERTAINTY_ASSIGNED_CONTEXT ( ( #5806 ) ) GLOBAL_UNIT_ASSIGNED_CONTEXT ( ( #265, #3650, #7020 ) ) REPRESENTATION_CONTEXT ( 'NONE', 'WORKASPACE' ) );
#6480 = ADVANCED_FACE ( 'NONE', ( #7156 ), #3887, .T. ) ;
#6481 = SURFACE_STYLE_USAGE ( .BOTH. , #3678 ) ;
#6482 = FACE_OUTER_BOUND ( 'NONE', #5746, .T. ) ;
#6483 =( GEOMETRIC_REPRESENTATION_CONTEXT ( 3 ) GLOBAL_UNCERTAINTY_ASSIGNED_CONTEXT ( ( #4145 ) ) GLOBAL_UNIT_ASSIGNED_CONTEXT ( ( #896, #4285, #7000 ) ) REPRESENTATION_CONTEXT ( 'NONE', 'WORKASPACE' ) );
#6484 = CARTESIAN_POINT ( 'NONE',  ( 27.29999999999999000, -28.19999999999999600, 0.2000000000000000900 ) ) ;
#6485 = LINE ( 'NONE', #3053, #2000 ) ;
#6486 = FILL_AREA_STYLE_COLOUR ( '', #5492 ) ;
#6487 = CARTESIAN_POINT ( 'NONE',  ( 25.01499999999999000, -28.19999999999999600, 0.2000000000000000900 ) ) ;
#6488 = ORIENTED_EDGE ( 'NONE', *, *, #879, .F. ) ;
#6489 = ORIENTED_EDGE ( 'NONE', *, *, #5707, .F. ) ;
#6490 = UNCERTAINTY_MEASURE_WITH_UNIT (LENGTH_MEASURE( 1.000000000000000100E-005 ), #4424, 'distance_accuracy_value', 'NONE');
#6491 = MECHANICAL_DESIGN_GEOMETRIC_PRESENTATION_REPRESENTATION (  '', ( #5742 ), #6893 ) ;
#6492 = ORIENTED_EDGE ( 'NONE', *, *, #3104, .T. ) ;
#6493 = CARTESIAN_POINT ( 'NONE',  ( 37.89999999999998400, -17.60000000000000100, 4.299999999999999800 ) ) ;
#6494 = VECTOR ( 'NONE', #6665, 1000.000000000000000 ) ;
#6495 = DIRECTION ( 'NONE',  ( 1.000000000000000000, 0.0000000000000000000, 0.0000000000000000000 ) ) ;
#6496 = CARTESIAN_POINT ( 'NONE',  ( 36.10000000000000100, -24.47999999999999300, -0.5999999999999999800 ) ) ;
#6497 =( NAMED_UNIT ( * ) SI_UNIT ( $, .STERADIAN. ) SOLID_ANGLE_UNIT ( ) );
#6498 = EDGE_CURVE ( 'NONE', #4360, #1118, #5677, .T. ) ;
#6499 = COLOUR_RGB ( '',1.000000000000000000, 1.000000000000000000, 1.000000000000000000 ) ;
#6500 = MECHANICAL_DESIGN_GEOMETRIC_PRESENTATION_REPRESENTATION (  '', ( #5389 ), #6902 ) ;
#6501 = EDGE_CURVE ( 'NONE', #4500, #6940, #6997, .T. ) ;
#6502 = COLOUR_RGB ( '',0.0000000000000000000, 0.0000000000000000000, 0.0000000000000000000 ) ;
#6503 = SURFACE_SIDE_STYLE ('',( #2484 ) ) ;
#6504 = LINE ( 'NONE', #4446, #514 ) ;
#6505 = PLANE ( 'NONE',  #3700 ) ;
#6506 = DIRECTION ( 'NONE',  ( 0.0000000000000000000, -0.0000000000000000000, 1.000000000000000000 ) ) ;
#6507 = VERTEX_POINT ( 'NONE', #5613 ) ;
#6508 = DIRECTION ( 'NONE',  ( -1.000000000000000000, 0.0000000000000000000, 0.0000000000000000000 ) ) ;
#6509 = SURFACE_SIDE_STYLE ('',( #5078 ) ) ;
#6510 = ORIENTED_EDGE ( 'NONE', *, *, #438, .T. ) ;
#6511 =( GEOMETRIC_REPRESENTATION_CONTEXT ( 3 ) GLOBAL_UNCERTAINTY_ASSIGNED_CONTEXT ( ( #5358 ) ) GLOBAL_UNIT_ASSIGNED_CONTEXT ( ( #315, #5908, #3109 ) ) REPRESENTATION_CONTEXT ( 'NONE', 'WORKASPACE' ) );
#6512 = CARTESIAN_POINT ( 'NONE',  ( 7.000000000000000900, -22.83165912780199500, 3.799999999999998900 ) ) ;
#6513 = ORIENTED_EDGE ( 'NONE', *, *, #5413, .F. ) ;
#6514 = CIRCLE ( 'NONE', #2622, 0.2549999999999982800 ) ;
#6515 = DIRECTION ( 'NONE',  ( 0.0000000000000000000, 0.0000000000000000000, -1.000000000000000000 ) ) ;
#6516 = SURFACE_STYLE_FILL_AREA ( #2505 ) ;
#6517 = ORIENTED_EDGE ( 'NONE', *, *, #5933, .F. ) ;
#6518 = EDGE_LOOP ( 'NONE', ( #1483, #47, #3927, #6248 ) ) ;
#6519 = ADVANCED_FACE ( 'NONE', ( #998 ), #1668, .F. ) ;
#6520 = COLOUR_RGB ( '',1.000000000000000000, 1.000000000000000000, 1.000000000000000000 ) ;
#6521 = SURFACE_STYLE_USAGE ( .BOTH. , #5929 ) ;
#6522 =( NAMED_UNIT ( * ) SI_UNIT ( $, .STERADIAN. ) SOLID_ANGLE_UNIT ( ) );
#6523 = DIRECTION ( 'NONE',  ( -1.000000000000000000, 0.0000000000000000000, 0.0000000000000000000 ) ) ;
#6524 = FILL_AREA_STYLE ('',( #3138 ) ) ;
#6525 = CARTESIAN_POINT ( 'NONE',  ( 0.0000000000000000000, 0.0000000000000000000, -2.149999999999999900 ) ) ;
#6526 = DIRECTION ( 'NONE',  ( 1.000000000000000000, 0.0000000000000000000, 0.0000000000000000000 ) ) ;
#6527 = CARTESIAN_POINT ( 'NONE',  ( 29.83999999999999300, -28.19999999999999600, 0.2000000000000000900 ) ) ;
#6528 = CIRCLE ( 'NONE', #6957, 0.3000000000000016500 ) ;
#6529 = EDGE_CURVE ( 'NONE', #4726, #1446, #5510, .T. ) ;
#6530 = ORIENTED_EDGE ( 'NONE', *, *, #4306, .T. ) ;
#6531 = CARTESIAN_POINT ( 'NONE',  ( -7.000000000000000900, -20.33580432443955000, 3.800000000000000300 ) ) ;
#6532 = DIRECTION ( 'NONE',  ( 0.0000000000000000000, -1.000000000000000000, 0.0000000000000000000 ) ) ;
#6533 = LINE ( 'NONE', #579, #544 ) ;
#6534 = DIRECTION ( 'NONE',  ( 1.284980352575412900E-016, 1.000000000000000000, -2.312964634635744600E-015 ) ) ;
#6535 = MECHANICAL_DESIGN_GEOMETRIC_PRESENTATION_REPRESENTATION (  '', ( #5775 ), #6927 ) ;
#6536 = CARTESIAN_POINT ( 'NONE',  ( -7.000000000000002700, -20.33580432442523600, 3.799999999996072300 ) ) ;
#6537 = CARTESIAN_POINT ( 'NONE',  ( -37.89999999999998400, 24.90000000000000200, 4.599999999999999600 ) ) ;
#6538 = ORIENTED_EDGE ( 'NONE', *, *, #1042, .T. ) ;
#6539 = PRESENTATION_STYLE_ASSIGNMENT (( #4996 ) ) ;
#6540 = CARTESIAN_POINT ( 'NONE',  ( -16.00000000000000000, -24.00000000000000000, -0.7999999999999999300 ) ) ;
#6541 =( NAMED_UNIT ( * ) SI_UNIT ( $, .STERADIAN. ) SOLID_ANGLE_UNIT ( ) );
#6542 = COLOUR_RGB ( '',0.9098039215686274400, 0.5490196078431373000, 0.03137254901960784300 ) ;
#6543 = CARTESIAN_POINT ( 'NONE',  ( 7.000000000000000000, -22.90724480078917200, -0.7999999999999999300 ) ) ;
#6544 = FILL_AREA_STYLE_COLOUR ( '', #3797 ) ;
#6545 = EDGE_LOOP ( 'NONE', ( #6228, #1571, #5761, #3098 ) ) ;
#6546 = ORIENTED_EDGE ( 'NONE', *, *, #559, .F. ) ;
#6547 = CARTESIAN_POINT ( 'NONE',  ( -7.000000000000000000, -27.80484785924798500, 1.237233028282289600 ) ) ;
#6548 = B_SPLINE_SURFACE_WITH_KNOTS ( 'NONE', 3, 1, ( 
 ( #560, #7086 ),
 ( #6921, #5403 ),
 ( #6297, #1299 ),
 ( #4159, #3559 ),
 ( #1382, #3305 ),
 ( #1627, #2172 ),
 ( #6408, #3362 ),
 ( #3440, #6671 ),
 ( #5420, #6413 ),
 ( #72, #378 ),
 ( #6988, #2644 ) ),
 .UNSPECIFIED., .F., .F., .F.,
 ( 4, 1, 1, 1, 1, 1, 1, 1, 4 ),
 ( 2, 2 ),
 ( 0.3811754989487778900, 0.5000000000000000000, 0.6250000000000000000, 0.7500000000000000000, 0.8125000000000000000, 0.8750000000000000000, 0.9375000000000000000, 0.9687500000000000000, 1.000000000000000000 ),
 ( 0.0000000000000000000, 1.000000000000000000 ),
 .UNSPECIFIED. ) ;
#6549 = UNCERTAINTY_MEASURE_WITH_UNIT (LENGTH_MEASURE( 1.000000000000000100E-005 ), #549, 'distance_accuracy_value', 'NONE');
#6550 = EDGE_CURVE ( 'NONE', #439, #2095, #6821, .T. ) ;
#6551 = SURFACE_SIDE_STYLE ('',( #6175 ) ) ;
#6552 =( GEOMETRIC_REPRESENTATION_CONTEXT ( 3 ) GLOBAL_UNCERTAINTY_ASSIGNED_CONTEXT ( ( #4579 ) ) GLOBAL_UNIT_ASSIGNED_CONTEXT ( ( #203, #539, #5402 ) ) REPRESENTATION_CONTEXT ( 'NONE', 'WORKASPACE' ) );
#6553 =( LENGTH_UNIT ( ) NAMED_UNIT ( * ) SI_UNIT ( .MILLI., .METRE. ) );
#6554 = ORIENTED_EDGE ( 'NONE', *, *, #3809, .F. ) ;
#6555 = ADVANCED_FACE ( 'NONE', ( #4001 ), #7312, .F. ) ;
#6556 = DIRECTION ( 'NONE',  ( -1.000000000000000000, -3.469446951953616900E-015, -0.0000000000000000000 ) ) ;
#6557 = ORIENTED_EDGE ( 'NONE', *, *, #7094, .T. ) ;
#6558 = VECTOR ( 'NONE', #5680, 1000.000000000000000 ) ;
#6559 = AXIS2_PLACEMENT_3D ( 'NONE', #3547, #160, #3083 ) ;
#6560 = FILL_AREA_STYLE ('',( #434 ) ) ;
#6561 = CARTESIAN_POINT ( 'NONE',  ( 7.000000000000000000, -27.58815242273842500, -0.1095300849482222200 ) ) ;
#6562 = FILL_AREA_STYLE ('',( #3754 ) ) ;
#6563 = CARTESIAN_POINT ( 'NONE',  ( -39.00000000000000700, 12.00000000000000400, 4.850000000000000500 ) ) ;
#6564 = LINE ( 'NONE', #3412, #2419 ) ;
#6565 = CARTESIAN_POINT ( 'NONE',  ( -27.55499999999998900, -28.19999999999999600, 0.2000000000000000900 ) ) ;
#6566 = EDGE_CURVE ( 'NONE', #975, #3652, #1810, .T. ) ;
#6567 = EDGE_LOOP ( 'NONE', ( #2962, #4695, #4650, #4854, #3291, #2609 ) ) ;
#6568 = COLOUR_RGB ( '',1.000000000000000000, 1.000000000000000000, 1.000000000000000000 ) ;
#6569 = DIRECTION ( 'NONE',  ( -0.0000000000000000000, 0.0000000000000000000, -1.000000000000000000 ) ) ;
#6570 = FACE_OUTER_BOUND ( 'NONE', #3469, .T. ) ;
#6571 = DIRECTION ( 'NONE',  ( -0.0000000000000000000, -0.0000000000000000000, -1.000000000000000000 ) ) ;
#6572 = SURFACE_SIDE_STYLE ('',( #797 ) ) ;
#6573 = FILL_AREA_STYLE_COLOUR ( '', #3784 ) ;
#6574 = AXIS2_PLACEMENT_3D ( 'NONE', #6630, #3232, #7178 ) ;
#6575 = ORIENTED_EDGE ( 'NONE', *, *, #2925, .T. ) ;
#6576 = STYLED_ITEM ( 'NONE', ( #4282 ), #2478 ) ;
#6577 = EDGE_CURVE ( 'NONE', #2574, #2202, #3280, .T. ) ;
#6578 = PLANE ( 'NONE',  #6317 ) ;
#6579 = PLANE ( 'NONE',  #533 ) ;
#6580 = AXIS2_PLACEMENT_3D ( 'NONE', #705, #6857, #2910 ) ;
#6581 = SURFACE_STYLE_FILL_AREA ( #92 ) ;
#6582 = EDGE_LOOP ( 'NONE', ( #490, #6389, #1132, #3896 ) ) ;
#6583 = VECTOR ( 'NONE', #1746, 1000.000000000000000 ) ;
#6584 = SURFACE_STYLE_USAGE ( .BOTH. , #3779 ) ;
#6585 = VECTOR ( 'NONE', #3908, 1000.000000000000000 ) ;
#6586 = EDGE_CURVE ( 'NONE', #1405, #1965, #4807, .T. ) ;
#6587 = ORIENTED_EDGE ( 'NONE', *, *, #3749, .T. ) ;
#6588 = PLANE ( 'NONE',  #4332 ) ;
#6589 = LINE ( 'NONE', #4403, #6406 ) ;
#6590 = PRESENTATION_STYLE_ASSIGNMENT (( #3572 ) ) ;
#6591 = CARTESIAN_POINT ( 'NONE',  ( -28.49999999999998200, -24.00000000000000000, -0.5999999999999999800 ) ) ;
#6592 = PRESENTATION_LAYER_ASSIGNMENT (  '', '', ( #6211 ) ) ;
#6593 = CYLINDRICAL_SURFACE ( 'NONE', #1662, 0.5000000000000004400 ) ;
#6594 = ADVANCED_FACE ( 'NONE', ( #291 ), #6811, .F. ) ;
#6595 = ORIENTED_EDGE ( 'NONE', *, *, #3680, .F. ) ;
#6596 = SURFACE_STYLE_USAGE ( .BOTH. , #3206 ) ;
#6597 = DIRECTION ( 'NONE',  ( 0.0000000000000000000, -1.000000000000000000, 0.0000000000000000000 ) ) ;
#6598 = CARTESIAN_POINT ( 'NONE',  ( 7.000000000000000000, -24.60000000140966100, 3.418952401158941200 ) ) ;
#6599 = VECTOR ( 'NONE', #5190, 1000.000000000000000 ) ;
#6600 =( GEOMETRIC_REPRESENTATION_CONTEXT ( 3 ) GLOBAL_UNCERTAINTY_ASSIGNED_CONTEXT ( ( #3234 ) ) GLOBAL_UNIT_ASSIGNED_CONTEXT ( ( #7070, #4270, #326 ) ) REPRESENTATION_CONTEXT ( 'NONE', 'WORKASPACE' ) );
#6601 = EDGE_CURVE ( 'NONE', #2641, #3043, #107, .T. ) ;
#6602 = DIRECTION ( 'NONE',  ( -1.000000000000000000, 0.0000000000000000000, 0.0000000000000000000 ) ) ;
#6603 = FACE_OUTER_BOUND ( 'NONE', #6582, .T. ) ;
#6604 = STYLED_ITEM ( 'NONE', ( #2181 ), #3297 ) ;
#6605 = LINE ( 'NONE', #4399, #2120 ) ;
#6606 = PRESENTATION_STYLE_ASSIGNMENT (( #1630 ) ) ;
#6607 = VERTEX_POINT ( 'NONE', #3385 ) ;
#6608 = DIRECTION ( 'NONE',  ( -0.0000000000000000000, -0.0000000000000000000, 1.000000000000000000 ) ) ;
#6609 = CARTESIAN_POINT ( 'NONE',  ( -38.89999999999999100, -18.50000000000001100, 3.799999999999999800 ) ) ;
#6610 = CARTESIAN_POINT ( 'NONE',  ( 32.09999999999998700, 26.00000000000000400, 1.899999999999999900 ) ) ;
#6611 = SURFACE_SIDE_STYLE ('',( #1477 ) ) ;
#6612 = LINE ( 'NONE', #56, #5125 ) ;
#6613 = EDGE_LOOP ( 'NONE', ( #6546, #5643, #5728, #4717 ) ) ;
#6614 = LINE ( 'NONE', #5221, #5128 ) ;
#6615 = CARTESIAN_POINT ( 'NONE',  ( 7.000000000000000000, -26.68879453581675100, -0.9321807787591008800 ) ) ;
#6616 = DIRECTION ( 'NONE',  ( -1.000000000000000000, 0.0000000000000000000, 0.0000000000000000000 ) ) ;
#6617 = DIRECTION ( 'NONE',  ( 0.0000000000000000000, 0.0000000000000000000, 1.000000000000000000 ) ) ;
#6618 = MECHANICAL_DESIGN_GEOMETRIC_PRESENTATION_REPRESENTATION (  '', ( #5494 ), #6994 ) ;
#6619 = CARTESIAN_POINT ( 'NONE',  ( -37.50000000000000000, -6.499999999999995600, -0.5999999999999999800 ) ) ;
#6620 = DIRECTION ( 'NONE',  ( -1.000000000000000000, 0.0000000000000000000, 0.0000000000000000000 ) ) ;
#6621 = PRESENTATION_STYLE_ASSIGNMENT (( #4860 ) ) ;
#6622 = EDGE_CURVE ( 'NONE', #4776, #6415, #5909, .T. ) ;
#6623 = LINE ( 'NONE', #3477, #620 ) ;
#6624 = PRESENTATION_STYLE_ASSIGNMENT (( #6521 ) ) ;
#6625 = STYLED_ITEM ( 'NONE', ( #2190 ), #1985 ) ;
#6626 = ORIENTED_EDGE ( 'NONE', *, *, #6664, .T. ) ;
#6627 = VECTOR ( 'NONE', #6597, 1000.000000000000000 ) ;
#6628 = CARTESIAN_POINT ( 'NONE',  ( -19.93499999999998800, -28.19999999999999900, 0.2000000000000000900 ) ) ;
#6629 =( NAMED_UNIT ( * ) SI_UNIT ( $, .STERADIAN. ) SOLID_ANGLE_UNIT ( ) );
#6630 = CARTESIAN_POINT ( 'NONE',  ( 19.67999999999998900, -28.19999999999999900, -13.29999999999999900 ) ) ;
#6631 = FACE_OUTER_BOUND ( 'NONE', #633, .T. ) ;
#6632 = DIRECTION ( 'NONE',  ( 0.0000000000000000000, 1.000000000000000000, 0.0000000000000000000 ) ) ;
#6633 = EDGE_CURVE ( 'NONE', #469, #927, #4639, .T. ) ;
#6634 = EDGE_LOOP ( 'NONE', ( #3755, #7293, #4414, #5032 ) ) ;
#6635 = CARTESIAN_POINT ( 'NONE',  ( 38.99999999999998600, -4.999999999999984000, -0.5999999999999999800 ) ) ;
#6636 = ADVANCED_FACE ( 'NONE', ( #4262 ), #6837, .F. ) ;
#6637 = DIRECTION ( 'NONE',  ( -1.000000000000000000, 0.0000000000000000000, 0.0000000000000000000 ) ) ;
#6638 = DIRECTION ( 'NONE',  ( 0.0000000000000000000, 1.000000000000000000, 0.0000000000000000000 ) ) ;
#6639 = VERTEX_POINT ( 'NONE', #1773 ) ;
#6640 = SURFACE_STYLE_FILL_AREA ( #4175 ) ;
#6641 = CYLINDRICAL_SURFACE ( 'NONE', #4499, 0.2549999999999982800 ) ;
#6642 = VERTEX_POINT ( 'NONE', #3486 ) ;
#6643 = UNCERTAINTY_MEASURE_WITH_UNIT (LENGTH_MEASURE( 1.000000000000000100E-005 ), #836, 'distance_accuracy_value', 'NONE');
#6644 = AXIS2_PLACEMENT_3D ( 'NONE', #5639, #4516, #2804 ) ;
#6645 = ORIENTED_EDGE ( 'NONE', *, *, #7268, .T. ) ;
#6646 = CIRCLE ( 'NONE', #3175, 1.000000000000000900 ) ;
#6647 =( NAMED_UNIT ( * ) PLANE_ANGLE_UNIT ( ) SI_UNIT ( $, .RADIAN. ) );
#6648 = CARTESIAN_POINT ( 'NONE',  ( -14.00000000000000000, -26.99999999999998900, -0.5999999999999999800 ) ) ;
#6649 =( NAMED_UNIT ( * ) PLANE_ANGLE_UNIT ( ) SI_UNIT ( $, .RADIAN. ) );
#6650 = ORIENTED_EDGE ( 'NONE', *, *, #6909, .F. ) ;
#6651 =( GEOMETRIC_REPRESENTATION_CONTEXT ( 3 ) GLOBAL_UNCERTAINTY_ASSIGNED_CONTEXT ( ( #6873 ) ) GLOBAL_UNIT_ASSIGNED_CONTEXT ( ( #2027, #1426, #2810 ) ) REPRESENTATION_CONTEXT ( 'NONE', 'WORKASPACE' ) );
#6652 = ORIENTED_EDGE ( 'NONE', *, *, #1574, .F. ) ;
#6653 = FILL_AREA_STYLE_COLOUR ( '', #3370 ) ;
#6654 = DIRECTION ( 'NONE',  ( -0.0000000000000000000, -0.0000000000000000000, -1.000000000000000000 ) ) ;
#6655 = DIRECTION ( 'NONE',  ( -0.0000000000000000000, -1.000000000000000000, -0.0000000000000000000 ) ) ;
#6656 = EDGE_LOOP ( 'NONE', ( #4059, #784, #2868, #2980 ) ) ;
#6657 = SURFACE_STYLE_USAGE ( .BOTH. , #3235 ) ;
#6658 = AXIS2_PLACEMENT_3D ( 'NONE', #4857, #5426, #524 ) ;
#6659 = ORIENTED_EDGE ( 'NONE', *, *, #6356, .T. ) ;
#6660 = DIRECTION ( 'NONE',  ( 4.336808689942017700E-016, 1.000000000000000000, 0.0000000000000000000 ) ) ;
#6661 = MECHANICAL_DESIGN_GEOMETRIC_PRESENTATION_REPRESENTATION (  '', ( #5528 ), #7032 ) ;
#6662 = UNCERTAINTY_MEASURE_WITH_UNIT (LENGTH_MEASURE( 1.000000000000000100E-005 ), #2794, 'distance_accuracy_value', 'NONE');
#6663 = FILL_AREA_STYLE_COLOUR ( '', #4284 ) ;
#6664 = EDGE_CURVE ( 'NONE', #6060, #217, #3728, .T. ) ;
#6665 = DIRECTION ( 'NONE',  ( 1.000000000000000000, -0.0000000000000000000, -0.0000000000000000000 ) ) ;
#6666 = CARTESIAN_POINT ( 'NONE',  ( 38.99999999999997200, 23.20000000000000600, -0.6500000000000000200 ) ) ;
#6667 = LINE ( 'NONE', #4194, #6306 ) ;
#6668 = DIRECTION ( 'NONE',  ( -0.0000000000000000000, -0.0000000000000000000, -1.000000000000000000 ) ) ;
#6669 = EDGE_CURVE ( 'NONE', #3967, #3152, #893, .T. ) ;
#6670 = ADVANCED_FACE ( 'NONE', ( #5056, #2232 ), #2378, .F. ) ;
#6671 = CARTESIAN_POINT ( 'NONE',  ( -6.999999999999994700, -24.66178007831438600, -1.323920199351380300 ) ) ;
#6672 = CARTESIAN_POINT ( 'NONE',  ( 39.99999999999998600, 16.20000000000000600, -2.149999999999999900 ) ) ;
#6673 = ORIENTED_EDGE ( 'NONE', *, *, #2995, .F. ) ;
#6674 = CARTESIAN_POINT ( 'NONE',  ( 39.99999999999997900, -19.55000000000000800, 4.850000000000000500 ) ) ;
#6675 = PLANE ( 'NONE',  #7202 ) ;
#6676 = CARTESIAN_POINT ( 'NONE',  ( 35.79999999999999700, -30.00000000000000000, -0.0000000000000000000 ) ) ;
#6677 = SURFACE_SIDE_STYLE ('',( #2543 ) ) ;
#6678 = VECTOR ( 'NONE', #6862, 1000.000000000000000 ) ;
#6679 = AXIS2_PLACEMENT_3D ( 'NONE', #2734, #1021, #4955 ) ;
#6680 = VECTOR ( 'NONE', #248, 1000.000000000000000 ) ;
#6681 = FILL_AREA_STYLE_COLOUR ( '', #1963 ) ;
#6682 = DIRECTION ( 'NONE',  ( -0.0000000000000000000, 1.000000000000000000, -0.0000000000000000000 ) ) ;
#6683 = ORIENTED_EDGE ( 'NONE', *, *, #7008, .F. ) ;
#6684 = AXIS2_PLACEMENT_3D ( 'NONE', #5310, #3359, #2796 ) ;
#6685 = FACE_OUTER_BOUND ( 'NONE', #1044, .T. ) ;
#6686 = CARTESIAN_POINT ( 'NONE',  ( 0.0000000000000000000, 0.0000000000000000000, -0.5999999999999999800 ) ) ;
#6687 = CARTESIAN_POINT ( 'NONE',  ( 38.89999999999996300, -18.50000000000001100, 4.599999999999999600 ) ) ;
#6688 = VECTOR ( 'NONE', #5406, 1000.000000000000000 ) ;
#6689 = CIRCLE ( 'NONE', #2664, 0.2549999999999982800 ) ;
#6690 = SURFACE_SIDE_STYLE ('',( #2599 ) ) ;
#6691 = DIRECTION ( 'NONE',  ( -0.0000000000000000000, -0.0000000000000000000, 1.000000000000000000 ) ) ;
#6692 =( NAMED_UNIT ( * ) SI_UNIT ( $, .STERADIAN. ) SOLID_ANGLE_UNIT ( ) );
#6693 = EDGE_LOOP ( 'NONE', ( #5230, #5386, #866, #2709 ) ) ;
#6694 = COLOUR_RGB ( '',0.7921568627450980000, 0.8196078431372548800, 0.9333333333333333500 ) ;
#6695 = COLOUR_RGB ( '',1.000000000000000000, 1.000000000000000000, 1.000000000000000000 ) ;
#6696 = PLANE ( 'NONE',  #5400 ) ;
#6697 = ORIENTED_EDGE ( 'NONE', *, *, #1244, .F. ) ;
#6698 = VECTOR ( 'NONE', #1579, 1000.000000000000000 ) ;
#6699 = DIRECTION ( 'NONE',  ( 0.0000000000000000000, 0.0000000000000000000, -1.000000000000000000 ) ) ;
#6700 = CARTESIAN_POINT ( 'NONE',  ( -22.21999999999998800, -28.19999999999999600, -13.29999999999999900 ) ) ;
#6701 = EDGE_CURVE ( 'NONE', #4923, #481, #5997, .T. ) ;
#6702 = FACE_OUTER_BOUND ( 'NONE', #6545, .T. ) ;
#6703 = ORIENTED_EDGE ( 'NONE', *, *, #3290, .T. ) ;
#6704 = CARTESIAN_POINT ( 'NONE',  ( -36.10000000000003000, -24.17999999999997100, -0.5999999999999999800 ) ) ;
#6705 = DIRECTION ( 'NONE',  ( -0.0000000000000000000, -0.0000000000000000000, 1.000000000000000000 ) ) ;
#6706 =( GEOMETRIC_REPRESENTATION_CONTEXT ( 3 ) GLOBAL_UNCERTAINTY_ASSIGNED_CONTEXT ( ( #5872 ) ) GLOBAL_UNIT_ASSIGNED_CONTEXT ( ( #4275, #1792, #6859 ) ) REPRESENTATION_CONTEXT ( 'NONE', 'WORKASPACE' ) );
#6707 = EDGE_CURVE ( 'NONE', #5960, #4384, #3016, .T. ) ;
#6708 = VECTOR ( 'NONE', #4328, 1000.000000000000000 ) ;
#6709 = CARTESIAN_POINT ( 'NONE',  ( 38.99999999999998600, -4.999999999999984000, -0.0000000000000000000 ) ) ;
#6710 = CARTESIAN_POINT ( 'NONE',  ( 27.29999999999999000, -28.19999999999999600, -13.29999999999999900 ) ) ;
#6711 = ADVANCED_FACE ( 'NONE', ( #4535 ), #4114, .T. ) ;
#6712 = DIRECTION ( 'NONE',  ( 1.000000000000000000, 0.0000000000000000000, 0.0000000000000000000 ) ) ;
#6713 = SURFACE_STYLE_FILL_AREA ( #1696 ) ;
#6714 = CARTESIAN_POINT ( 'NONE',  ( 20.00000000000000400, -11.00000000000000400, -0.7999999999999999300 ) ) ;
#6715 = MECHANICAL_DESIGN_GEOMETRIC_PRESENTATION_REPRESENTATION (  '', ( #5589 ), #7084 ) ;
#6716 = CARTESIAN_POINT ( 'NONE',  ( 7.000000000000000000, -24.59999999999999800, 3.523828854549350800 ) ) ;
#6717 = DIRECTION ( 'NONE',  ( 0.0000000000000000000, 1.000000000000000000, 0.0000000000000000000 ) ) ;
#6718 = ORIENTED_EDGE ( 'NONE', *, *, #843, .T. ) ;
#6719 = EDGE_CURVE ( 'NONE', #3902, #4140, #4355, .T. ) ;
#6720 = CARTESIAN_POINT ( 'NONE',  ( -39.00000000000000000, 27.00000000000000400, -2.149999999999999900 ) ) ;
#6721 = VECTOR ( 'NONE', #4869, 1000.000000000000000 ) ;
#6722 =( GEOMETRIC_REPRESENTATION_CONTEXT ( 3 ) GLOBAL_UNCERTAINTY_ASSIGNED_CONTEXT ( ( #4390 ) ) GLOBAL_UNIT_ASSIGNED_CONTEXT ( ( #2130, #6041, #2684 ) ) REPRESENTATION_CONTEXT ( 'NONE', 'WORKASPACE' ) );
#6723 = PLANE ( 'NONE',  #2045 ) ;
#6724 = CARTESIAN_POINT ( 'NONE',  ( 35.79999999999999700, -30.00000000000000000, -0.5999999999999999800 ) ) ;
#6725 = EDGE_CURVE ( 'NONE', #5825, #5324, #2849, .T. ) ;
#6726 = EDGE_LOOP ( 'NONE', ( #2937, #4062, #5937, #6803, #1001, #1401, #5164, #7034 ) ) ;
#6727 = AXIS2_PLACEMENT_3D ( 'NONE', #4724, #747, #4150 ) ;
#6728 = SURFACE_STYLE_FILL_AREA ( #6311 ) ;
#6729 = DIRECTION ( 'NONE',  ( 1.000000000000000000, 0.0000000000000000000, 0.0000000000000000000 ) ) ;
#6730 = EDGE_LOOP ( 'NONE', ( #345, #5491 ) ) ;
#6731 = DIRECTION ( 'NONE',  ( 1.000000000000000000, 8.673617379884027600E-016, 0.0000000000000000000 ) ) ;
#6732 = UNCERTAINTY_MEASURE_WITH_UNIT (LENGTH_MEASURE( 1.000000000000000100E-005 ), #5587, 'distance_accuracy_value', 'NONE');
#6733 = CARTESIAN_POINT ( 'NONE',  ( -35.80000000000002600, -24.47999999999997900, 0.0000000000000000000 ) ) ;
#6734 = ORIENTED_EDGE ( 'NONE', *, *, #3187, .T. ) ;
#6735 = VECTOR ( 'NONE', #5575, 1000.000000000000000 ) ;
#6736 = MECHANICAL_DESIGN_GEOMETRIC_PRESENTATION_REPRESENTATION (  '', ( #5955 ), #7107 ) ;
#6737 = DIRECTION ( 'NONE',  ( 0.0000000000000000000, 0.0000000000000000000, -1.000000000000000000 ) ) ;
#6738 = EDGE_LOOP ( 'NONE', ( #1722, #4680, #3014, #3167, #729, #6316 ) ) ;
#6739 = ORIENTED_EDGE ( 'NONE', *, *, #1244, .T. ) ;
#6740 = DIRECTION ( 'NONE',  ( -1.000000000000000000, 0.0000000000000000000, -0.0000000000000000000 ) ) ;
#6741 = STYLED_ITEM ( 'NONE', ( #2639 ), #1087 ) ;
#6742 = ADVANCED_FACE ( 'NONE', ( #1341 ), #6935, .F. ) ;
#6743 = EDGE_CURVE ( 'NONE', #5377, #469, #2665, .T. ) ;
#6744 = EDGE_CURVE ( 'NONE', #240, #4923, #4173, .T. ) ;
#6745 = SURFACE_SIDE_STYLE ('',( #2682 ) ) ;
#6746 = VECTOR ( 'NONE', #4435, 1000.000000000000000 ) ;
#6747 = AXIS2_PLACEMENT_3D ( 'NONE', #6945, #748, #4729 ) ;
#6748 = DIRECTION ( 'NONE',  ( 0.0000000000000000000, 1.000000000000000000, 0.0000000000000000000 ) ) ;
#6749 = ORIENTED_EDGE ( 'NONE', *, *, #1015, .T. ) ;
#6750 = SURFACE_STYLE_USAGE ( .BOTH. , #2815 ) ;
#6751 = DIRECTION ( 'NONE',  ( -0.0000000000000000000, -0.0000000000000000000, 1.000000000000000000 ) ) ;
#6752 = CARTESIAN_POINT ( 'NONE',  ( -39.00000000000000000, 27.00000000000000400, -2.149999999999999900 ) ) ;
#6753 = STYLED_ITEM ( 'NONE', ( #7069 ), #4340 ) ;
#6754 = PRESENTATION_STYLE_ASSIGNMENT (( #6657 ) ) ;
#6755 = ORIENTED_EDGE ( 'NONE', *, *, #1140, .T. ) ;
#6756 = ORIENTED_EDGE ( 'NONE', *, *, #6864, .T. ) ;
#6757 =( NAMED_UNIT ( * ) SI_UNIT ( $, .STERADIAN. ) SOLID_ANGLE_UNIT ( ) );
#6758 = DIRECTION ( 'NONE',  ( -0.0000000000000000000, -0.0000000000000000000, -1.000000000000000000 ) ) ;
#6759 = CARTESIAN_POINT ( 'NONE',  ( -39.00000000000000700, -3.999999999999992500, 4.850000000000000500 ) ) ;
#6760 = DIRECTION ( 'NONE',  ( 0.0000000000000000000, 2.312964634635744600E-015, 1.000000000000000000 ) ) ;
#6761 = ORIENTED_EDGE ( 'NONE', *, *, #1953, .F. ) ;
#6762 = SURFACE_STYLE_FILL_AREA ( #623 ) ;
#6763 = EDGE_LOOP ( 'NONE', ( #3312, #4548, #6489, #6380 ) ) ;
#6764 = PLANE ( 'NONE',  #888 ) ;
#6765 = CIRCLE ( 'NONE', #6574, 0.2549999999999982800 ) ;
#6766 = CIRCLE ( 'NONE', #6727, 2.500000000000002200 ) ;
#6767 = PRESENTATION_STYLE_ASSIGNMENT (( #2089 ) ) ;
#6768 = CIRCLE ( 'NONE', #133, 0.2549999999999982800 ) ;
#6769 = VECTOR ( 'NONE', #2950, 1000.000000000000000 ) ;
#6770 = EDGE_LOOP ( 'NONE', ( #6271, #1633, #7262, #2406 ) ) ;
#6771 =( LENGTH_UNIT ( ) NAMED_UNIT ( * ) SI_UNIT ( .MILLI., .METRE. ) );
#6772 = ADVANCED_FACE ( 'NONE', ( #5503 ), #4711, .T. ) ;
#6773 = FILL_AREA_STYLE ('',( #3826 ) ) ;
#6774 = EDGE_LOOP ( 'NONE', ( #4445, #4267, #3310, #6111 ) ) ;
#6775 = ADVANCED_FACE ( 'NONE', ( #1175 ), #6379, .F. ) ;
#6776 = VECTOR ( 'NONE', #94, 1000.000000000000000 ) ;
#6777 =( GEOMETRIC_REPRESENTATION_CONTEXT ( 3 ) GLOBAL_UNCERTAINTY_ASSIGNED_CONTEXT ( ( #195 ) ) GLOBAL_UNIT_ASSIGNED_CONTEXT ( ( #1055, #3864, #5544 ) ) REPRESENTATION_CONTEXT ( 'NONE', 'WORKASPACE' ) );
#6778 = ORIENTED_EDGE ( 'NONE', *, *, #7218, .F. ) ;
#6779 = PRESENTATION_STYLE_ASSIGNMENT (( #5994 ) ) ;
#6780 = UNCERTAINTY_MEASURE_WITH_UNIT (LENGTH_MEASURE( 1.000000000000000100E-005 ), #4681, 'distance_accuracy_value', 'NONE');
#6781 = FILL_AREA_STYLE ('',( #6351 ) ) ;
#6782 = VECTOR ( 'NONE', #4448, 1000.000000000000000 ) ;
#6783 = FACE_OUTER_BOUND ( 'NONE', #2907, .T. ) ;
#6784 = ORIENTED_EDGE ( 'NONE', *, *, #2647, .F. ) ;
#6785 = ORIENTED_EDGE ( 'NONE', *, *, #1679, .F. ) ;
#6786 = CARTESIAN_POINT ( 'NONE',  ( -38.50000000000000700, 17.20000000000001000, -3.850000000000000500 ) ) ;
#6787 = CARTESIAN_POINT ( 'NONE',  ( -7.000000000000000000, -22.90724480078917200, -0.7999999999999999300 ) ) ;
#6788 = CARTESIAN_POINT ( 'NONE',  ( 28.49999999999998200, -24.00000000000000000, -0.7999999999999999300 ) ) ;
#6789 = AXIS2_PLACEMENT_3D ( 'NONE', #1169, #6737, #41 ) ;
#6790 = DIRECTION ( 'NONE',  ( -1.000000000000000000, 0.0000000000000000000, 0.0000000000000000000 ) ) ;
#6791 = PRESENTATION_STYLE_ASSIGNMENT (( #4831 ) ) ;
#6792 = VECTOR ( 'NONE', #3220, 1000.000000000000000 ) ;
#6793 = EDGE_CURVE ( 'NONE', #3839, #6006, #3994, .T. ) ;
#6794 = VECTOR ( 'NONE', #6295, 1000.000000000000000 ) ;
#6795 = ORIENTED_EDGE ( 'NONE', *, *, #2925, .F. ) ;
#6796 = DIRECTION ( 'NONE',  ( -0.0000000000000000000, -0.0000000000000000000, 1.000000000000000000 ) ) ;
#6797 = LINE ( 'NONE', #3814, #2473 ) ;
#6798 = CARTESIAN_POINT ( 'NONE',  ( -7.000000000000003600, -22.99903944779378400, 3.889229275614119400 ) ) ;
#6799 =( NAMED_UNIT ( * ) PLANE_ANGLE_UNIT ( ) SI_UNIT ( $, .RADIAN. ) );
#6800 = AXIS2_PLACEMENT_3D ( 'NONE', #6464, #2519, #5884 ) ;
#6801 = FACE_OUTER_BOUND ( 'NONE', #2992, .T. ) ;
#6802 = AXIS2_PLACEMENT_3D ( 'NONE', #4043, #4658, #612 ) ;
#6803 = ORIENTED_EDGE ( 'NONE', *, *, #5828, .F. ) ;
#6804 =( LENGTH_UNIT ( ) NAMED_UNIT ( * ) SI_UNIT ( .MILLI., .METRE. ) );
#6805 = FILL_AREA_STYLE_COLOUR ( '', #79 ) ;
#6806 = CARTESIAN_POINT ( 'NONE',  ( 39.99999999999998600, -26.99999999999999600, 4.850000000000000500 ) ) ;
#6807 = SURFACE_SIDE_STYLE ('',( #6048 ) ) ;
#6808 = ORIENTED_EDGE ( 'NONE', *, *, #489, .F. ) ;
#6809 = EDGE_CURVE ( 'NONE', #2896, #6922, #987, .T. ) ;
#6810 = CARTESIAN_POINT ( 'NONE',  ( -40.00000000000000700, 12.00000000000000400, 1.899999999999999900 ) ) ;
#6811 = PLANE ( 'NONE',  #1794 ) ;
#6812 = DIRECTION ( 'NONE',  ( -1.000000000000000000, 0.0000000000000000000, 0.0000000000000000000 ) ) ;
#6813 = FACE_OUTER_BOUND ( 'NONE', #4851, .T. ) ;
#6814 = ORIENTED_EDGE ( 'NONE', *, *, #471, .T. ) ;
#6815 = ADVANCED_FACE ( 'NONE', ( #6813, #5667, #3813, #2322 ), #6402, .F. ) ;
#6816 = VECTOR ( 'NONE', #4303, 1000.000000000000000 ) ;
#6817 = STYLED_ITEM ( 'NONE', ( #5479 ), #1530 ) ;
#6818 = SURFACE_STYLE_USAGE ( .BOTH. , #1874 ) ;
#6819 = PLANE ( 'NONE',  #3597 ) ;
#6820 = CARTESIAN_POINT ( 'NONE',  ( 32.09999999999998700, 26.00000000000000400, 4.850000000000000500 ) ) ;
#6821 = LINE ( 'NONE', #4512, #3824 ) ;
#6822 = DIRECTION ( 'NONE',  ( 0.0000000000000000000, 0.0000000000000000000, -1.000000000000000000 ) ) ;
#6823 = VERTEX_POINT ( 'NONE', #3609 ) ;
#6824 = ORIENTED_EDGE ( 'NONE', *, *, #3960, .T. ) ;
#6825 = FACE_OUTER_BOUND ( 'NONE', #3966, .T. ) ;
#6826 = CARTESIAN_POINT ( 'NONE',  ( -39.30000000000000400, -25.99999999999998600, -2.649999999999999500 ) ) ;
#6827 = CARTESIAN_POINT ( 'NONE',  ( -24.75999999999999100, -28.19999999999999600, 0.2000000000000000900 ) ) ;
#6828 = FILL_AREA_STYLE_COLOUR ( '', #6948 ) ;
#6829 = CARTESIAN_POINT ( 'NONE',  ( -19.99999999999999600, -10.99999999999999600, -0.7999999999999999300 ) ) ;
#6830 = EDGE_CURVE ( 'NONE', #7303, #7212, #283, .T. ) ;
#6831 = COLOUR_RGB ( '',0.0000000000000000000, 0.7529411764705882200, 0.0000000000000000000 ) ;
#6832 = PLANE ( 'NONE',  #683 ) ;
#6833 =( GEOMETRIC_REPRESENTATION_CONTEXT ( 3 ) GLOBAL_UNCERTAINTY_ASSIGNED_CONTEXT ( ( #756 ) ) GLOBAL_UNIT_ASSIGNED_CONTEXT ( ( #1143, #5092, #1723 ) ) REPRESENTATION_CONTEXT ( 'NONE', 'WORKASPACE' ) );
#6834 = CARTESIAN_POINT ( 'NONE',  ( -50.00000000000000700, 23.20000000000001700, -0.6500000000000000200 ) ) ;
#6835 = FILL_AREA_STYLE_COLOUR ( '', #4962 ) ;
#6836 = VERTEX_POINT ( 'NONE', #241 ) ;
#6837 = PLANE ( 'NONE',  #4053 ) ;
#6838 =( LENGTH_UNIT ( ) NAMED_UNIT ( * ) SI_UNIT ( .MILLI., .METRE. ) );
#6839 = COLOUR_RGB ( '',1.000000000000000000, 1.000000000000000000, 1.000000000000000000 ) ;
#6840 = STYLED_ITEM ( 'NONE', ( #1069 ), #709 ) ;
#6841 = EDGE_CURVE ( 'NONE', #3077, #2695, #4630, .T. ) ;
#6842 = SURFACE_STYLE_USAGE ( .BOTH. , #7100 ) ;
#6843 = EDGE_CURVE ( 'NONE', #1819, #4599, #1611, .T. ) ;
#6844 =( GEOMETRIC_REPRESENTATION_CONTEXT ( 3 ) GLOBAL_UNCERTAINTY_ASSIGNED_CONTEXT ( ( #2771 ) ) GLOBAL_UNIT_ASSIGNED_CONTEXT ( ( #3757, #2507, #6468 ) ) REPRESENTATION_CONTEXT ( 'NONE', 'WORKASPACE' ) );
#6845 = AXIS2_PLACEMENT_3D ( 'NONE', #4385, #442, #2703 ) ;
#6846 = EDGE_CURVE ( 'NONE', #2926, #6302, #5904, .T. ) ;
#6847 = CARTESIAN_POINT ( 'NONE',  ( -32.10000000000000100, 25.99999999999999300, 4.850000000000000500 ) ) ;
#6848 = CARTESIAN_POINT ( 'NONE',  ( -39.00000000000000000, -24.37999999999999200, -2.149999999999999900 ) ) ;
#6849 = PRESENTATION_LAYER_ASSIGNMENT (  '', '', ( #3449 ) ) ;
#6850 = FACE_OUTER_BOUND ( 'NONE', #4041, .T. ) ;
#6851 = VERTEX_POINT ( 'NONE', #3656 ) ;
#6852 = SURFACE_SIDE_STYLE ('',( #6581 ) ) ;
#6853 = DIRECTION ( 'NONE',  ( 0.0000000000000000000, -1.000000000000000000, 0.0000000000000000000 ) ) ;
#6854 = LINE ( 'NONE', #5172, #2524 ) ;
#6855 = ADVANCED_FACE ( 'NONE', ( #1428 ), #5753, .T. ) ;
#6856 = SURFACE_SIDE_STYLE ('',( #5282 ) ) ;
#6857 = DIRECTION ( 'NONE',  ( 4.459443382973798400E-017, 1.000000000000000000, -0.0000000000000000000 ) ) ;
#6858 = ORIENTED_EDGE ( 'NONE', *, *, #5338, .F. ) ;
#6859 =( NAMED_UNIT ( * ) SI_UNIT ( $, .STERADIAN. ) SOLID_ANGLE_UNIT ( ) );
#6860 = PRESENTATION_LAYER_ASSIGNMENT (  '', '', ( #6086 ) ) ;
#6861 = VECTOR ( 'NONE', #656, 1000.000000000000000 ) ;
#6862 = DIRECTION ( 'NONE',  ( -0.0000000000000000000, 1.000000000000000000, -0.0000000000000000000 ) ) ;
#6863 = ORIENTED_EDGE ( 'NONE', *, *, #2439, .T. ) ;
#6864 = EDGE_CURVE ( 'NONE', #2522, #5075, #4432, .T. ) ;
#6865 = VECTOR ( 'NONE', #1377, 1000.000000000000000 ) ;
#6866 = COLOUR_RGB ( '',0.7921568627450980000, 0.8196078431372548800, 0.9333333333333333500 ) ;
#6867 = FILL_AREA_STYLE_COLOUR ( '', #6542 ) ;
#6868 =( NAMED_UNIT ( * ) PLANE_ANGLE_UNIT ( ) SI_UNIT ( $, .RADIAN. ) );
#6869 = EDGE_CURVE ( 'NONE', #3195, #657, #7233, .T. ) ;
#6870 = AXIS2_PLACEMENT_3D ( 'NONE', #1342, #5296, #202 ) ;
#6871 =( LENGTH_UNIT ( ) NAMED_UNIT ( * ) SI_UNIT ( .MILLI., .METRE. ) );
#6872 = DIRECTION ( 'NONE',  ( -1.000000000000000000, -0.0000000000000000000, -0.0000000000000000000 ) ) ;
#6873 = UNCERTAINTY_MEASURE_WITH_UNIT (LENGTH_MEASURE( 1.000000000000000100E-005 ), #2027, 'distance_accuracy_value', 'NONE');
#6874 = LINE ( 'NONE', #1134, #856 ) ;
#6875 = AXIS2_PLACEMENT_3D ( 'NONE', #6496, #2557, #2024 ) ;
#6876 = SURFACE_STYLE_USAGE ( .BOTH. , #4716 ) ;
#6877 = LINE ( 'NONE', #35, #4047 ) ;
#6878 = DIRECTION ( 'NONE',  ( -0.0000000000000000000, -0.0000000000000000000, 1.000000000000000000 ) ) ;
#6879 = LINE ( 'NONE', #4945, #861 ) ;
#6880 = ORIENTED_EDGE ( 'NONE', *, *, #321, .T. ) ;
#6881 = DIRECTION ( 'NONE',  ( 0.0000000000000000000, 0.0000000000000000000, -1.000000000000000000 ) ) ;
#6882 = ORIENTED_EDGE ( 'NONE', *, *, #6208, .T. ) ;
#6883 = ORIENTED_EDGE ( 'NONE', *, *, #2510, .F. ) ;
#6884 = VECTOR ( 'NONE', #2493, 1000.000000000000000 ) ;
#6885 = CIRCLE ( 'NONE', #3086, 0.2549999999999982800 ) ;
#6886 = CYLINDRICAL_SURFACE ( 'NONE', #3293, 1.000000000000000900 ) ;
#6887 = CIRCLE ( 'NONE', #6870, 0.2549999999999982800 ) ;
#6888 = ORIENTED_EDGE ( 'NONE', *, *, #6601, .T. ) ;
#6889 = PRESENTATION_LAYER_ASSIGNMENT (  '', '', ( #6114 ) ) ;
#6890 = CARTESIAN_POINT ( 'NONE',  ( -39.00000000000000700, 12.00000000000000400, 4.850000000000000500 ) ) ;
#6891 = DIRECTION ( 'NONE',  ( -5.028183988338564700E-015, 1.000000000000000000, 0.0000000000000000000 ) ) ;
#6892 = DIRECTION ( 'NONE',  ( -0.0000000000000000000, 0.0000000000000000000, 1.000000000000000000 ) ) ;
#6893 =( GEOMETRIC_REPRESENTATION_CONTEXT ( 3 ) GLOBAL_UNCERTAINTY_ASSIGNED_CONTEXT ( ( #6549 ) ) GLOBAL_UNIT_ASSIGNED_CONTEXT ( ( #549, #375, #2968 ) ) REPRESENTATION_CONTEXT ( 'NONE', 'WORKASPACE' ) );
#6894 = ORIENTED_EDGE ( 'NONE', *, *, #5509, .T. ) ;
#6895 = CARTESIAN_POINT ( 'NONE',  ( -40.00000000000000700, 16.20000000000001700, -0.6500000000000008000 ) ) ;
#6896 = SURFACE_STYLE_FILL_AREA ( #4585 ) ;
#6897 = EDGE_CURVE ( 'NONE', #6030, #7284, #2928, .T. ) ;
#6898 = SURFACE_STYLE_USAGE ( .BOTH. , #2939 ) ;
#6899 = PLANE ( 'NONE',  #3066 ) ;
#6900 = DIRECTION ( 'NONE',  ( 0.0000000000000000000, 0.0000000000000000000, -1.000000000000000000 ) ) ;
#6901 = LINE ( 'NONE', #4224, #2563 ) ;
#6902 =( GEOMETRIC_REPRESENTATION_CONTEXT ( 3 ) GLOBAL_UNCERTAINTY_ASSIGNED_CONTEXT ( ( #3425 ) ) GLOBAL_UNIT_ASSIGNED_CONTEXT ( ( #3416, #6799, #4570 ) ) REPRESENTATION_CONTEXT ( 'NONE', 'WORKASPACE' ) );
#6903 = EDGE_CURVE ( 'NONE', #5972, #5816, #4257, .T. ) ;
#6904 = DIRECTION ( 'NONE',  ( -0.005213693475535442800, -0.9999864086078086300, -0.0000000000000000000 ) ) ;
#6905 = ORIENTED_EDGE ( 'NONE', *, *, #6550, .T. ) ;
#6906 = SURFACE_STYLE_FILL_AREA ( #4272 ) ;
#6907 = SURFACE_SIDE_STYLE ('',( #5098 ) ) ;
#6908 = CARTESIAN_POINT ( 'NONE',  ( -7.000000000000001800, -26.73174244184210800, 2.555991270680096700 ) ) ;
#6909 = EDGE_CURVE ( 'NONE', #5394, #4986, #1262, .T. ) ;
#6910 = VECTOR ( 'NONE', #7054, 1000.000000000000000 ) ;
#6911 = CARTESIAN_POINT ( 'NONE',  ( -40.00000000000000700, 23.45000000000000300, 4.850000000000000500 ) ) ;
#6912 = DIRECTION ( 'NONE',  ( 0.0000000000000000000, 0.0000000000000000000, -1.000000000000000000 ) ) ;
#6913 = DIRECTION ( 'NONE',  ( 1.000000000000000000, 0.0000000000000000000, 0.0000000000000000000 ) ) ;
#6914 = DIRECTION ( 'NONE',  ( 0.0000000000000000000, 0.0000000000000000000, 1.000000000000000000 ) ) ;
#6915 = EDGE_CURVE ( 'NONE', #4081, #433, #2580, .T. ) ;
#6916 = EDGE_LOOP ( 'NONE', ( #6824, #1531, #6462, #1991 ) ) ;
#6917 = VERTEX_POINT ( 'NONE', #2570 ) ;
#6918 = CIRCLE ( 'NONE', #5237, 0.5000000000000004400 ) ;
#6919 = FILL_AREA_STYLE_COLOUR ( '', #2575 ) ;
#6920 = SURFACE_STYLE_FILL_AREA ( #4381 ) ;
#6921 = CARTESIAN_POINT ( 'NONE',  ( 6.999999999999999100, -25.34907461931810200, 3.293677694281123000 ) ) ;
#6922 = VERTEX_POINT ( 'NONE', #328 ) ;
#6923 = SURFACE_SIDE_STYLE ('',( #3832 ) ) ;
#6924 = EDGE_CURVE ( 'NONE', #1257, #1121, #5585, .T. ) ;
#6925 = CARTESIAN_POINT ( 'NONE',  ( -22.21999999999998800, -28.19999999999999600, 0.2000000000000000900 ) ) ;
#6926 = CARTESIAN_POINT ( 'NONE',  ( 7.000000000000000000, -26.63628936894029700, -0.8445710469251209700 ) ) ;
#6927 =( GEOMETRIC_REPRESENTATION_CONTEXT ( 3 ) GLOBAL_UNCERTAINTY_ASSIGNED_CONTEXT ( ( #2508 ) ) GLOBAL_UNIT_ASSIGNED_CONTEXT ( ( #4757, #3231, #6629 ) ) REPRESENTATION_CONTEXT ( 'NONE', 'WORKASPACE' ) );
#6928 = CARTESIAN_POINT ( 'NONE',  ( -32.12499999999998600, -28.19999999999999600, 0.2000000000000000900 ) ) ;
#6929 = VECTOR ( 'NONE', #3288, 1000.000000000000000 ) ;
#6930 = DIRECTION ( 'NONE',  ( 0.0000000000000000000, -0.0000000000000000000, 1.000000000000000000 ) ) ;
#6931 = DIRECTION ( 'NONE',  ( 0.0000000000000000000, 1.000000000000000000, 0.0000000000000000000 ) ) ;
#6932 = ORIENTED_EDGE ( 'NONE', *, *, #100, .T. ) ;
#6933 = DIRECTION ( 'NONE',  ( 1.000000000000000000, 0.0000000000000000000, 0.0000000000000000000 ) ) ;
#6934 = ADVANCED_FACE ( 'NONE', ( #1079 ), #6505, .F. ) ;
#6935 = PLANE ( 'NONE',  #509 ) ;
#6936 = CYLINDRICAL_SURFACE ( 'NONE', #5101, 0.3000000000000016500 ) ;
#6937 = ORIENTED_EDGE ( 'NONE', *, *, #5601, .F. ) ;
#6938 = ORIENTED_EDGE ( 'NONE', *, *, #999, .F. ) ;
#6939 = STYLED_ITEM ( 'NONE', ( #5735 ), #934 ) ;
#6940 = VERTEX_POINT ( 'NONE', #4291 ) ;
#6941 = FACE_OUTER_BOUND ( 'NONE', #5281, .T. ) ;
#6942 = EDGE_CURVE ( 'NONE', #953, #5465, #3900, .T. ) ;
#6943 = APPLICATION_CONTEXT ( 'automotive_design' ) ;
#6944 =( LENGTH_UNIT ( ) NAMED_UNIT ( * ) SI_UNIT ( .MILLI., .METRE. ) );
#6945 = CARTESIAN_POINT ( 'NONE',  ( -39.00000000000000700, 17.20000000000001000, -3.850000000000000500 ) ) ;
#6946 =( NAMED_UNIT ( * ) PLANE_ANGLE_UNIT ( ) SI_UNIT ( $, .RADIAN. ) );
#6947 = CLOSED_SHELL ( 'NONE', ( #5168, #2312, #2100, #4093 ) ) ;
#6948 = COLOUR_RGB ( '',0.0000000000000000000, 0.7529411764705882200, 0.0000000000000000000 ) ;
#6949 = VERTEX_POINT ( 'NONE', #906 ) ;
#6950 = VERTEX_POINT ( 'NONE', #881 ) ;
#6951 = MANIFOLD_SOLID_BREP ( 'Boss-Extrude6', #3564 ) ;
#6952 = DIRECTION ( 'NONE',  ( 0.0000000000000000000, 0.0000000000000000000, 1.000000000000000000 ) ) ;
#6953 = FILL_AREA_STYLE_COLOUR ( '', #605 ) ;
#6954 = MECHANICAL_DESIGN_GEOMETRIC_PRESENTATION_REPRESENTATION (  '', ( #7091 ), #144 ) ;
#6955 = CARTESIAN_POINT ( 'NONE',  ( 7.000000000000000000, -26.73174244184106000, 2.555991270681383700 ) ) ;
#6956 = ORIENTED_EDGE ( 'NONE', *, *, #2877, .F. ) ;
#6957 = AXIS2_PLACEMENT_3D ( 'NONE', #5110, #1735, #5669 ) ;
#6958 = LINE ( 'NONE', #5880, #2463 ) ;
#6959 = ORIENTED_EDGE ( 'NONE', *, *, #518, .T. ) ;
#6960 = EDGE_CURVE ( 'NONE', #4364, #1605, #5232, .T. ) ;
#6961 = CARTESIAN_POINT ( 'NONE',  ( -36.00000000000000700, -27.00000000000000000, -2.149999999999999900 ) ) ;
#6962 = SURFACE_STYLE_USAGE ( .BOTH. , #3590 ) ;
#6963 = PRESENTATION_LAYER_ASSIGNMENT (  '', '', ( #6200 ) ) ;
#6964 = FILL_AREA_STYLE ('',( #1917 ) ) ;
#6965 = DIRECTION ( 'NONE',  ( 0.0000000000000000000, 0.0000000000000000000, -1.000000000000000000 ) ) ;
#6966 = LINE ( 'NONE', #1631, #2466 ) ;
#6967 = LINE ( 'NONE', #4086, #2640 ) ;
#6968 = VERTEX_POINT ( 'NONE', #1478 ) ;
#6969 = EDGE_CURVE ( 'NONE', #935, #3659, #5409, .T. ) ;
#6970 = PRESENTATION_STYLE_ASSIGNMENT (( #4190 ) ) ;
#6971 = CARTESIAN_POINT ( 'NONE',  ( 20.00000000000000000, -18.99999999999999600, -0.5999999999999999800 ) ) ;
#6972 = CARTESIAN_POINT ( 'NONE',  ( -22.47499999999998700, -28.19999999999999600, 0.2000000000000000900 ) ) ;
#6973 = MECHANICAL_DESIGN_GEOMETRIC_PRESENTATION_REPRESENTATION (  '', ( #6211 ), #14 ) ;
#6974 = DIRECTION ( 'NONE',  ( -0.0000000000000000000, 0.0000000000000000000, -1.000000000000000000 ) ) ;
#6975 =( LENGTH_UNIT ( ) NAMED_UNIT ( * ) SI_UNIT ( .MILLI., .METRE. ) );
#6976 = VERTEX_POINT ( 'NONE', #5458 ) ;
#6977 = SURFACE_STYLE_FILL_AREA ( #7289 ) ;
#6978 = STYLED_ITEM ( 'NONE', ( #2990 ), #1418 ) ;
#6979 = EDGE_CURVE ( 'NONE', #2095, #775, #4712, .T. ) ;
#6980 = EDGE_CURVE ( 'NONE', #1180, #2623, #180, .T. ) ;
#6981 = DIRECTION ( 'NONE',  ( 0.0000000000000000000, 0.0000000000000000000, 1.000000000000000000 ) ) ;
#6982 = CARTESIAN_POINT ( 'NONE',  ( 19.93499999999998800, -28.19999999999999900, 0.2000000000000000900 ) ) ;
#6983 = UNCERTAINTY_MEASURE_WITH_UNIT (LENGTH_MEASURE( 1.000000000000000100E-005 ), #732, 'distance_accuracy_value', 'NONE');
#6984 = AXIS2_PLACEMENT_3D ( 'NONE', #795, #4185, #221 ) ;
#6985 = ORIENTED_EDGE ( 'NONE', *, *, #3649, .F. ) ;
#6986 = VECTOR ( 'NONE', #1772, 1000.000000000000000 ) ;
#6987 = CARTESIAN_POINT ( 'NONE',  ( 39.99999999999998600, 16.20000000000000600, -0.6500000000000008000 ) ) ;
#6988 = CARTESIAN_POINT ( 'NONE',  ( 7.000000000000000000, -22.90724480078917200, -0.7999999999999999300 ) ) ;
#6989 = VECTOR ( 'NONE', #2440, 1000.000000000000000 ) ;
#6990 = CARTESIAN_POINT ( 'NONE',  ( -39.00000000000000000, 27.00000000000000400, -2.149999999999999900 ) ) ;
#6991 = ORIENTED_EDGE ( 'NONE', *, *, #6208, .F. ) ;
#6992 = ORIENTED_EDGE ( 'NONE', *, *, #1313, .T. ) ;
#6993 = LINE ( 'NONE', #6537, #2668 ) ;
#6994 =( GEOMETRIC_REPRESENTATION_CONTEXT ( 3 ) GLOBAL_UNCERTAINTY_ASSIGNED_CONTEXT ( ( #3258 ) ) GLOBAL_UNIT_ASSIGNED_CONTEXT ( ( #5176, #2069, #864 ) ) REPRESENTATION_CONTEXT ( 'NONE', 'WORKASPACE' ) );
#6995 = CARTESIAN_POINT ( 'NONE',  ( -14.00000000000000000, -26.99999999999998900, -0.5999999999999999800 ) ) ;
#6996 = EDGE_CURVE ( 'NONE', #4140, #1165, #886, .T. ) ;
#6997 = LINE ( 'NONE', #2230, #2495 ) ;
#6998 = CARTESIAN_POINT ( 'NONE',  ( -40.00000000000000700, 17.20000000000001400, -5.350000000000000500 ) ) ;
#6999 = DIRECTION ( 'NONE',  ( -1.000000000000000000, 0.0000000000000000000, -0.0000000000000000000 ) ) ;
#7000 =( NAMED_UNIT ( * ) SI_UNIT ( $, .STERADIAN. ) SOLID_ANGLE_UNIT ( ) );
#7001 = ORIENTED_EDGE ( 'NONE', *, *, #2455, .F. ) ;
#7002 = DIRECTION ( 'NONE',  ( -0.0000000000000000000, -0.0000000000000000000, 1.000000000000000000 ) ) ;
#7003 = ORIENTED_EDGE ( 'NONE', *, *, #7094, .F. ) ;
#7004 = PRESENTATION_LAYER_ASSIGNMENT (  '', '', ( #6625 ) ) ;
#7005 = DIRECTION ( 'NONE',  ( 0.0000000000000000000, -0.0000000000000000000, 1.000000000000000000 ) ) ;
#7006 = CARTESIAN_POINT ( 'NONE',  ( -39.00000000000000000, 22.20000000000001000, -2.149999999999999900 ) ) ;
#7007 =( NAMED_UNIT ( * ) SI_UNIT ( $, .STERADIAN. ) SOLID_ANGLE_UNIT ( ) );
#7008 = EDGE_CURVE ( 'NONE', #3373, #6247, #3011, .T. ) ;
#7009 = CIRCLE ( 'NONE', #3623, 0.2549999999999982800 ) ;
#7010 = PRESENTATION_STYLE_ASSIGNMENT (( #4542 ) ) ;
#7011 = FILL_AREA_STYLE_COLOUR ( '', #2698 ) ;
#7012 = CARTESIAN_POINT ( 'NONE',  ( 16.00000000000000000, -24.00000000000000000, -0.5999999999999999800 ) ) ;
#7013 = CARTESIAN_POINT ( 'NONE',  ( -39.00000000000000700, -3.999999999999992500, 4.850000000000000500 ) ) ;
#7014 = DIRECTION ( 'NONE',  ( -5.028183988338563900E-015, 1.000000000000000000, 0.0000000000000000000 ) ) ;
#7015 = SURFACE_STYLE_FILL_AREA ( #2494 ) ;
#7016 = CARTESIAN_POINT ( 'NONE',  ( -35.79999999999999700, -29.99999999999998600, 0.0000000000000000000 ) ) ;
#7017 = PRESENTATION_LAYER_ASSIGNMENT (  '', '', ( #5861 ) ) ;
#7018 = EDGE_LOOP ( 'NONE', ( #4896, #4752, #410, #6189, #2207, #2246 ) ) ;
#7019 = CARTESIAN_POINT ( 'NONE',  ( -40.00000000000000700, 25.99999999999999300, 1.899999999999999900 ) ) ;
#7020 =( NAMED_UNIT ( * ) SI_UNIT ( $, .STERADIAN. ) SOLID_ANGLE_UNIT ( ) );
#7021 = B_SPLINE_CURVE_WITH_KNOTS ( 'NONE', 3,
 ( #6140, #1667, #2823, #5631, #4559 ),
 .UNSPECIFIED., .F., .F.,
 ( 4, 1, 4 ),
 ( 0.1465324380183152300, 0.2500000000000000000, 0.3230701931384078500 ),
 .UNSPECIFIED. ) ;
#7022 = COLOUR_RGB ( '',1.000000000000000000, 1.000000000000000000, 1.000000000000000000 ) ;
#7023 = ORIENTED_EDGE ( 'NONE', *, *, #2342, .T. ) ;
#7024 = FACE_OUTER_BOUND ( 'NONE', #2585, .T. ) ;
#7025 = SURFACE_SIDE_STYLE ('',( #4593 ) ) ;
#7026 = VECTOR ( 'NONE', #2497, 1000.000000000000000 ) ;
#7027 = SURFACE_STYLE_USAGE ( .BOTH. , #2920 ) ;
#7028 = VERTEX_POINT ( 'NONE', #6609 ) ;
#7029 = COLOUR_RGB ( '',0.8039215686274510100, 0.4980392156862745200, 0.1960784313725490200 ) ;
#7030 = LINE ( 'NONE', #4089, #6865 ) ;
#7031 = MECHANICAL_DESIGN_GEOMETRIC_PRESENTATION_REPRESENTATION (  '', ( #4913 ), #7157 ) ;
#7032 =( GEOMETRIC_REPRESENTATION_CONTEXT ( 3 ) GLOBAL_UNCERTAINTY_ASSIGNED_CONTEXT ( ( #1246 ) ) GLOBAL_UNIT_ASSIGNED_CONTEXT ( ( #1552, #5490, #3378 ) ) REPRESENTATION_CONTEXT ( 'NONE', 'WORKASPACE' ) );
#7033 = DIRECTION ( 'NONE',  ( -1.000000000000000000, 0.0000000000000000000, 0.0000000000000000000 ) ) ;
#7034 = ORIENTED_EDGE ( 'NONE', *, *, #2589, .T. ) ;
#7035 = DIRECTION ( 'NONE',  ( -1.000000000000000000, 0.0000000000000000000, 0.0000000000000000000 ) ) ;
#7036 = ORIENTED_EDGE ( 'NONE', *, *, #1105, .T. ) ;
#7037 = UNCERTAINTY_MEASURE_WITH_UNIT (LENGTH_MEASURE( 1.000000000000000100E-005 ), #3367, 'distance_accuracy_value', 'NONE');
#7038 = EDGE_CURVE ( 'NONE', #4771, #1721, #4526, .T. ) ;
#7039 = VECTOR ( 'NONE', #4609, 1000.000000000000000 ) ;
#7040 = ADVANCED_FACE ( 'NONE', ( #1337 ), #6579, .F. ) ;
#7041 = EDGE_LOOP ( 'NONE', ( #4943, #2552 ) ) ;
#7042 = ORIENTED_EDGE ( 'NONE', *, *, #381, .F. ) ;
#7043 = SURFACE_STYLE_FILL_AREA ( #5780 ) ;
#7044 = PRESENTATION_STYLE_ASSIGNMENT (( #3289 ) ) ;
#7045 = VECTOR ( 'NONE', #4254, 1000.000000000000000 ) ;
#7046 = EDGE_CURVE ( 'NONE', #1944, #140, #2315, .T. ) ;
#7047 = ORIENTED_EDGE ( 'NONE', *, *, #2671, .F. ) ;
#7048 = SURFACE_SIDE_STYLE ('',( #3748 ) ) ;
#7049 = FILL_AREA_STYLE_COLOUR ( '', #1663 ) ;
#7050 = ORIENTED_EDGE ( 'NONE', *, *, #6701, .F. ) ;
#7051 = CIRCLE ( 'NONE', #6122, 0.5000000000000004400 ) ;
#7052 = ORIENTED_EDGE ( 'NONE', *, *, #5828, .T. ) ;
#7053 = ORIENTED_EDGE ( 'NONE', *, *, #5964, .F. ) ;
#7054 = DIRECTION ( 'NONE',  ( -1.000000000000000000, -0.0000000000000000000, -0.0000000000000000000 ) ) ;
#7055 = ORIENTED_EDGE ( 'NONE', *, *, #5227, .T. ) ;
#7056 = CYLINDRICAL_SURFACE ( 'NONE', #4013, 0.5000000000000004400 ) ;
#7057 = DIRECTION ( 'NONE',  ( 1.000000000000000000, 0.0000000000000000000, 0.0000000000000000000 ) ) ;
#7058 = COLOUR_RGB ( '',0.7921568627450980000, 0.8196078431372548800, 0.9333333333333333500 ) ;
#7059 = LINE ( 'NONE', #2263, #706 ) ;
#7060 = VERTEX_POINT ( 'NONE', #3800 ) ;
#7061 = LINE ( 'NONE', #5534, #4082 ) ;
#7062 = CARTESIAN_POINT ( 'NONE',  ( -38.90000000000002700, -24.17999999999997100, 0.0000000000000000000 ) ) ;
#7063 = CARTESIAN_POINT ( 'NONE',  ( -19.67999999999998900, -28.19999999999999900, 0.2000000000000000900 ) ) ;
#7064 = AXIS2_PLACEMENT_3D ( 'NONE', #6334, #710, #4689 ) ;
#7065 = COLOUR_RGB ( '',0.5019607843137254800, 0.5019607843137254800, 1.000000000000000000 ) ;
#7066 = CARTESIAN_POINT ( 'NONE',  ( -16.00000000000000000, -24.00000000000000000, -0.7999999999999999300 ) ) ;
#7067 = VECTOR ( 'NONE', #303, 1000.000000000000000 ) ;
#7068 = EDGE_CURVE ( 'NONE', #5881, #3967, #5141, .T. ) ;
#7069 = PRESENTATION_STYLE_ASSIGNMENT (( #6291 ) ) ;
#7070 =( LENGTH_UNIT ( ) NAMED_UNIT ( * ) SI_UNIT ( .MILLI., .METRE. ) );
#7071 = STYLED_ITEM ( 'NONE', ( #3361 ), #573 ) ;
#7072 = DIRECTION ( 'NONE',  ( -0.0000000000000000000, 0.0000000000000000000, -1.000000000000000000 ) ) ;
#7073 = ADVANCED_FACE ( 'NONE', ( #6631 ), #4964, .F. ) ;
#7074 = DIRECTION ( 'NONE',  ( 0.0000000000000000000, -2.312964634635744600E-015, -1.000000000000000000 ) ) ;
#7075 = DIRECTION ( 'NONE',  ( -0.0000000000000000000, 0.0000000000000000000, -1.000000000000000000 ) ) ;
#7076 = EDGE_CURVE ( 'NONE', #1819, #5777, #629, .T. ) ;
#7077 = ORIENTED_EDGE ( 'NONE', *, *, #2331, .T. ) ;
#7078 = ORIENTED_EDGE ( 'NONE', *, *, #276, .F. ) ;
#7079 = CARTESIAN_POINT ( 'NONE',  ( 0.0000000000000000000, 0.0000000000000000000, -2.149999999999999900 ) ) ;
#7080 = DIRECTION ( 'NONE',  ( -1.000000000000000000, 0.0000000000000000000, 0.0000000000000000000 ) ) ;
#7081 =( NAMED_UNIT ( * ) SI_UNIT ( $, .STERADIAN. ) SOLID_ANGLE_UNIT ( ) );
#7082 = FILL_AREA_STYLE ('',( #3694 ) ) ;
#7083 = EDGE_CURVE ( 'NONE', #351, #604, #2142, .T. ) ;
#7084 =( GEOMETRIC_REPRESENTATION_CONTEXT ( 3 ) GLOBAL_UNCERTAINTY_ASSIGNED_CONTEXT ( ( #5967 ) ) GLOBAL_UNIT_ASSIGNED_CONTEXT ( ( #6871, #102, #4647 ) ) REPRESENTATION_CONTEXT ( 'NONE', 'WORKASPACE' ) );
#7085 = ORIENTED_EDGE ( 'NONE', *, *, #355, .F. ) ;
#7086 = CARTESIAN_POINT ( 'NONE',  ( -6.999999999999995600, -24.60000000000565000, 3.523828854547614400 ) ) ;
#7087 = CARTESIAN_POINT ( 'NONE',  ( -39.00000000000000700, 23.20000000000001700, -0.6500000000000000200 ) ) ;
#7088 = CARTESIAN_POINT ( 'NONE',  ( -50.00000000000000700, 23.20000000000001700, -2.149999999999999900 ) ) ;
#7089 = PLANE ( 'NONE',  #5054 ) ;
#7090 = SURFACE_STYLE_USAGE ( .BOTH. , #7211 ) ;
#7091 = STYLED_ITEM ( 'NONE', ( #1300 ), #2020 ) ;
#7092 = UNCERTAINTY_MEASURE_WITH_UNIT (LENGTH_MEASURE( 1.000000000000000100E-005 ), #6553, 'distance_accuracy_value', 'NONE');
#7093 = VECTOR ( 'NONE', #6067, 1000.000000000000000 ) ;
#7094 = EDGE_CURVE ( 'NONE', #2827, #3398, #6442, .T. ) ;
#7095 = DIRECTION ( 'NONE',  ( -1.000000000000000000, 0.0000000000000000000, 0.0000000000000000000 ) ) ;
#7096 = DIRECTION ( 'NONE',  ( 0.0000000000000000000, 0.0000000000000000000, 1.000000000000000000 ) ) ;
#7097 =( NAMED_UNIT ( * ) SI_UNIT ( $, .STERADIAN. ) SOLID_ANGLE_UNIT ( ) );
#7098 = STYLED_ITEM ( 'NONE', ( #6590 ), #4981 ) ;
#7099 = PRESENTATION_STYLE_ASSIGNMENT (( #2744 ) ) ;
#7100 = SURFACE_SIDE_STYLE ('',( #5364 ) ) ;
#7101 = SURFACE_STYLE_USAGE ( .BOTH. , #2013 ) ;
#7102 =( NAMED_UNIT ( * ) SI_UNIT ( $, .STERADIAN. ) SOLID_ANGLE_UNIT ( ) );
#7103 = ORIENTED_EDGE ( 'NONE', *, *, #4957, .T. ) ;
#7104 = CARTESIAN_POINT ( 'NONE',  ( 39.99999999999998600, 17.20000000000000600, -0.6500000000000008000 ) ) ;
#7105 = DIRECTION ( 'NONE',  ( 0.0000000000000000000, -1.000000000000000000, 0.0000000000000000000 ) ) ;
#7106 = LINE ( 'NONE', #3576, #5940 ) ;
#7107 =( GEOMETRIC_REPRESENTATION_CONTEXT ( 3 ) GLOBAL_UNCERTAINTY_ASSIGNED_CONTEXT ( ( #2852 ) ) GLOBAL_UNIT_ASSIGNED_CONTEXT ( ( #5255, #186, #6541 ) ) REPRESENTATION_CONTEXT ( 'NONE', 'WORKASPACE' ) );
#7108 = ADVANCED_FACE ( 'NONE', ( #802 ), #5743, .F. ) ;
#7109 = VERTEX_POINT ( 'NONE', #6709 ) ;
#7110 = CARTESIAN_POINT ( 'NONE',  ( -39.00000000000000700, 23.45000000000000300, 4.850000000000000500 ) ) ;
#7111 = MECHANICAL_DESIGN_GEOMETRIC_PRESENTATION_REPRESENTATION (  '', ( #924 ), #2957 ) ;
#7112 = EDGE_CURVE ( 'NONE', #2986, #4776, #7227, .T. ) ;
#7113 = EDGE_CURVE ( 'NONE', #2972, #4308, #4427, .T. ) ;
#7114 = STYLED_ITEM ( 'NONE', ( #1112 ), #3176 ) ;
#7115 = DIRECTION ( 'NONE',  ( 0.0000000000000000000, -0.0000000000000000000, 1.000000000000000000 ) ) ;
#7116 =( NAMED_UNIT ( * ) SI_UNIT ( $, .STERADIAN. ) SOLID_ANGLE_UNIT ( ) );
#7117 = CARTESIAN_POINT ( 'NONE',  ( 35.99999999999999300, -27.00000000000001100, -2.149999999999999900 ) ) ;
#7118 = ORIENTED_EDGE ( 'NONE', *, *, #1024, .T. ) ;
#7119 = EDGE_LOOP ( 'NONE', ( #6005, #4052 ) ) ;
#7120 = UNCERTAINTY_MEASURE_WITH_UNIT (LENGTH_MEASURE( 1.000000000000000100E-005 ), #5626, 'distance_accuracy_value', 'NONE');
#7121 = CARTESIAN_POINT ( 'NONE',  ( 39.00000000000000700, 17.20000000000000300, -3.850000000000000500 ) ) ;
#7122 = AXIS2_PLACEMENT_3D ( 'NONE', #7013, #3278, #6052 ) ;
#7123 = DIRECTION ( 'NONE',  ( 1.000000000000000000, -1.284980352575413200E-016, -0.0000000000000000000 ) ) ;
#7124 = EDGE_LOOP ( 'NONE', ( #69, #3816 ) ) ;
#7125 = FILL_AREA_STYLE_COLOUR ( '', #3648 ) ;
#7126 = LINE ( 'NONE', #5313, #4147 ) ;
#7127 = VERTEX_POINT ( 'NONE', #5036 ) ;
#7128 =( NAMED_UNIT ( * ) SI_UNIT ( $, .STERADIAN. ) SOLID_ANGLE_UNIT ( ) );
#7129 = ORIENTED_EDGE ( 'NONE', *, *, #5, .F. ) ;
#7130 = VECTOR ( 'NONE', #5622, 1000.000000000000000 ) ;
#7131 = CARTESIAN_POINT ( 'NONE',  ( -25.01499999999999000, -28.19999999999999600, -13.29999999999999900 ) ) ;
#7132 =( LENGTH_UNIT ( ) NAMED_UNIT ( * ) SI_UNIT ( .MILLI., .METRE. ) );
#7133 = CARTESIAN_POINT ( 'NONE',  ( -30.09499999999998800, -28.19999999999999600, -13.29999999999999900 ) ) ;
#7134 = ORIENTED_EDGE ( 'NONE', *, *, #6942, .F. ) ;
#7135 = CYLINDRICAL_SURFACE ( 'NONE', #5759, 1.000000000000000900 ) ;
#7136 = FACE_OUTER_BOUND ( 'NONE', #2407, .T. ) ;
#7137 = DIRECTION ( 'NONE',  ( -4.462311192223297300E-016, 1.000000000000000000, -0.0000000000000000000 ) ) ;
#7138 = CARTESIAN_POINT ( 'NONE',  ( 7.000000000000000900, -22.57080197071194000, 3.831896257177512600 ) ) ;
#7139 = ADVANCED_FACE ( 'NONE', ( #2923 ), #1658, .F. ) ;
#7140 = DIRECTION ( 'NONE',  ( 0.0000000000000000000, 0.0000000000000000000, -1.000000000000000000 ) ) ;
#7141 = CARTESIAN_POINT ( 'NONE',  ( -50.00000000000000700, 16.20000000000001700, -0.6500000000000008000 ) ) ;
#7142 = COLOUR_RGB ( '',1.000000000000000000, 1.000000000000000000, 1.000000000000000000 ) ;
#7143 = ORIENTED_EDGE ( 'NONE', *, *, #5699, .T. ) ;
#7144 = FACE_OUTER_BOUND ( 'NONE', #3698, .T. ) ;
#7145 = FILL_AREA_STYLE ('',( #4362 ) ) ;
#7146 =( NAMED_UNIT ( * ) SI_UNIT ( $, .STERADIAN. ) SOLID_ANGLE_UNIT ( ) );
#7147 = DIRECTION ( 'NONE',  ( -1.284980352575413200E-016, -1.000000000000000000, 0.0000000000000000000 ) ) ;
#7148 = ORIENTED_EDGE ( 'NONE', *, *, #2420, .T. ) ;
#7149 =( GEOMETRIC_REPRESENTATION_CONTEXT ( 3 ) GLOBAL_UNCERTAINTY_ASSIGNED_CONTEXT ( ( #1569 ) ) GLOBAL_UNIT_ASSIGNED_CONTEXT ( ( #2651, #4928, #976 ) ) REPRESENTATION_CONTEXT ( 'NONE', 'WORKASPACE' ) );
#7150 = VECTOR ( 'NONE', #2987, 1000.000000000000000 ) ;
#7151 = FILL_AREA_STYLE ('',( #3792 ) ) ;
#7152 = COLOUR_RGB ( '',1.000000000000000000, 1.000000000000000000, 1.000000000000000000 ) ;
#7153 = SURFACE_STYLE_USAGE ( .BOTH. , #2653 ) ;
#7154 = EDGE_LOOP ( 'NONE', ( #3265, #1889 ) ) ;
#7155 = DIRECTION ( 'NONE',  ( -1.000000000000000000, -3.469446951953587000E-015, 0.0000000000000000000 ) ) ;
#7156 = FACE_OUTER_BOUND ( 'NONE', #4294, .T. ) ;
#7157 =( GEOMETRIC_REPRESENTATION_CONTEXT ( 3 ) GLOBAL_UNCERTAINTY_ASSIGNED_CONTEXT ( ( #6732 ) ) GLOBAL_UNIT_ASSIGNED_CONTEXT ( ( #5587, #1072, #3300 ) ) REPRESENTATION_CONTEXT ( 'NONE', 'WORKASPACE' ) );
#7158 = CARTESIAN_POINT ( 'NONE',  ( 39.99999999999998600, 17.20000000000000300, -5.350000000000000500 ) ) ;
#7159 = DIRECTION ( 'NONE',  ( 1.000000000000000000, 0.0000000000000000000, 0.0000000000000000000 ) ) ;
#7160 = VERTEX_POINT ( 'NONE', #545 ) ;
#7161 = FILL_AREA_STYLE ('',( #4397 ) ) ;
#7162 = ORIENTED_EDGE ( 'NONE', *, *, #3503, .F. ) ;
#7163 = ORIENTED_EDGE ( 'NONE', *, *, #5301, .F. ) ;
#7164 = ORIENTED_EDGE ( 'NONE', *, *, #537, .F. ) ;
#7165 = MECHANICAL_DESIGN_GEOMETRIC_PRESENTATION_REPRESENTATION (  '', ( #6412 ), #223 ) ;
#7166 = FILL_AREA_STYLE_COLOUR ( '', #6220 ) ;
#7167 = CARTESIAN_POINT ( 'NONE',  ( 36.10000000000000100, -24.17999999999999300, -0.5999999999999999800 ) ) ;
#7168 = DIRECTION ( 'NONE',  ( 0.0000000000000000000, 0.0000000000000000000, 1.000000000000000000 ) ) ;
#7169 = CARTESIAN_POINT ( 'NONE',  ( 16.00000000000000000, -24.00000000000000000, -0.7999999999999999300 ) ) ;
#7170 = CARTESIAN_POINT ( 'NONE',  ( -38.90000000000003400, 25.99999999999998900, 3.799999999999999800 ) ) ;
#7171 = EDGE_CURVE ( 'NONE', #3326, #252, #1256, .T. ) ;
#7172 = VERTEX_POINT ( 'NONE', #4496 ) ;
#7173 = ADVANCED_FACE ( 'NONE', ( #5576 ), #6176, .F. ) ;
#7174 = FACE_OUTER_BOUND ( 'NONE', #2814, .T. ) ;
#7175 =( LENGTH_UNIT ( ) NAMED_UNIT ( * ) SI_UNIT ( .MILLI., .METRE. ) );
#7176 = CARTESIAN_POINT ( 'NONE',  ( -6.123233995736759400E-016, -18.99999999999999600, -0.7999999999999999300 ) ) ;
#7177 = CARTESIAN_POINT ( 'NONE',  ( -50.00000000000000700, 16.70000000000001700, -0.6500000000000008000 ) ) ;
#7178 = DIRECTION ( 'NONE',  ( -1.000000000000000000, 0.0000000000000000000, 0.0000000000000000000 ) ) ;
#7179 = FACE_OUTER_BOUND ( 'NONE', #1364, .T. ) ;
#7180 = CARTESIAN_POINT ( 'NONE',  ( 38.99999999999997200, 22.20000000000000300, -0.6499999999999999100 ) ) ;
#7181 =( GEOMETRIC_REPRESENTATION_CONTEXT ( 3 ) GLOBAL_UNCERTAINTY_ASSIGNED_CONTEXT ( ( #6780 ) ) GLOBAL_UNIT_ASSIGNED_CONTEXT ( ( #4681, #5778, #2410 ) ) REPRESENTATION_CONTEXT ( 'NONE', 'WORKASPACE' ) );
#7182 = ORIENTED_EDGE ( 'NONE', *, *, #1193, .T. ) ;
#7183 = LINE ( 'NONE', #4786, #1367 ) ;
#7184 = DIRECTION ( 'NONE',  ( -1.000000000000000000, 0.0000000000000000000, 0.0000000000000000000 ) ) ;
#7185 = CARTESIAN_POINT ( 'NONE',  ( 39.00000000000000000, -25.99999999999999600, -2.649999999999999500 ) ) ;
#7186 = STYLED_ITEM ( 'NONE', ( #6767 ), #5424 ) ;
#7187 = ORIENTED_EDGE ( 'NONE', *, *, #4138, .T. ) ;
#7188 = DIRECTION ( 'NONE',  ( 0.0000000000000000000, 0.0000000000000000000, -1.000000000000000000 ) ) ;
#7189 = DIRECTION ( 'NONE',  ( 1.000000000000000000, 0.0000000000000000000, -0.0000000000000000000 ) ) ;
#7190 = VECTOR ( 'NONE', #2774, 1000.000000000000000 ) ;
#7191 = EDGE_CURVE ( 'NONE', #1446, #1624, #7059, .T. ) ;
#7192 = ORIENTED_EDGE ( 'NONE', *, *, #1526, .T. ) ;
#7193 = PRESENTATION_STYLE_ASSIGNMENT (( #6023 ) ) ;
#7194 = PRESENTATION_STYLE_ASSIGNMENT (( #5765 ) ) ;
#7195 = ORIENTED_EDGE ( 'NONE', *, *, #6864, .F. ) ;
#7196 = CARTESIAN_POINT ( 'NONE',  ( 38.99999999999998600, -19.55000000000000800, 1.899999999999999900 ) ) ;
#7197 = EDGE_LOOP ( 'NONE', ( #548, #5067, #1006, #7143 ) ) ;
#7198 = AXIS2_PLACEMENT_3D ( 'NONE', #6525, #3139, #7095 ) ;
#7199 = EDGE_CURVE ( 'NONE', #76, #3405, #5042, .T. ) ;
#7200 = FILL_AREA_STYLE ('',( #2590 ) ) ;
#7201 = STYLED_ITEM ( 'NONE', ( #78 ), #3406 ) ;
#7202 = AXIS2_PLACEMENT_3D ( 'NONE', #1054, #2732, #6098 ) ;
#7203 = EDGE_CURVE ( 'NONE', #7060, #657, #6528, .T. ) ;
#7204 = VECTOR ( 'NONE', #5867, 1000.000000000000000 ) ;
#7205 = ORIENTED_EDGE ( 'NONE', *, *, #1655, .T. ) ;
#7206 = ORIENTED_EDGE ( 'NONE', *, *, #2273, .T. ) ;
#7207 = DIRECTION ( 'NONE',  ( 1.000000000000000000, -1.284980352575413200E-016, 0.0000000000000000000 ) ) ;
#7208 = ADVANCED_FACE ( 'NONE', ( #540 ), #3393, .F. ) ;
#7209 = MECHANICAL_DESIGN_GEOMETRIC_PRESENTATION_REPRESENTATION (  '', ( #6081 ), #6465 ) ;
#7210 = EDGE_LOOP ( 'NONE', ( #4890, #723, #7085, #3124 ) ) ;
#7211 = SURFACE_SIDE_STYLE ('',( #6112 ) ) ;
#7212 = VERTEX_POINT ( 'NONE', #4552 ) ;
#7213 = SURFACE_SIDE_STYLE ('',( #5105 ) ) ;
#7214 = ORIENTED_EDGE ( 'NONE', *, *, #3580, .T. ) ;
#7215 = MECHANICAL_DESIGN_GEOMETRIC_PRESENTATION_REPRESENTATION (  '', ( #6086 ), #288 ) ;
#7216 = CARTESIAN_POINT ( 'NONE',  ( 24.75999999999999100, -28.19999999999999600, -13.29999999999999900 ) ) ;
#7217 = PLANE ( 'NONE',  #3301 ) ;
#7218 = EDGE_CURVE ( 'NONE', #2764, #7127, #7310, .T. ) ;
#7219 = CYLINDRICAL_SURFACE ( 'NONE', #369, 0.2549999999999982800 ) ;
#7220 = COLOUR_RGB ( '',0.7921568627450980000, 0.8196078431372548800, 0.9333333333333333500 ) ;
#7221 = VECTOR ( 'NONE', #1036, 1000.000000000000000 ) ;
#7222 = EDGE_CURVE ( 'NONE', #5066, #927, #4333, .T. ) ;
#7223 = AXIS2_PLACEMENT_3D ( 'NONE', #1542, #4930, #977 ) ;
#7224 = CARTESIAN_POINT ( 'NONE',  ( -39.00000000000000000, 27.00000000000000400, -2.149999999999999900 ) ) ;
#7225 = CARTESIAN_POINT ( 'NONE',  ( -39.30000000000000400, -25.99999999999998600, -2.149999999999999900 ) ) ;
#7226 = FILL_AREA_STYLE_COLOUR ( '', #1041 ) ;
#7227 = LINE ( 'NONE', #5555, #4248 ) ;
#7228 = AXIS2_PLACEMENT_3D ( 'NONE', #4264, #317, #3692 ) ;
#7229 = ORIENTED_EDGE ( 'NONE', *, *, #3316, .F. ) ;
#7230 = LINE ( 'NONE', #5229, #1258 ) ;
#7231 = DIRECTION ( 'NONE',  ( -0.0000000000000000000, 0.0000000000000000000, -1.000000000000000000 ) ) ;
#7232 = CARTESIAN_POINT ( 'NONE',  ( -32.10000000000000100, 27.00000000000000400, 4.850000000000000500 ) ) ;
#7233 = LINE ( 'NONE', #3094, #2756 ) ;
#7234 = VECTOR ( 'NONE', #1798, 1000.000000000000000 ) ;
#7235 = AXIS2_PLACEMENT_3D ( 'NONE', #4628, #660, #4035 ) ;
#7236 = DIRECTION ( 'NONE',  ( 1.000000000000000000, -1.284980352575413200E-016, -0.0000000000000000000 ) ) ;
#7237 = ORIENTED_EDGE ( 'NONE', *, *, #3695, .F. ) ;
#7238 = DIRECTION ( 'NONE',  ( -1.000000000000000000, 0.0000000000000000000, 0.0000000000000000000 ) ) ;
#7239 =( LENGTH_UNIT ( ) NAMED_UNIT ( * ) SI_UNIT ( .MILLI., .METRE. ) );
#7240 = SURFACE_STYLE_FILL_AREA ( #4024 ) ;
#7241 = EDGE_LOOP ( 'NONE', ( #6174, #1026, #1813, #4801 ) ) ;
#7242 = PRESENTATION_LAYER_ASSIGNMENT (  '', '', ( #5826 ) ) ;
#7243 = ADVANCED_FACE ( 'NONE', ( #1330 ), #3628, .T. ) ;
#7244 = ORIENTED_EDGE ( 'NONE', *, *, #4198, .F. ) ;
#7245 = CARTESIAN_POINT ( 'NONE',  ( -19.67999999999998900, -28.19999999999999900, 0.2000000000000000900 ) ) ;
#7246 = EDGE_CURVE ( 'NONE', #4923, #6917, #5133, .T. ) ;
#7247 =( NAMED_UNIT ( * ) PLANE_ANGLE_UNIT ( ) SI_UNIT ( $, .RADIAN. ) );
#7248 = PRESENTATION_LAYER_ASSIGNMENT (  '', '', ( #325 ) ) ;
#7249 = DIRECTION ( 'NONE',  ( -1.000000000000000000, -0.0000000000000000000, -0.0000000000000000000 ) ) ;
#7250 = UNCERTAINTY_MEASURE_WITH_UNIT (LENGTH_MEASURE( 1.000000000000000100E-005 ), #5401, 'distance_accuracy_value', 'NONE');
#7251 = EDGE_LOOP ( 'NONE', ( #504, #2500, #4917, #5935 ) ) ;
#7252 =( NAMED_UNIT ( * ) PLANE_ANGLE_UNIT ( ) SI_UNIT ( $, .RADIAN. ) );
#7253 = DIRECTION ( 'NONE',  ( -0.0000000000000000000, -0.0000000000000000000, -1.000000000000000000 ) ) ;
#7254 = STYLED_ITEM ( 'NONE', ( #6365 ), #4239 ) ;
#7255 = VECTOR ( 'NONE', #6655, 1000.000000000000000 ) ;
#7256 = FILL_AREA_STYLE_COLOUR ( '', #3750 ) ;
#7257 = DIRECTION ( 'NONE',  ( 1.000000000000000000, 0.0000000000000000000, 0.0000000000000000000 ) ) ;
#7258 =( LENGTH_UNIT ( ) NAMED_UNIT ( * ) SI_UNIT ( .MILLI., .METRE. ) );
#7259 = LINE ( 'NONE', #316, #2782 ) ;
#7260 = DIRECTION ( 'NONE',  ( -0.0000000000000000000, 0.0000000000000000000, -1.000000000000000000 ) ) ;
#7261 = SURFACE_STYLE_FILL_AREA ( #6235 ) ;
#7262 = ORIENTED_EDGE ( 'NONE', *, *, #2679, .T. ) ;
#7263 = ORIENTED_EDGE ( 'NONE', *, *, #5497, .T. ) ;
#7264 = CARTESIAN_POINT ( 'NONE',  ( -40.00000000000000700, 23.45000000000000300, 4.850000000000000500 ) ) ;
#7265 = DIRECTION ( 'NONE',  ( 0.0000000000000000000, -1.000000000000000000, 0.0000000000000000000 ) ) ;
#7266 = LINE ( 'NONE', #4132, #1463 ) ;
#7267 =( NAMED_UNIT ( * ) PLANE_ANGLE_UNIT ( ) SI_UNIT ( $, .RADIAN. ) );
#7268 = EDGE_CURVE ( 'NONE', #2248, #813, #6623, .T. ) ;
#7269 = FACE_OUTER_BOUND ( 'NONE', #6136, .T. ) ;
#7270 = ORIENTED_EDGE ( 'NONE', *, *, #1427, .F. ) ;
#7271 = FACE_OUTER_BOUND ( 'NONE', #6774, .T. ) ;
#7272 = PRESENTATION_STYLE_ASSIGNMENT (( #3132 ) ) ;
#7273 = ADVANCED_FACE ( 'NONE', ( #2134, #2307 ), #5188, .T. ) ;
#7274 = DIRECTION ( 'NONE',  ( 1.000000000000000000, 0.0000000000000000000, 0.0000000000000000000 ) ) ;
#7275 = CARTESIAN_POINT ( 'NONE',  ( -7.000000000000000000, -26.52446768126150900, 3.799999999999999800 ) ) ;
#7276 = ORIENTED_EDGE ( 'NONE', *, *, #4625, .T. ) ;
#7277 = LINE ( 'NONE', #2302, #2979 ) ;
#7278 = UNCERTAINTY_MEASURE_WITH_UNIT (LENGTH_MEASURE( 1.000000000000000100E-005 ), #5030, 'distance_accuracy_value', 'NONE');
#7279 = ORIENTED_EDGE ( 'NONE', *, *, #3046, .F. ) ;
#7280 = PRESENTATION_STYLE_ASSIGNMENT (( #3073 ) ) ;
#7281 = DIRECTION ( 'NONE',  ( 0.0000000000000000000, 0.0000000000000000000, 1.000000000000000000 ) ) ;
#7282 =( LENGTH_UNIT ( ) NAMED_UNIT ( * ) SI_UNIT ( .MILLI., .METRE. ) );
#7283 = CARTESIAN_POINT ( 'NONE',  ( -39.30000000000000400, -25.99999999999998600, -2.649999999999999500 ) ) ;
#7284 = VERTEX_POINT ( 'NONE', #6890 ) ;
#7285 = FILL_AREA_STYLE_COLOUR ( '', #2389 ) ;
#7286 = VERTEX_POINT ( 'NONE', #3501 ) ;
#7287 = EDGE_LOOP ( 'NONE', ( #5206, #1311, #3067, #4391 ) ) ;
#7288 = CYLINDRICAL_SURFACE ( 'NONE', #23, 0.2549999999999982800 ) ;
#7289 = FILL_AREA_STYLE ('',( #6486 ) ) ;
#7290 = DIRECTION ( 'NONE',  ( 0.0000000000000000000, 0.0000000000000000000, -1.000000000000000000 ) ) ;
#7291 = CARTESIAN_POINT ( 'NONE',  ( 35.99999999999999300, -24.37999999999999200, -2.149999999999999900 ) ) ;
#7292 = SURFACE_STYLE_FILL_AREA ( #6364 ) ;
#7293 = ORIENTED_EDGE ( 'NONE', *, *, #6475, .T. ) ;
#7294 = STYLED_ITEM ( 'NONE', ( #873 ), #973 ) ;
#7295 = STYLED_ITEM ( 'NONE', ( #2203 ), #3796 ) ;
#7296 = PRESENTATION_STYLE_ASSIGNMENT (( #3332 ) ) ;
#7297 = ORIENTED_EDGE ( 'NONE', *, *, #2697, .T. ) ;
#7298 = SURFACE_SIDE_STYLE ('',( #4293 ) ) ;
#7299 =( NAMED_UNIT ( * ) PLANE_ANGLE_UNIT ( ) SI_UNIT ( $, .RADIAN. ) );
#7300 = CARTESIAN_POINT ( 'NONE',  ( 35.99999999999997900, -25.49999999999999600, 1.899999999999999900 ) ) ;
#7301 = CARTESIAN_POINT ( 'NONE',  ( -35.79999999999999700, -29.99999999999998600, -0.5999999999999999800 ) ) ;
#7302 = DIRECTION ( 'NONE',  ( 0.0000000000000000000, -1.000000000000000000, 0.0000000000000000000 ) ) ;
#7303 = VERTEX_POINT ( 'NONE', #2931 ) ;
#7304 = FACE_OUTER_BOUND ( 'NONE', #1421, .T. ) ;
#7305 = DIRECTION ( 'NONE',  ( 0.0000000000000000000, 0.0000000000000000000, -1.000000000000000000 ) ) ;
#7306 = EDGE_CURVE ( 'NONE', #2896, #6507, #4952, .T. ) ;
#7307 = VECTOR ( 'NONE', #1084, 1000.000000000000000 ) ;
#7308 = SURFACE_STYLE_USAGE ( .BOTH. , #5291 ) ;
#7309 = DIRECTION ( 'NONE',  ( 0.0000000000000000000, 0.0000000000000000000, -1.000000000000000000 ) ) ;
#7310 = LINE ( 'NONE', #5137, #2835 ) ;
#7311 = SURFACE_STYLE_FILL_AREA ( #292 ) ;
#7312 = PLANE ( 'NONE',  #645 ) ;
#7313 = ORIENTED_EDGE ( 'NONE', *, *, #1964, .F. ) ;
#7314 = LINE ( 'NONE', #3279, #1508 ) ;
#7315 = ADVANCED_FACE ( 'NONE', ( #6432 ), #1264, .T. ) ;
ENDSEC;
END-ISO-10303-21;
